Datum zaúčtování;Datum dokladu;Materiálový doklad;Položka;Závod;Sklad;Materiál;Text materiálu;Skupina materiálu;Druh pohybu;Text druhu pohybu;S/H;Množství;ZMJ;Cena za MJ;Hodnota pohybu;Měna;Výrobní zakázka;Dodavatel;Odběratel;Šarže;Tržba bez DPH;COGS;Režie;Uživatel;Nákladové středisko
05.01.2026;05.01.2026;4900000035;1;1000;0001;1000106;Tlumič gumový 44;Těsnění a guma;101;Příjem zboží na objednávku;S;1151,970;KS;67,12;77320,23;CZK;;Lapp Kabel s.r.o.;;SN1852;;;;NOVAKJ;4010 Nákup
05.01.2026;05.01.2026;4900000043;1;1000;0001;1000107;Profil U 83;Ocel;101;Příjem zboží na objednávku;S;475,260;KG;26,39;12542,11;CZK;;Hilti ČR s.r.o.;;SN9866;;;;KUCERAL;4010 Nákup
05.01.2026;05.01.2026;4900000056;1;2000;0001;1000110;Motor 70 kW;Elektro;101;Příjem zboží na objednávku;S;607,120;KS;215,98;131125,78;CZK;;Alumat s.r.o.;;SN4734;;;;PROCHAZ;4010 Nákup
05.01.2026;05.01.2026;4900000063;1;1000;0001;1000111;Podložka 21;Spojovací materiál;101;Příjem zboží na objednávku;S;155,870;KS;16,00;2493,92;CZK;;ThyssenKrupp Ferrostal;;SN4700;;;;PROCHAZ;4010 Nákup
05.01.2026;05.01.2026;4900000068;1;1000;0001;1000112;Lak polyuretanový RAL 3020;Nátěry a chemie;101;Příjem zboží na objednávku;S;1740,770;L;246,57;429221,66;CZK;;ABB s.r.o.;;SN6214;;;;PROCHAZ;4010 Nákup
05.01.2026;05.01.2026;4900000080;1;1000;0001;1000114;Jekl 107x107x78;Ocel;101;Příjem zboží na objednávku;S;813,050;KG;20,98;17057,79;CZK;;Trelleborg Bohemia;;SN1526;;;;PROCHAZ;4010 Nákup
05.01.2026;05.01.2026;4900000104;1;1000;0001;1000118;Kolík 35x36;Spojovací materiál;101;Příjem zboží na objednávku;S;1168,930;KS;6,62;7738,32;CZK;;Ferona a.s.;;SN7352;;;;HORAKT;4010 Nákup
05.01.2026;05.01.2026;4900000107;1;2000;0001;1000119;Ředidlo S11;Nátěry a chemie;101;Příjem zboží na objednávku;S;202,750;L;174,34;35347,43;CZK;;Hennlich s.r.o.;;SN4907;;;;NOVAKJ;4010 Nákup
05.01.2026;05.01.2026;4900000115;1;2000;0001;1000121;Jekl 97x97x38;Ocel;101;Příjem zboží na objednávku;S;1807,960;KG;29,43;53208,26;CZK;;Killich s.r.o.;;SN3498;;;;CERNAT;4010 Nákup
05.01.2026;05.01.2026;4900000119;1;2000;0001;1000121;Jekl 97x97x38;Ocel;101;Příjem zboží na objednávku;S;1248,810;KG;29,43;36752,48;CZK;;Haberkorn s.r.o.;;SN1712;;;;CERNAT;4010 Nákup
05.01.2026;05.01.2026;4900000134;1;2000;0001;1000123;Granulát ABS 76;Plasty;101;Příjem zboží na objednávku;S;1306,450;KG;48,36;63179,92;CZK;;ArcelorMittal Distribution;;SN4342;;;;VESELAM;4010 Nákup
05.01.2026;05.01.2026;4900000156;1;2000;0001;1000128;Tyč kruhová 75 mm;Ocel;101;Příjem zboží na objednávku;S;785,340;KG;24,82;19492,14;CZK;;Metalšrot Tlumačov;;SN2590;;;;CERNAT;4010 Nákup
05.01.2026;05.01.2026;4900000159;1;2000;0001;1000128;Tyč kruhová 75 mm;Ocel;101;Příjem zboží na objednávku;S;1153,930;KG;24,82;28640,54;CZK;;Plastika Nitra a.s.;;SN1622;;;;KUCERAL;4010 Nákup
05.01.2026;05.01.2026;4900000163;1;1000;0001;1000129;Profil Al 107x59;Hliník;101;Příjem zboží na objednávku;S;2188,770;KG;63,91;139884,29;CZK;;Plastika Nitra a.s.;;SN6631;;;;CERNAT;4010 Nákup
05.01.2026;05.01.2026;4900000180;1;2000;0001;1000132;Matice M34;Spojovací materiál;101;Příjem zboží na objednávku;S;98,340;KS;7,13;701,16;CZK;;Bibus s.r.o.;;SN8085;;;;CERNAT;4010 Nákup
05.01.2026;05.01.2026;4900000181;1;2000;0001;1000132;Matice M34;Spojovací materiál;101;Příjem zboží na objednávku;S;410,230;KS;7,13;2924,94;CZK;;Colorlak a.s.;;SN4494;;;;HORAKT;4010 Nákup
05.01.2026;05.01.2026;4900000216;1;1000;0001;1000139;Nýt 46x36;Spojovací materiál;101;Příjem zboží na objednávku;S;453,560;KS;4,20;1904,95;CZK;;Haberkorn s.r.o.;;SN7469;;;;HORAKT;4010 Nákup
05.01.2026;05.01.2026;4900000217;1;1000;0001;1000139;Nýt 46x36;Spojovací materiál;101;Příjem zboží na objednávku;S;528,140;KS;4,20;2218,19;CZK;;ABB s.r.o.;;SN6883;;;;VESELAM;4010 Nákup
05.01.2026;05.01.2026;4900000231;1;2000;0001;1000141;Těsnění ploché 77 mm;Těsnění a guma;101;Příjem zboží na objednávku;S;556,430;KS;20,01;11134,16;CZK;;Alumat s.r.o.;;SN2471;;;;KUCERAL;4010 Nákup
05.01.2026;05.01.2026;4900000240;1;2000;0001;1000143;Plech Al 68 mm;Hliník;101;Příjem zboží na objednávku;S;719,000;KG;76,77;55197,63;CZK;;Plastika Nitra a.s.;;SN1383;;;;NOVAKJ;4010 Nákup
05.01.2026;05.01.2026;4900000256;1;1000;0001;1000145;Stykač 108 A;Elektro;101;Příjem zboží na objednávku;S;177,100;KS;646,65;114521,71;CZK;;Colorlak a.s.;;SN2342;;;;SVOBODM;4010 Nákup
05.01.2026;05.01.2026;4900000280;1;2000;0001;1000149;Trubka ocelová 66x16;Ocel;101;Příjem zboží na objednávku;S;1605,310;KG;25,21;40469,87;CZK;;Haberkorn s.r.o.;;SN5618;;;;DVORAKP;4010 Nákup
05.01.2026;05.01.2026;4900000311;1;1000;0001;1000155;Těsnění ploché 95 mm;Těsnění a guma;101;Příjem zboží na objednávku;S;1175,410;KS;30,84;36249,64;CZK;;Haberkorn s.r.o.;;SN4368;;;;SVOBODM;4010 Nákup
05.01.2026;05.01.2026;4900000320;1;2000;0001;1000157;Trubka Al 95 mm;Hliník;101;Příjem zboží na objednávku;S;1050,490;KG;85,98;90321,13;CZK;;Rubena a.s.;;SN5395;;;;PROCHAZ;4010 Nákup
05.01.2026;05.01.2026;4900000327;1;2000;0001;1000158;Deska PP 31 mm;Plasty;101;Příjem zboží na objednávku;S;1720,930;KG;75,68;130239,98;CZK;;Bibus s.r.o.;;SN3288;;;;CERNAT;4010 Nákup
05.01.2026;05.01.2026;4900000374;1;1000;0001;1000166;Motor 76 kW;Elektro;101;Příjem zboží na objednávku;S;197,570;KS;333,01;65792,79;CZK;;ArcelorMittal Distribution;;SN7636;;;;DVORAKP;4010 Nákup
05.01.2026;05.01.2026;4900000382;1;1000;0001;1000167;Nýt 105x50;Spojovací materiál;101;Příjem zboží na objednávku;S;1033,400;KS;10,11;10447,67;CZK;;Ferona a.s.;;SN3787;;;;HORAKT;4010 Nákup
05.01.2026;05.01.2026;4900000421;1;1000;0001;1000174;Nýt 118x78;Spojovací materiál;101;Příjem zboží na objednávku;S;1135,670;KS;11,72;13310,05;CZK;;Hilti ČR s.r.o.;;SN6106;;;;VESELAM;4010 Nákup
05.01.2026;05.01.2026;4900000424;1;1000;0001;1000174;Nýt 118x78;Spojovací materiál;101;Příjem zboží na objednávku;S;273,440;KS;11,72;3204,72;CZK;;Alumat s.r.o.;;SN2162;;;;KUCERAL;4010 Nákup
05.01.2026;05.01.2026;4900000444;1;2000;0001;1000177;Plech ocelový 91 mm;Ocel;101;Příjem zboží na objednávku;S;1513,520;KG;41,14;62266,21;CZK;;Alumat s.r.o.;;SN4230;;;;SVOBODM;4010 Nákup
05.01.2026;05.01.2026;4900000450;1;1000;0001;1000178;Profil Al 34x34;Hliník;101;Příjem zboží na objednávku;S;1088,500;KG;74,24;80810,24;CZK;;Hilti ČR s.r.o.;;SN8562;;;;HORAKT;4010 Nákup
05.01.2026;05.01.2026;4900000477;1;1000;0001;1000183;O-kroužek 107 mm;Těsnění a guma;101;Příjem zboží na objednávku;S;613,600;KS;51,09;31348,82;CZK;;Bibus s.r.o.;;SN4082;;;;CERNAT;4010 Nákup
05.01.2026;05.01.2026;4900000490;1;2000;0001;1000186;Deska PP 63 mm;Plasty;101;Příjem zboží na objednávku;S;1062,100;KG;66,21;70321,64;CZK;;Rubena a.s.;;SN3186;;;;PROCHAZ;4010 Nákup
05.01.2026;05.01.2026;4900000498;1;1000;0001;1000188;Kolík 68x10;Spojovací materiál;101;Příjem zboží na objednávku;S;312,870;KS;8,82;2759,51;CZK;;Lapp Kabel s.r.o.;;SN4435;;;;CERNAT;4010 Nákup
05.01.2026;05.01.2026;4900000505;1;2000;0001;1000189;Lak polyuretanový RAL 6011;Nátěry a chemie;101;Příjem zboží na objednávku;S;839,430;L;322,32;270565,08;CZK;;Schneider Electric CZ;;SN6707;;;;KUCERAL;4010 Nákup
05.01.2026;05.01.2026;4900000520;1;1000;0001;1000192;Plech Al 70 mm;Hliník;101;Příjem zboží na objednávku;S;1733,450;KG;121,62;210822,19;CZK;;Siemens s.r.o.;;SN3910;;;;NOVAKJ;4010 Nákup
05.01.2026;05.01.2026;4900000527;1;1000;0001;1000193;Deska PE 67 mm;Plasty;101;Příjem zboží na objednávku;S;1338,610;KG;87,82;117556,73;CZK;;Rubena a.s.;;SN9091;;;;NOVAKJ;4010 Nákup
05.01.2026;05.01.2026;4900000529;1;1000;0001;1000193;Deska PE 67 mm;Plasty;101;Příjem zboží na objednávku;S;806,780;KG;87,82;70851,42;CZK;;Hilti ČR s.r.o.;;SN1838;;;;NOVAKJ;4010 Nákup
05.01.2026;05.01.2026;4900000536;1;2000;0001;1000195;Kolík 20x27;Spojovací materiál;101;Příjem zboží na objednávku;S;506,880;KS;15,97;8094,87;CZK;;Killich s.r.o.;;SN7049;;;;NOVAKJ;4010 Nákup
05.01.2026;05.01.2026;4900000556;1;2000;0001;1000198;Trubka ocelová 56x45;Ocel;101;Příjem zboží na objednávku;S;2031,320;KG;20,95;42556,15;CZK;;ArcelorMittal Distribution;;SN9110;;;;PROCHAZ;4010 Nákup
05.01.2026;05.01.2026;4900000567;1;1000;0001;1000200;Deska PE 42 mm;Plasty;101;Příjem zboží na objednávku;S;1259,210;KG;93,92;118265,00;CZK;;Haberkorn s.r.o.;;SN2006;;;;SVOBODM;4010 Nákup
05.01.2026;05.01.2026;4900000572;1;1000;0001;1000200;Deska PE 42 mm;Plasty;101;Příjem zboží na objednávku;S;972,620;KG;93,92;91348,47;CZK;;Bossard CZ s.r.o.;;SN7653;;;;SVOBODM;4010 Nákup
05.01.2026;05.01.2026;4900000576;1;1000;0001;1000201;Motor 5 kW;Elektro;101;Příjem zboží na objednávku;S;247,380;KS;658,47;162892,31;CZK;;Ferona a.s.;;SN7189;;;;KUCERAL;4010 Nákup
05.01.2026;05.01.2026;4900000581;1;2000;0001;1000202;Kolík 46x32;Spojovací materiál;101;Příjem zboží na objednávku;S;233,840;KS;2,81;657,09;CZK;;Plastika Nitra a.s.;;SN6084;;;;NOVAKJ;4010 Nákup
05.01.2026;05.01.2026;4900000621;1;1000;0001;1000209;Matice M37;Spojovací materiál;101;Příjem zboží na objednávku;S;913,690;KS;14,07;12855,62;CZK;;ABB s.r.o.;;SN6801;;;;KUCERAL;4010 Nákup
05.01.2026;05.01.2026;4900000638;1;1000;0001;1000213;Plech Al 20 mm;Hliník;101;Příjem zboží na objednávku;S;1020,310;KG;115,47;117815,20;CZK;;Rubena a.s.;;SN8594;;;;PROCHAZ;4010 Nákup
05.01.2026;05.01.2026;4900000641;1;2000;0001;1000214;Deska PP 15 mm;Plasty;101;Příjem zboží na objednávku;S;1544,110;KG;65,47;101092,88;CZK;;Hilti ČR s.r.o.;;SN5069;;;;PROCHAZ;4010 Nákup
05.01.2026;05.01.2026;4900000643;1;2000;0001;1000215;Motor 73 kW;Elektro;101;Příjem zboží na objednávku;S;936,000;KS;175,44;164211,84;CZK;;Elektro Cabel CZ;;SN3707;;;;VESELAM;4010 Nákup
05.01.2026;05.01.2026;4900000658;1;1000;0001;1000216;Podložka 26;Spojovací materiál;101;Příjem zboží na objednávku;S;562,810;KS;12,61;7097,03;CZK;;Ferona a.s.;;SN2255;;;;KUCERAL;4010 Nákup
05.01.2026;05.01.2026;4900000664;1;1000;0001;1000218;Manžeta 40x54;Těsnění a guma;101;Příjem zboží na objednávku;S;116,290;KS;53,05;6169,18;CZK;;Killich s.r.o.;;SN5631;;;;NOVAKJ;4010 Nákup
05.01.2026;05.01.2026;4900000665;1;1000;0001;1000218;Manžeta 40x54;Těsnění a guma;101;Příjem zboží na objednávku;S;319,600;KS;53,05;16954,78;CZK;;ESSA Czech;;SN3180;;;;CERNAT;4010 Nákup
05.01.2026;05.01.2026;4900000676;1;1000;0001;1000220;Plech Al 60 mm;Hliník;101;Příjem zboží na objednávku;S;946,690;KG;117,61;111340,21;CZK;;Bossard CZ s.r.o.;;SN6007;;;;DVORAKP;4010 Nákup
05.01.2026;05.01.2026;4900000679;1;2000;0001;1000221;Deska PE 117 mm;Plasty;101;Příjem zboží na objednávku;S;833,400;KG;58,15;48462,21;CZK;;Hennlich s.r.o.;;SN3290;;;;NOVAKJ;4010 Nákup
05.01.2026;05.01.2026;4900000687;1;1000;0001;1000223;Šroub M2x48;Spojovací materiál;101;Příjem zboží na objednávku;S;436,770;KS;10,18;4446,32;CZK;;Hilti ČR s.r.o.;;SN9652;;;;VESELAM;4010 Nákup
05.01.2026;05.01.2026;4900000710;1;1000;0001;1000227;Profil Al 118x69;Hliník;101;Příjem zboží na objednávku;S;833,930;KG;60,93;50811,35;CZK;;Hilti ČR s.r.o.;;SN6706;;;;SVOBODM;4010 Nákup
05.01.2026;05.01.2026;4900000731;1;1000;0001;1000230;Kolík 14x73;Spojovací materiál;101;Příjem zboží na objednávku;S;80,340;KS;9,78;785,73;CZK;;Rubena a.s.;;SN8869;;;;HORAKT;4010 Nákup
05.01.2026;05.01.2026;4900000816;1;2000;0001;1000245;Ředidlo S51;Nátěry a chemie;101;Příjem zboží na objednávku;S;1016,920;L;96,37;98000,58;CZK;;ABB s.r.o.;;SN3882;;;;SVOBODM;4010 Nákup
05.01.2026;05.01.2026;4900000872;1;2000;0001;1000255;Trubka Al 111 mm;Hliník;101;Příjem zboží na objednávku;S;1717,310;KG;114,47;196580,48;CZK;;ESSA Czech;;SN5667;;;;PROCHAZ;4010 Nákup
05.01.2026;05.01.2026;4900000899;1;1000;0001;1000260;Těsnění ploché 87 mm;Těsnění a guma;101;Příjem zboží na objednávku;S;847,340;KS;22,51;19073,62;CZK;;Plastika Nitra a.s.;;SN7629;;;;SVOBODM;4010 Nákup
05.01.2026;05.01.2026;4900000907;1;2000;0001;1000262;Plech Al 68 mm;Hliník;101;Příjem zboží na objednávku;S;1340,280;KG;60,20;80684,86;CZK;;Colorlak a.s.;;SN2157;;;;DVORAKP;4010 Nákup
05.01.2026;05.01.2026;4900000925;1;1000;0001;1000265;Šroub M101x50;Spojovací materiál;101;Příjem zboží na objednávku;S;826,560;KS;0,76;628,19;CZK;;Fabory CZ;;SN8041;;;;NOVAKJ;4010 Nákup
05.01.2026;05.01.2026;4900000938;1;1000;0001;1000268;Tyč kruhová 82 mm;Ocel;101;Příjem zboží na objednávku;S;888,220;KG;20,79;18466,09;CZK;;ABB s.r.o.;;SN7221;;;;PROCHAZ;4010 Nákup
05.01.2026;05.01.2026;4900000944;1;1000;0001;1000270;Granulát PA6 87;Plasty;101;Příjem zboží na objednávku;S;581,400;KG;90,82;52802,75;CZK;;PPG Deco Czech;;SN9252;;;;KUCERAL;4010 Nákup
05.01.2026;05.01.2026;4900000945;1;1000;0001;1000270;Granulát PA6 87;Plasty;101;Příjem zboží na objednávku;S;266,410;KG;90,82;24195,36;CZK;;Schneider Electric CZ;;SN1856;;;;VESELAM;4010 Nákup
05.01.2026;05.01.2026;4900000947;1;1000;0001;1000270;Granulát PA6 87;Plasty;101;Příjem zboží na objednávku;S;1970,320;KG;90,82;178944,46;CZK;;Plastika Nitra a.s.;;SN5389;;;;KUCERAL;4010 Nákup
05.01.2026;05.01.2026;4900000958;1;2000;0001;1000272;Šroub M28x22;Spojovací materiál;101;Příjem zboží na objednávku;S;722,880;KS;8,82;6375,80;CZK;;Resinex CZ s.r.o.;;SN6647;;;;SVOBODM;4010 Nákup
05.01.2026;05.01.2026;4900000960;1;1000;0001;1000273;Lak polyuretanový RAL 3020;Nátěry a chemie;101;Příjem zboží na objednávku;S;1744,230;L;292,88;510850,08;CZK;;Haberkorn s.r.o.;;SN2374;;;;PROCHAZ;4010 Nákup
05.01.2026;05.01.2026;4900000962;1;1000;0001;1000273;Lak polyuretanový RAL 3020;Nátěry a chemie;101;Příjem zboží na objednávku;S;1697,540;L;292,88;497175,52;CZK;;Resinex CZ s.r.o.;;SN8563;;;;CERNAT;4010 Nákup
05.01.2026;05.01.2026;4900000969;1;1000;0001;1000274;Těsnění ploché 75 mm;Těsnění a guma;101;Příjem zboží na objednávku;S;732,140;KS;26,80;19621,35;CZK;;Resinex CZ s.r.o.;;SN4880;;;;VESELAM;4010 Nákup
05.01.2026;05.01.2026;4900000978;1;1000;0001;1000276;Profil Al 96x51;Hliník;101;Příjem zboží na objednávku;S;511,160;KG;80,22;41005,26;CZK;;Metalšrot Tlumačov;;SN1675;;;;CERNAT;4010 Nákup
05.01.2026;05.01.2026;4900000982;1;1000;0001;1000277;Granulát ABS 15;Plasty;101;Příjem zboží na objednávku;S;547,060;KG;36,41;19918,45;CZK;;Elektro Cabel CZ;;SN2447;;;;NOVAKJ;4010 Nákup
05.01.2026;05.01.2026;4900000997;1;2000;0001;1000280;Lak polyuretanový RAL 5010;Nátěry a chemie;101;Příjem zboží na objednávku;S;651,560;L;269,15;175367,37;CZK;;Alumat s.r.o.;;SN2310;;;;KUCERAL;4010 Nákup
05.01.2026;05.01.2026;4900001003;1;2000;0001;1000281;Manžeta 90x49;Těsnění a guma;101;Příjem zboží na objednávku;S;165,020;KS;32,59;5378,00;CZK;;Plastika Nitra a.s.;;SN4897;;;;PROCHAZ;4010 Nákup
05.01.2026;05.01.2026;4900001019;1;1000;0001;1000284;Granulát PA6 17;Plasty;101;Příjem zboží na objednávku;S;279,050;KG;68,56;19131,67;CZK;;Hilti ČR s.r.o.;;SN6836;;;;CERNAT;4010 Nákup
05.01.2026;05.01.2026;4900001022;1;1000;0001;1000284;Granulát PA6 17;Plasty;101;Příjem zboží na objednávku;S;748,430;KG;68,56;51312,36;CZK;;Hennlich s.r.o.;;SN3303;;;;KUCERAL;4010 Nákup
05.01.2026;05.01.2026;4900001056;1;2000;0001;1000291;Deska PP 108 mm;Plasty;101;Příjem zboží na objednávku;S;2094,970;KG;68,24;142960,75;CZK;;Siemens s.r.o.;;SN6260;;;;HORAKT;4010 Nákup
05.01.2026;05.01.2026;4900001090;1;2000;0001;1000296;Plech ocelový 110 mm;Ocel;101;Příjem zboží na objednávku;S;879,760;KG;44,46;39114,13;CZK;;Fabory CZ;;SN5849;;;;DVORAKP;4010 Nákup
05.01.2026;05.01.2026;4900001099;1;1000;0001;1000297;Trubka Al 64 mm;Hliník;101;Příjem zboží na objednávku;S;1448,350;KG;101,55;147079,94;CZK;;Alumat s.r.o.;;SN4876;;;;DVORAKP;4010 Nákup
05.01.2026;05.01.2026;4900001101;1;1000;0001;1000297;Trubka Al 64 mm;Hliník;101;Příjem zboží na objednávku;S;205,440;KG;101,55;20862,43;CZK;;Bibus s.r.o.;;SN2892;;;;DVORAKP;4010 Nákup
05.01.2026;05.01.2026;4900001130;1;2000;0001;1000303;Tyč kruhová 68 mm;Ocel;101;Příjem zboží na objednávku;S;1928,580;KG;35,56;68580,30;CZK;;ArcelorMittal Distribution;;SN2410;;;;CERNAT;4010 Nákup
05.01.2026;05.01.2026;4900001139;1;2000;0001;1000304;Plech Al 29 mm;Hliník;101;Příjem zboží na objednávku;S;2172,200;KG;84,08;182638,58;CZK;;Fabory CZ;;SN6602;;;;VESELAM;4010 Nákup
05.01.2026;05.01.2026;4900001177;1;1000;0001;1000311;Profil Al 93x76;Hliník;101;Příjem zboží na objednávku;S;270,880;KG;92,87;25156,63;CZK;;Elektro Cabel CZ;;SN6175;;;;NOVAKJ;4010 Nákup
05.01.2026;05.01.2026;4900001189;1;1000;0001;1000313;Kabel CYKY 66x55;Elektro;101;Příjem zboží na objednávku;S;681,370;KS;566,73;386152,82;CZK;;Trelleborg Bohemia;;SN7459;;;;NOVAKJ;4010 Nákup
05.01.2026;05.01.2026;4900001196;1;1000;0001;1000315;Ředidlo S67;Nátěry a chemie;101;Příjem zboží na objednávku;S;1358,570;L;248,62;337767,67;CZK;;Hilti ČR s.r.o.;;SN6002;;;;PROCHAZ;4010 Nákup
05.01.2026;05.01.2026;4900001197;1;1000;0001;1000315;Ředidlo S67;Nátěry a chemie;101;Příjem zboží na objednávku;S;397,150;L;248,62;98739,43;CZK;;ABB s.r.o.;;SN5377;;;;VESELAM;4010 Nákup
05.01.2026;05.01.2026;4900001210;1;1000;0001;1000316;Tlumič gumový 7;Těsnění a guma;101;Příjem zboží na objednávku;S;744,940;KS;67,08;49970,58;CZK;;Fabory CZ;;SN9115;;;;VESELAM;4010 Nákup
05.01.2026;05.01.2026;4900001217;1;2000;0001;1000318;Plech Al 86 mm;Hliník;101;Příjem zboží na objednávku;S;726,890;KG;63,81;46382,85;CZK;;Schneider Electric CZ;;SN6179;;;;DVORAKP;4010 Nákup
05.01.2026;05.01.2026;4900001221;1;2000;0001;1000318;Plech Al 86 mm;Hliník;101;Příjem zboží na objednávku;S;1391,590;KG;63,81;88797,36;CZK;;Wurth s.r.o.;;SN2612;;;;KUCERAL;4010 Nákup
05.01.2026;05.01.2026;4900001225;1;1000;0001;1000319;Granulát PA6 44;Plasty;101;Příjem zboží na objednávku;S;2020,540;KG;71,64;144751,49;CZK;;Killich s.r.o.;;SN7693;;;;KUCERAL;4010 Nákup
05.01.2026;05.01.2026;4900001246;1;1000;0001;1000323;O-kroužek 81 mm;Těsnění a guma;101;Příjem zboží na objednávku;S;118,690;KS;15,08;1789,85;CZK;;Rubena a.s.;;SN8840;;;;SVOBODM;4010 Nákup
05.01.2026;05.01.2026;4900001249;1;1000;0001;1000324;Profil U 62;Ocel;101;Příjem zboží na objednávku;S;552,800;KG;40,88;22598,46;CZK;;PPG Deco Czech;;SN8284;;;;KUCERAL;4010 Nákup
05.01.2026;05.01.2026;4900001250;1;1000;0001;1000324;Profil U 62;Ocel;101;Příjem zboží na objednávku;S;1755,720;KG;40,88;71773,83;CZK;;Siemens s.r.o.;;SN3923;;;;VESELAM;4010 Nákup
05.01.2026;05.01.2026;4900001257;1;1000;0001;1000326;Deska PE 12 mm;Plasty;101;Příjem zboží na objednávku;S;1533,030;KG;79,39;121707,25;CZK;;Elektro Cabel CZ;;SN8488;;;;PROCHAZ;4010 Nákup
05.01.2026;05.01.2026;4900001279;1;2000;0001;1000329;Lak polyuretanový RAL 3020;Nátěry a chemie;101;Příjem zboží na objednávku;S;1719,730;L;156,30;268793,80;CZK;;Rubena a.s.;;SN9388;;;;PROCHAZ;4010 Nákup
05.01.2026;05.01.2026;4900001285;1;2000;0001;1000330;O-kroužek 39 mm;Těsnění a guma;101;Příjem zboží na objednávku;S;515,350;KS;18,43;9497,90;CZK;;Wurth s.r.o.;;SN2432;;;;DVORAKP;4010 Nákup
05.01.2026;05.01.2026;4900001289;1;2000;0001;1000331;Tyč kruhová 92 mm;Ocel;101;Příjem zboží na objednávku;S;740,620;KG;40,62;30083,98;CZK;;Lapp Kabel s.r.o.;;SN8892;;;;NOVAKJ;4010 Nákup
05.01.2026;05.01.2026;4900001305;1;2000;0001;1000334;Stykač 101 A;Elektro;101;Příjem zboží na objednávku;S;228,420;KS;740,62;169172,42;CZK;;Haberkorn s.r.o.;;SN9913;;;;PROCHAZ;4010 Nákup
05.01.2026;05.01.2026;4900001321;1;1000;0001;1000338;Jekl 47x47x4;Ocel;101;Příjem zboží na objednávku;S;927,470;KG;41,33;38332,34;CZK;;Siemens s.r.o.;;SN4260;;;;KUCERAL;4010 Nákup
05.01.2026;05.01.2026;4900001326;1;1000;0001;1000339;Profil Al 7x33;Hliník;101;Příjem zboží na objednávku;S;1190,980;KG;91,34;108784,11;CZK;;Siemens s.r.o.;;SN2428;;;;PROCHAZ;4010 Nákup
05.01.2026;05.01.2026;4900001348;1;2000;0001;1000343;Odmašťovač RAL 5010;Nátěry a chemie;101;Příjem zboží na objednávku;S;814,660;L;156,59;127567,61;CZK;;Plastika Nitra a.s.;;SN5256;;;;NOVAKJ;4010 Nákup
05.01.2026;05.01.2026;4900001349;1;2000;0001;1000343;Odmašťovač RAL 5010;Nátěry a chemie;101;Příjem zboží na objednávku;S;1206,930;L;156,59;188993,17;CZK;;Ferona a.s.;;SN8745;;;;KUCERAL;4010 Nákup
05.01.2026;05.01.2026;4900001366;1;2000;0001;1000345;Tyč kruhová 110 mm;Ocel;101;Příjem zboží na objednávku;S;1070,900;KG;36,23;38798,71;CZK;;Plastika Nitra a.s.;;SN4406;;;;PROCHAZ;4010 Nákup
05.01.2026;05.01.2026;4900001370;1;1000;0001;1000346;Trubka Al 104 mm;Hliník;101;Příjem zboží na objednávku;S;1723,370;KG;119,78;206425,26;CZK;;Hilti ČR s.r.o.;;SN8361;;;;PROCHAZ;4010 Nákup
05.01.2026;05.01.2026;4900001377;1;2000;0001;1000348;Motor 108 kW;Elektro;101;Příjem zboží na objednávku;S;273,970;KS;739,67;202647,39;CZK;;Elektro Cabel CZ;;SN7463;;;;PROCHAZ;4010 Nákup
05.01.2026;05.01.2026;4900001389;1;2000;0001;1000350;Lak polyuretanový RAL 3020;Nátěry a chemie;101;Příjem zboží na objednávku;S;2165,270;L;261,99;567279,09;CZK;;Elektro Cabel CZ;;SN4358;;;;CERNAT;4010 Nákup
05.01.2026;05.01.2026;4900001401;1;1000;0001;1000353;Trubka Al 94 mm;Hliník;101;Příjem zboží na objednávku;S;1381,940;KG;92,49;127815,63;CZK;;Ferona a.s.;;SN2539;;;;DVORAKP;4010 Nákup
05.01.2026;05.01.2026;4900001418;1;2000;0001;1000356;Podložka 42;Spojovací materiál;101;Příjem zboží na objednávku;S;920,100;KS;4,27;3928,83;CZK;;Haberkorn s.r.o.;;SN5501;;;;KUCERAL;4010 Nákup
05.01.2026;05.01.2026;4900001421;1;2000;0001;1000357;Ředidlo S101;Nátěry a chemie;101;Příjem zboží na objednávku;S;1685,790;L;181,43;305852,88;CZK;;Fabory CZ;;SN9103;;;;CERNAT;4010 Nákup
05.01.2026;05.01.2026;4900001437;1;1000;0001;1000360;Profil Al 39x48;Hliník;101;Příjem zboží na objednávku;S;184,430;KG;81,97;15117,73;CZK;;Fabory CZ;;SN5371;;;;CERNAT;4010 Nákup
05.01.2026;05.01.2026;4900001438;1;1000;0001;1000360;Profil Al 39x48;Hliník;101;Příjem zboží na objednávku;S;1270,620;KG;81,97;104152,72;CZK;;Rubena a.s.;;SN5183;;;;CERNAT;4010 Nákup
05.01.2026;05.01.2026;4900001439;1;1000;0001;1000360;Profil Al 39x48;Hliník;101;Příjem zboží na objednávku;S;870,380;KG;81,97;71345,05;CZK;;Lapp Kabel s.r.o.;;SN5206;;;;PROCHAZ;4010 Nákup
05.01.2026;05.01.2026;4900001448;1;2000;0001;1000361;Deska PP 28 mm;Plasty;101;Příjem zboží na objednávku;S;1329,710;KG;68,57;91178,21;CZK;;ThyssenKrupp Ferrostal;;SN5420;;;;CERNAT;4010 Nákup
05.01.2026;05.01.2026;4900001455;1;2000;0001;1000363;Kolík 119x35;Spojovací materiál;101;Příjem zboží na objednávku;S;1068,300;KS;5,72;6110,68;CZK;;Wurth s.r.o.;;SN4465;;;;NOVAKJ;4010 Nákup
05.01.2026;05.01.2026;4900001458;1;2000;0001;1000363;Kolík 119x35;Spojovací materiál;101;Příjem zboží na objednávku;S;220,990;KS;5,72;1264,06;CZK;;Ferona a.s.;;SN9812;;;;HORAKT;4010 Nákup
05.01.2026;05.01.2026;4900001467;1;1000;0001;1000365;O-kroužek 119 mm;Těsnění a guma;101;Příjem zboží na objednávku;S;778,250;KS;65,35;50858,64;CZK;;Bossard CZ s.r.o.;;SN8019;;;;VESELAM;4010 Nákup
05.01.2026;05.01.2026;4900001498;1;2000;0001;1000369;Kabel CYKY 69x15;Elektro;101;Příjem zboží na objednávku;S;1038,000;KS;47,42;49221,96;CZK;;Plastika Nitra a.s.;;SN4520;;;;CERNAT;4010 Nákup
05.01.2026;05.01.2026;4900001511;1;1000;0001;1000373;Tyč kruhová 44 mm;Ocel;101;Příjem zboží na objednávku;S;303,580;KG;31,69;9620,45;CZK;;Schneider Electric CZ;;SN5794;;;;PROCHAZ;4010 Nákup
05.01.2026;05.01.2026;4900001528;1;2000;0001;1000376;Kabel CYKY 40x24;Elektro;101;Příjem zboží na objednávku;S;970,930;KS;338,22;328387,94;CZK;;PPG Deco Czech;;SN7909;;;;CERNAT;4010 Nákup
05.01.2026;05.01.2026;4900001539;1;1000;0001;1000377;Kolík 82x4;Spojovací materiál;101;Příjem zboží na objednávku;S;451,250;KS;4,28;1931,35;CZK;;Metalšrot Tlumačov;;SN6584;;;;HORAKT;4010 Nákup
05.01.2026;05.01.2026;4900001545;1;2000;0001;1000378;Základní barva RAL 6011;Nátěry a chemie;101;Příjem zboží na objednávku;S;866,000;L;99,53;86192,98;CZK;;Fabory CZ;;SN5736;;;;KUCERAL;4010 Nákup
05.01.2026;05.01.2026;4900001600;1;1000;0001;1000388;Profil Al 12x37;Hliník;101;Příjem zboží na objednávku;S;1508,790;KG;100,11;151044,97;CZK;;Plastika Nitra a.s.;;SN2252;;;;DVORAKP;4010 Nákup
06.01.2026;06.01.2026;4900000030;1;1000;0001;1000105;Základní barva RAL 5010;Nátěry a chemie;101;Příjem zboží na objednávku;S;1913,820;L;241,85;462857,37;CZK;;Bossard CZ s.r.o.;;SN7318;;;;SVOBODM;4010 Nákup
06.01.2026;06.01.2026;4900000036;1;1000;0001;1000106;Tlumič gumový 44;Těsnění a guma;101;Příjem zboží na objednávku;S;843,940;KS;67,12;56645,25;CZK;;Hennlich s.r.o.;;SN8931;;;;NOVAKJ;4010 Nákup
06.01.2026;06.01.2026;4900000138;1;1000;0001;1000124;Motor 43 kW;Elektro;101;Příjem zboží na objednávku;S;494,340;KS;477,15;235874,33;CZK;;Resinex CZ s.r.o.;;SN2267;;;;NOVAKJ;4010 Nákup
06.01.2026;06.01.2026;4900000189;1;1000;0001;1000134;Těsnění ploché 105 mm;Těsnění a guma;101;Příjem zboží na objednávku;S;1147,080;KS;31,91;36603,32;CZK;;Bossard CZ s.r.o.;;SN6471;;;;HORAKT;4010 Nákup
06.01.2026;06.01.2026;4900000199;1;2000;0001;1000136;Trubka Al 19 mm;Hliník;101;Příjem zboží na objednávku;S;1036,770;KG;71,14;73755,82;CZK;;ArcelorMittal Distribution;;SN1872;;;;DVORAKP;4010 Nákup
06.01.2026;06.01.2026;4900000221;1;2000;0001;1000140;Lak polyuretanový RAL 3020;Nátěry a chemie;101;Příjem zboží na objednávku;S;1792,720;L;129,92;232910,18;CZK;;Plastika Nitra a.s.;;SN5376;;;;VESELAM;4010 Nákup
06.01.2026;06.01.2026;4900000228;1;2000;0001;1000141;Těsnění ploché 77 mm;Těsnění a guma;101;Příjem zboží na objednávku;S;1170,680;KS;20,01;23425,31;CZK;;Metalšrot Tlumačov;;SN4055;;;;VESELAM;4010 Nákup
06.01.2026;06.01.2026;4900000253;1;1000;0001;1000145;Stykač 108 A;Elektro;101;Příjem zboží na objednávku;S;584,550;KS;646,65;377999,26;CZK;;Wurth s.r.o.;;SN6194;;;;DVORAKP;4010 Nákup
06.01.2026;06.01.2026;4900000285;1;2000;0001;1000151;Granulát PA6 7;Plasty;101;Příjem zboží na objednávku;S;1708,980;KG;48,47;82834,26;CZK;;ESSA Czech;;SN9244;;;;PROCHAZ;4010 Nákup
06.01.2026;06.01.2026;4900000315;1;2000;0001;1000156;Trubka ocelová 22x42;Ocel;101;Příjem zboží na objednávku;S;1505,290;KG;38,26;57592,40;CZK;;Lapp Kabel s.r.o.;;SN3163;;;;VESELAM;4010 Nákup
06.01.2026;06.01.2026;4900000340;1;1000;0001;1000160;Podložka 6;Spojovací materiál;101;Příjem zboží na objednávku;S;780,400;KS;7,02;5478,41;CZK;;Trelleborg Bohemia;;SN5857;;;;KUCERAL;4010 Nákup
06.01.2026;06.01.2026;4900000411;1;1000;0001;1000172;Deska PE 85 mm;Plasty;101;Příjem zboží na objednávku;S;1324,190;KG;44,67;59151,57;CZK;;Bibus s.r.o.;;SN9219;;;;HORAKT;4010 Nákup
06.01.2026;06.01.2026;4900000452;1;1000;0001;1000179;Granulát ABS 25;Plasty;101;Příjem zboží na objednávku;S;729,070;KG;54,80;39953,04;CZK;;Trelleborg Bohemia;;SN1967;;;;KUCERAL;4010 Nákup
06.01.2026;06.01.2026;4900000537;1;2000;0001;1000195;Kolík 20x27;Spojovací materiál;101;Příjem zboží na objednávku;S;1066,430;KS;15,97;17030,89;CZK;;ABB s.r.o.;;SN9886;;;;VESELAM;4010 Nákup
06.01.2026;06.01.2026;4900000552;1;1000;0001;1000197;Manžeta 47x52;Těsnění a guma;101;Příjem zboží na objednávku;S;88,670;KS;54,17;4803,25;CZK;;Haberkorn s.r.o.;;SN1569;;;;VESELAM;4010 Nákup
06.01.2026;06.01.2026;4900000588;1;1000;0001;1000204;O-kroužek 110 mm;Těsnění a guma;101;Příjem zboží na objednávku;S;992,860;KS;66,61;66134,40;CZK;;Fabory CZ;;SN6790;;;;NOVAKJ;4010 Nákup
06.01.2026;06.01.2026;4900000634;1;1000;0001;1000213;Plech Al 20 mm;Hliník;101;Příjem zboží na objednávku;S;175,110;KG;115,47;20219,95;CZK;;ESSA Czech;;SN7289;;;;SVOBODM;4010 Nákup
06.01.2026;06.01.2026;4900000644;1;2000;0001;1000215;Motor 73 kW;Elektro;101;Příjem zboží na objednávku;S;968,420;KS;175,44;169899,60;CZK;;Plastika Nitra a.s.;;SN7136;;;;DVORAKP;4010 Nákup
06.01.2026;06.01.2026;4900000650;1;2000;0001;1000215;Motor 73 kW;Elektro;101;Příjem zboží na objednávku;S;397,830;KS;175,44;69795,30;CZK;;Resinex CZ s.r.o.;;SN8465;;;;PROCHAZ;4010 Nákup
06.01.2026;06.01.2026;4900000653;1;1000;0001;1000216;Podložka 26;Spojovací materiál;101;Příjem zboží na objednávku;S;877,110;KS;12,61;11060,36;CZK;;Alumat s.r.o.;;SN3552;;;;NOVAKJ;4010 Nákup
06.01.2026;06.01.2026;4900000709;1;2000;0001;1000226;Profil U 4;Ocel;101;Příjem zboží na objednávku;S;2046,190;KG;27,36;55983,76;CZK;;Fabory CZ;;SN5208;;;;VESELAM;4010 Nákup
06.01.2026;06.01.2026;4900000740;1;1000;0001;1000232;O-kroužek 61 mm;Těsnění a guma;101;Příjem zboží na objednávku;S;1025,320;KS;8,12;8325,60;CZK;;Ferona a.s.;;SN7350;;;;DVORAKP;4010 Nákup
06.01.2026;06.01.2026;4900000790;1;2000;0001;1000240;Profil U 62;Ocel;101;Příjem zboží na objednávku;S;879,390;KG;20,67;18176,99;CZK;;Ferona a.s.;;SN1305;;;;VESELAM;4010 Nákup
06.01.2026;06.01.2026;4900000799;1;2000;0001;1000241;Plech Al 66 mm;Hliník;101;Příjem zboží na objednávku;S;841,110;KG;98,14;82546,54;CZK;;Schneider Electric CZ;;SN7029;;;;SVOBODM;4010 Nákup
06.01.2026;06.01.2026;4900000829;1;1000;0001;1000247;Profil U 55;Ocel;101;Příjem zboží na objednávku;S;807,420;KG;23,08;18635,25;CZK;;Schneider Electric CZ;;SN3854;;;;CERNAT;4010 Nákup
06.01.2026;06.01.2026;4900000830;1;1000;0001;1000247;Profil U 55;Ocel;101;Příjem zboží na objednávku;S;823,610;KG;23,08;19008,92;CZK;;Haberkorn s.r.o.;;SN6115;;;;DVORAKP;4010 Nákup
06.01.2026;06.01.2026;4900000834;1;1000;0001;1000248;Trubka Al 51 mm;Hliník;101;Příjem zboží na objednávku;S;1836,520;KG;67,47;123910,00;CZK;;Lapp Kabel s.r.o.;;SN9279;;;;HORAKT;4010 Nákup
06.01.2026;06.01.2026;4900000912;1;2000;0001;1000262;Plech Al 68 mm;Hliník;101;Příjem zboží na objednávku;S;1047,220;KG;60,20;63042,64;CZK;;Wurth s.r.o.;;SN4175;;;;DVORAKP;4010 Nákup
06.01.2026;06.01.2026;4900000991;1;2000;0001;1000279;Šroub M112x31;Spojovací materiál;101;Příjem zboží na objednávku;S;262,080;KS;9,52;2495,00;CZK;;Elektro Cabel CZ;;SN1051;;;;VESELAM;4010 Nákup
06.01.2026;06.01.2026;4900000993;1;2000;0001;1000280;Lak polyuretanový RAL 5010;Nátěry a chemie;101;Příjem zboží na objednávku;S;1636,890;L;269,15;440568,94;CZK;;Wurth s.r.o.;;SN9096;;;;DVORAKP;4010 Nákup
06.01.2026;06.01.2026;4900001027;1;2000;0001;1000285;Čidlo indukční 55 mm;Elektro;101;Příjem zboží na objednávku;S;818,740;KS;424,53;347579,69;CZK;;Resinex CZ s.r.o.;;SN1388;;;;HORAKT;4010 Nákup
06.01.2026;06.01.2026;4900001058;1;2000;0001;1000291;Deska PP 108 mm;Plasty;101;Příjem zboží na objednávku;S;191,720;KG;68,24;13082,97;CZK;;Wurth s.r.o.;;SN6911;;;;PROCHAZ;4010 Nákup
06.01.2026;06.01.2026;4900001072;1;1000;0001;1000293;Matice M3;Spojovací materiál;101;Příjem zboží na objednávku;S;1176,590;KS;10,49;12342,43;CZK;;Lapp Kabel s.r.o.;;SN9152;;;;HORAKT;4010 Nákup
06.01.2026;06.01.2026;4900001135;1;2000;0001;1000303;Tyč kruhová 68 mm;Ocel;101;Příjem zboží na objednávku;S;1479,280;KG;35,56;52603,20;CZK;;Bibus s.r.o.;;SN8964;;;;PROCHAZ;4010 Nákup
06.01.2026;06.01.2026;4900001182;1;2000;0001;1000312;Granulát PA6 89;Plasty;101;Příjem zboží na objednávku;S;238,220;KG;55,27;13166,42;CZK;;Fabory CZ;;SN4743;;;;NOVAKJ;4010 Nákup
06.01.2026;06.01.2026;4900001205;1;1000;0001;1000316;Tlumič gumový 7;Těsnění a guma;101;Příjem zboží na objednávku;S;179,830;KS;67,08;12063,00;CZK;;ThyssenKrupp Ferrostal;;SN1410;;;;PROCHAZ;4010 Nákup
06.01.2026;06.01.2026;4900001227;1;2000;0001;1000320;Motor 37 kW;Elektro;101;Příjem zboží na objednávku;S;1178,110;KS;281,93;332144,55;CZK;;Bibus s.r.o.;;SN2484;;;;VESELAM;4010 Nákup
06.01.2026;06.01.2026;4900001255;1;2000;0001;1000325;Trubka Al 2 mm;Hliník;101;Příjem zboží na objednávku;S;1579,820;KG;72,94;115232,07;CZK;;Hennlich s.r.o.;;SN5138;;;;DVORAKP;4010 Nákup
06.01.2026;06.01.2026;4900001290;1;2000;0001;1000331;Tyč kruhová 92 mm;Ocel;101;Příjem zboží na objednávku;S;579,080;KG;40,62;23522,23;CZK;;Metalšrot Tlumačov;;SN1280;;;;SVOBODM;4010 Nákup
06.01.2026;06.01.2026;4900001301;1;1000;0001;1000333;Deska PE 40 mm;Plasty;101;Příjem zboží na objednávku;S;1421,830;KG;43,58;61963,35;CZK;;Hilti ČR s.r.o.;;SN2513;;;;CERNAT;4010 Nákup
06.01.2026;06.01.2026;4900001360;1;2000;0001;1000344;Tlumič gumový 31;Těsnění a guma;101;Příjem zboží na objednávku;S;930,450;KS;11,20;10421,04;CZK;;Fabory CZ;;SN1440;;;;PROCHAZ;4010 Nákup
06.01.2026;06.01.2026;4900001369;1;1000;0001;1000346;Trubka Al 104 mm;Hliník;101;Příjem zboží na objednávku;S;896,470;KG;119,78;107379,18;CZK;;ABB s.r.o.;;SN9450;;;;KUCERAL;4010 Nákup
06.01.2026;06.01.2026;4900001387;1;2000;0001;1000349;Podložka 13;Spojovací materiál;101;Příjem zboží na objednávku;S;94,190;KS;13,44;1265,91;CZK;;Fabory CZ;;SN6374;;;;VESELAM;4010 Nákup
06.01.2026;06.01.2026;4900001419;1;2000;0001;1000356;Podložka 42;Spojovací materiál;101;Příjem zboží na objednávku;S;1177,630;KS;4,27;5028,48;CZK;;Lapp Kabel s.r.o.;;SN6289;;;;CERNAT;4010 Nákup
06.01.2026;06.01.2026;4900001426;1;2000;0001;1000358;Tlumič gumový 49;Těsnění a guma;101;Příjem zboží na objednávku;S;699,030;KS;45,51;31812,86;CZK;;ThyssenKrupp Ferrostal;;SN2836;;;;HORAKT;4010 Nákup
06.01.2026;06.01.2026;4900001451;1;2000;0001;1000362;Frekvenční měnič 17 kW;Elektro;101;Příjem zboží na objednávku;S;680,610;KS;512,26;348649,28;CZK;;Hennlich s.r.o.;;SN2435;;;;VESELAM;4010 Nákup
06.01.2026;06.01.2026;4900001491;1;1000;0001;1000368;Deska PE 52 mm;Plasty;101;Příjem zboží na objednávku;S;1692,350;KG;65,30;110510,45;CZK;;Fabory CZ;;SN9503;;;;CERNAT;4010 Nákup
06.01.2026;06.01.2026;4900001496;1;2000;0001;1000369;Kabel CYKY 69x15;Elektro;101;Příjem zboží na objednávku;S;804,930;KS;47,42;38169,78;CZK;;Siemens s.r.o.;;SN1395;;;;SVOBODM;4010 Nákup
06.01.2026;06.01.2026;4900001515;1;1000;0001;1000374;Plech Al 115 mm;Hliník;101;Příjem zboží na objednávku;S;1778,260;KG;66,46;118183,16;CZK;;Wurth s.r.o.;;SN2520;;;;VESELAM;4010 Nákup
06.01.2026;06.01.2026;4900001534;1;1000;0001;1000377;Kolík 82x4;Spojovací materiál;101;Příjem zboží na objednávku;S;1113,840;KS;4,28;4767,24;CZK;;Ferona a.s.;;SN3523;;;;KUCERAL;4010 Nákup
06.01.2026;06.01.2026;4900001596;1;1000;0001;1000388;Profil Al 12x37;Hliník;101;Příjem zboží na objednávku;S;345,720;KG;100,11;34610,03;CZK;;Metalšrot Tlumačov;;SN6193;;;;DVORAKP;4010 Nákup
06.01.2026;06.01.2026;4900001647;1;2000;0001;1000398;Šroub M41x56;Spojovací materiál;101;Příjem zboží na objednávku;S;670,090;KS;14,54;9743,11;CZK;;Hilti ČR s.r.o.;;SN6714;;;;HORAKT;4010 Nákup
07.01.2026;07.01.2026;4900000007;1;2000;0001;1000101;Profil Al 82x12;Hliník;101;Příjem zboží na objednávku;S;1938,890;KG;126,57;245405,31;CZK;;PPG Deco Czech;;SN9398;;;;HORAKT;4010 Nákup
07.01.2026;07.01.2026;4900000037;1;1000;0001;1000107;Profil U 83;Ocel;101;Příjem zboží na objednávku;S;735,580;KG;26,39;19411,96;CZK;;Trelleborg Bohemia;;SN8179;;;;CERNAT;4010 Nákup
07.01.2026;07.01.2026;4900000041;1;1000;0001;1000107;Profil U 83;Ocel;101;Příjem zboží na objednávku;S;473,110;KG;26,39;12485,37;CZK;;Elektro Cabel CZ;;SN5384;;;;HORAKT;4010 Nákup
07.01.2026;07.01.2026;4900000078;1;1000;0001;1000114;Jekl 107x107x78;Ocel;101;Příjem zboží na objednávku;S;936,040;KG;20,98;19638,12;CZK;;Wurth s.r.o.;;SN6081;;;;VESELAM;4010 Nákup
07.01.2026;07.01.2026;4900000144;1;2000;0001;1000125;Nýt 106x48;Spojovací materiál;101;Příjem zboží na objednávku;S;840,650;KS;12,18;10239,12;CZK;;Killich s.r.o.;;SN5334;;;;PROCHAZ;4010 Nákup
07.01.2026;07.01.2026;4900000157;1;2000;0001;1000128;Tyč kruhová 75 mm;Ocel;101;Příjem zboží na objednávku;S;1445,670;KG;24,82;35881,53;CZK;;Hennlich s.r.o.;;SN7382;;;;DVORAKP;4010 Nákup
07.01.2026;07.01.2026;4900000196;1;2000;0001;1000135;Jekl 3x3x76;Ocel;101;Příjem zboží na objednávku;S;2098,890;KG;33,76;70858,53;CZK;;Fabory CZ;;SN7369;;;;NOVAKJ;4010 Nákup
07.01.2026;07.01.2026;4900000310;1;1000;0001;1000155;Těsnění ploché 95 mm;Těsnění a guma;101;Příjem zboží na objednávku;S;848,940;KS;30,84;26181,31;CZK;;ArcelorMittal Distribution;;SN9746;;;;DVORAKP;4010 Nákup
07.01.2026;07.01.2026;4900000337;1;2000;0001;1000159;Čidlo indukční 23 mm;Elektro;101;Příjem zboží na objednávku;S;335,460;KS;206,10;69138,31;CZK;;PPG Deco Czech;;SN9028;;;;CERNAT;4010 Nákup
07.01.2026;07.01.2026;4900000417;1;2000;0001;1000173;Čidlo indukční 108 mm;Elektro;101;Příjem zboží na objednávku;S;228,950;KS;435,84;99785,57;CZK;;Resinex CZ s.r.o.;;SN9566;;;;SVOBODM;4010 Nákup
07.01.2026;07.01.2026;4900000432;1;1000;0001;1000175;Odmašťovač RAL 7035;Nátěry a chemie;101;Příjem zboží na objednávku;S;1888,730;L;263,16;497038,19;CZK;;Schneider Electric CZ;;SN8248;;;;PROCHAZ;4010 Nákup
07.01.2026;07.01.2026;4900000445;1;2000;0001;1000177;Plech ocelový 91 mm;Ocel;101;Příjem zboží na objednávku;S;1207,950;KG;41,14;49695,06;CZK;;Trelleborg Bohemia;;SN1471;;;;HORAKT;4010 Nákup
07.01.2026;07.01.2026;4900000474;1;1000;0001;1000183;O-kroužek 107 mm;Těsnění a guma;101;Příjem zboží na objednávku;S;468,800;KS;51,09;23950,99;CZK;;Metalšrot Tlumačov;;SN2251;;;;KUCERAL;4010 Nákup
07.01.2026;07.01.2026;4900000495;1;1000;0001;1000187;Stykač 3 A;Elektro;101;Příjem zboží na objednávku;S;493,190;KS;249,99;123292,57;CZK;;Resinex CZ s.r.o.;;SN2587;;;;KUCERAL;4010 Nákup
07.01.2026;07.01.2026;4900000582;1;2000;0001;1000202;Kolík 46x32;Spojovací materiál;101;Příjem zboží na objednávku;S;431,440;KS;2,81;1212,35;CZK;;Hilti ČR s.r.o.;;SN4335;;;;SVOBODM;4010 Nákup
07.01.2026;07.01.2026;4900000611;1;1000;0001;1000207;Granulát PA6 54;Plasty;101;Příjem zboží na objednávku;S;327,140;KG;68,70;22474,52;CZK;;Killich s.r.o.;;SN3673;;;;NOVAKJ;4010 Nákup
07.01.2026;07.01.2026;4900000632;1;1000;0001;1000212;Jekl 92x92x7;Ocel;101;Příjem zboží na objednávku;S;527,450;KG;44,23;23329,11;CZK;;Bibus s.r.o.;;SN7824;;;;PROCHAZ;4010 Nákup
07.01.2026;07.01.2026;4900000648;1;2000;0001;1000215;Motor 73 kW;Elektro;101;Příjem zboží na objednávku;S;505,000;KS;175,44;88597,20;CZK;;Wurth s.r.o.;;SN9031;;;;HORAKT;4010 Nákup
07.01.2026;07.01.2026;4900000712;1;1000;0001;1000227;Profil Al 118x69;Hliník;101;Příjem zboží na objednávku;S;1848,540;KG;60,93;112631,54;CZK;;Colorlak a.s.;;SN2662;;;;PROCHAZ;4010 Nákup
07.01.2026;07.01.2026;4900000722;1;2000;0001;1000229;Motor 76 kW;Elektro;101;Příjem zboží na objednávku;S;1013,580;KS;140,38;142286,36;CZK;;Ferona a.s.;;SN3823;;;;NOVAKJ;4010 Nákup
07.01.2026;07.01.2026;4900000748;1;2000;0001;1000233;Trubka ocelová 70x56;Ocel;101;Příjem zboží na objednávku;S;1982,880;KG;20,71;41065,44;CZK;;PPG Deco Czech;;SN8824;;;;SVOBODM;4010 Nákup
07.01.2026;07.01.2026;4900000756;1;1000;0001;1000235;Deska PE 105 mm;Plasty;101;Příjem zboží na objednávku;S;1745,470;KG;73,09;127576,40;CZK;;ArcelorMittal Distribution;;SN6558;;;;VESELAM;4010 Nákup
07.01.2026;07.01.2026;4900000855;1;2000;0001;1000252;Ředidlo S24;Nátěry a chemie;101;Příjem zboží na objednávku;S;1705,800;L;270,93;462152,39;CZK;;Ferona a.s.;;SN5794;;;;DVORAKP;4010 Nákup
07.01.2026;07.01.2026;4900000861;1;1000;0001;1000253;Těsnění ploché 56 mm;Těsnění a guma;101;Příjem zboží na objednávku;S;1119,020;KS;7,50;8392,65;CZK;;Trelleborg Bohemia;;SN5770;;;;KUCERAL;4010 Nákup
07.01.2026;07.01.2026;4900000865;1;2000;0001;1000254;Tyč kruhová 76 mm;Ocel;101;Příjem zboží na objednávku;S;512,300;KG;34,35;17597,50;CZK;;ThyssenKrupp Ferrostal;;SN5885;;;;KUCERAL;4010 Nákup
07.01.2026;07.01.2026;4900001048;1;1000;0001;1000289;Plech ocelový 110 mm;Ocel;101;Příjem zboží na objednávku;S;660,190;KG;23,40;15448,45;CZK;;ESSA Czech;;SN1748;;;;HORAKT;4010 Nákup
07.01.2026;07.01.2026;4900001077;1;1000;0001;1000294;Odmašťovač RAL 6011;Nátěry a chemie;101;Příjem zboží na objednávku;S;245,910;L;303,21;74562,37;CZK;;Haberkorn s.r.o.;;SN7155;;;;PROCHAZ;4010 Nákup
07.01.2026;07.01.2026;4900001146;1;1000;0001;1000306;Motor 8 kW;Elektro;101;Příjem zboží na objednávku;S;1089,950;KS;611,12;666090,24;CZK;;Haberkorn s.r.o.;;SN4299;;;;KUCERAL;4010 Nákup
07.01.2026;07.01.2026;4900001165;1;1000;0001;1000309;Tlumič gumový 24;Těsnění a guma;101;Příjem zboží na objednávku;S;1104,660;KS;42,90;47389,91;CZK;;Alumat s.r.o.;;SN5051;;;;HORAKT;4010 Nákup
07.01.2026;07.01.2026;4900001253;1;2000;0001;1000325;Trubka Al 2 mm;Hliník;101;Příjem zboží na objednávku;S;2164,430;KG;72,94;157873,52;CZK;;Bibus s.r.o.;;SN1345;;;;KUCERAL;4010 Nákup
07.01.2026;07.01.2026;4900001324;1;1000;0001;1000339;Profil Al 7x33;Hliník;101;Příjem zboží na objednávku;S;1280,840;KG;91,34;116991,93;CZK;;Rubena a.s.;;SN9697;;;;CERNAT;4010 Nákup
07.01.2026;07.01.2026;4900001345;1;2000;0001;1000342;Kolík 101x36;Spojovací materiál;101;Příjem zboží na objednávku;S;205,730;KS;0,90;185,16;CZK;;Bossard CZ s.r.o.;;SN4889;;;;SVOBODM;4010 Nákup
07.01.2026;07.01.2026;4900001347;1;2000;0001;1000343;Odmašťovač RAL 5010;Nátěry a chemie;101;Příjem zboží na objednávku;S;858,410;L;156,59;134418,42;CZK;;Fabory CZ;;SN7953;;;;NOVAKJ;4010 Nákup
07.01.2026;07.01.2026;4900001372;1;2000;0001;1000347;Granulát ABS 90;Plasty;101;Příjem zboží na objednávku;S;909,730;KG;65,34;59441,76;CZK;;Fabory CZ;;SN1514;;;;VESELAM;4010 Nákup
07.01.2026;07.01.2026;4900001408;1;2000;0001;1000354;Deska PP 23 mm;Plasty;101;Příjem zboží na objednávku;S;1822,380;KG;92,78;169080,42;CZK;;Bossard CZ s.r.o.;;SN9659;;;;HORAKT;4010 Nákup
07.01.2026;07.01.2026;4900001428;1;2000;0001;1000358;Tlumič gumový 49;Těsnění a guma;101;Příjem zboží na objednávku;S;414,660;KS;45,51;18871,18;CZK;;Siemens s.r.o.;;SN8801;;;;NOVAKJ;4010 Nákup
07.01.2026;07.01.2026;4900001468;1;1000;0001;1000365;O-kroužek 119 mm;Těsnění a guma;101;Příjem zboží na objednávku;S;734,510;KS;65,35;48000,23;CZK;;Killich s.r.o.;;SN4802;;;;VESELAM;4010 Nákup
07.01.2026;07.01.2026;4900001487;1;1000;0001;1000367;Trubka Al 13 mm;Hliník;101;Příjem zboží na objednávku;S;854,760;KG;97,83;83621,17;CZK;;Hilti ČR s.r.o.;;SN2328;;;;PROCHAZ;4010 Nákup
07.01.2026;07.01.2026;4900001493;1;1000;0001;1000368;Deska PE 52 mm;Plasty;101;Příjem zboží na objednávku;S;1306,010;KG;65,30;85282,45;CZK;;Schneider Electric CZ;;SN4949;;;;CERNAT;4010 Nákup
07.01.2026;07.01.2026;4900001574;1;2000;0001;1000384;Matice M24;Spojovací materiál;101;Příjem zboží na objednávku;S;357,510;KS;6,64;2373,87;CZK;;ESSA Czech;;SN2609;;;;VESELAM;4010 Nákup
07.01.2026;07.01.2026;4900001580;1;1000;0001;1000385;Odmašťovač RAL 6011;Nátěry a chemie;101;Příjem zboží na objednávku;S;226,140;L;320,08;72382,89;CZK;;ThyssenKrupp Ferrostal;;SN8693;;;;PROCHAZ;4010 Nákup
07.01.2026;07.01.2026;4900001609;1;2000;0001;1000390;Frekvenční měnič 119 kW;Elektro;101;Příjem zboží na objednávku;S;319,050;KS;680,45;217097,57;CZK;;Rubena a.s.;;SN7184;;;;HORAKT;4010 Nákup
07.01.2026;07.01.2026;4900001616;1;1000;0001;1000391;Kolík 64x14;Spojovací materiál;101;Příjem zboží na objednávku;S;960,750;KS;15,07;14478,50;CZK;;Colorlak a.s.;;SN1099;;;;HORAKT;4010 Nákup
07.01.2026;07.01.2026;4900001624;1;1000;0001;1000393;Manžeta 107x39;Těsnění a guma;101;Příjem zboží na objednávku;S;267,950;KS;30,59;8196,59;CZK;;Haberkorn s.r.o.;;SN6961;;;;SVOBODM;4010 Nákup
07.01.2026;07.01.2026;4900002626;1;2000;0001;1000101;Profil Al 82x12;Hliník;102;Storno příjmu zboží;H;-1938,890;KG;126,57;-245405,31;CZK;;PPG Deco Czech;;SN9398;;;;HORAKT;4010 Nákup
08.01.2026;08.01.2026;4900000053;1;1000;0001;1000109;Granulát PA6 108;Plasty;101;Příjem zboží na objednávku;S;2123,540;KG;65,68;139474,11;CZK;;Fabory CZ;;SN1641;;;;HORAKT;4010 Nákup
08.01.2026;08.01.2026;4900000076;1;1000;0001;1000114;Jekl 107x107x78;Ocel;101;Příjem zboží na objednávku;S;1737,660;KG;20,98;36456,11;CZK;;Alumat s.r.o.;;SN1006;;;;VESELAM;4010 Nákup
08.01.2026;08.01.2026;4900000087;1;1000;0001;1000115;Profil Al 44x37;Hliník;101;Příjem zboží na objednávku;S;1204,810;KG;75,99;91553,51;CZK;;Bibus s.r.o.;;SN6665;;;;VESELAM;4010 Nákup
08.01.2026;08.01.2026;4900000103;1;1000;0001;1000118;Kolík 35x36;Spojovací materiál;101;Příjem zboží na objednávku;S;630,430;KS;6,62;4173,45;CZK;;Rubena a.s.;;SN6264;;;;VESELAM;4010 Nákup
08.01.2026;08.01.2026;4900000112;1;2000;0001;1000120;Těsnění ploché 42 mm;Těsnění a guma;101;Příjem zboží na objednávku;S;352,160;KS;37,41;13174,31;CZK;;Alumat s.r.o.;;SN8376;;;;VESELAM;4010 Nákup
08.01.2026;08.01.2026;4900000132;1;2000;0001;1000123;Granulát ABS 76;Plasty;101;Příjem zboží na objednávku;S;346,210;KG;48,36;16742,72;CZK;;Fabory CZ;;SN4474;;;;KUCERAL;4010 Nákup
08.01.2026;08.01.2026;4900000133;1;2000;0001;1000123;Granulát ABS 76;Plasty;101;Příjem zboží na objednávku;S;1224,190;KG;48,36;59201,83;CZK;;Ferona a.s.;;SN4883;;;;PROCHAZ;4010 Nákup
08.01.2026;08.01.2026;4900000152;1;1000;0001;1000127;Tlumič gumový 51;Těsnění a guma;101;Příjem zboží na objednávku;S;511,320;KS;61,47;31430,84;CZK;;Hennlich s.r.o.;;SN9699;;;;CERNAT;4010 Nákup
08.01.2026;08.01.2026;4900000208;1;2000;0001;1000138;Frekvenční měnič 18 kW;Elektro;101;Příjem zboží na objednávku;S;1144,800;KS;423,21;484490,81;CZK;;Wurth s.r.o.;;SN8607;;;;VESELAM;4010 Nákup
08.01.2026;08.01.2026;4900000288;1;2000;0001;1000151;Granulát PA6 7;Plasty;101;Příjem zboží na objednávku;S;686,060;KG;48,47;33253,33;CZK;;Siemens s.r.o.;;SN4084;;;;CERNAT;4010 Nákup
08.01.2026;08.01.2026;4900000375;1;1000;0001;1000166;Motor 76 kW;Elektro;101;Příjem zboží na objednávku;S;1022,310;KS;333,01;340439,45;CZK;;ESSA Czech;;SN7313;;;;NOVAKJ;4010 Nákup
08.01.2026;08.01.2026;4900000396;1;1000;0001;1000169;O-kroužek 90 mm;Těsnění a guma;101;Příjem zboží na objednávku;S;1042,220;KS;8,34;8692,11;CZK;;Plastika Nitra a.s.;;SN5522;;;;NOVAKJ;4010 Nákup
08.01.2026;08.01.2026;4900000403;1;1000;0001;1000171;Plech Al 110 mm;Hliník;101;Příjem zboží na objednávku;S;286,340;KG;73,80;21131,89;CZK;;Trelleborg Bohemia;;SN9445;;;;SVOBODM;4010 Nákup
08.01.2026;08.01.2026;4900000434;1;1000;0001;1000176;O-kroužek 27 mm;Těsnění a guma;101;Příjem zboží na objednávku;S;1057,920;KS;39,62;41914,79;CZK;;Alumat s.r.o.;;SN9653;;;;CERNAT;4010 Nákup
08.01.2026;08.01.2026;4900000481;1;2000;0001;1000184;Profil U 96;Ocel;101;Příjem zboží na objednávku;S;1404,910;KG;20,09;28224,64;CZK;;Trelleborg Bohemia;;SN9415;;;;KUCERAL;4010 Nákup
08.01.2026;08.01.2026;4900000485;1;1000;0001;1000185;Profil Al 28x35;Hliník;101;Příjem zboží na objednávku;S;1559,070;KG;71,24;111068,15;CZK;;Alumat s.r.o.;;SN6196;;;;SVOBODM;4010 Nákup
08.01.2026;08.01.2026;4900000533;1;2000;0001;1000194;Stykač 41 A;Elektro;101;Příjem zboží na objednávku;S;861,810;KS;573,85;494549,67;CZK;;Elektro Cabel CZ;;SN1604;;;;VESELAM;4010 Nákup
08.01.2026;08.01.2026;4900000548;1;2000;0001;1000196;Odmašťovač RAL 3020;Nátěry a chemie;101;Příjem zboží na objednávku;S;1798,750;L;250,63;450820,71;CZK;;Siemens s.r.o.;;SN8487;;;;VESELAM;4010 Nákup
08.01.2026;08.01.2026;4900000549;1;2000;0001;1000196;Odmašťovač RAL 3020;Nátěry a chemie;101;Příjem zboží na objednávku;S;1327,190;L;250,63;332633,63;CZK;;ESSA Czech;;SN4557;;;;HORAKT;4010 Nákup
08.01.2026;08.01.2026;4900000595;1;1000;0001;1000205;Trubka ocelová 6x21;Ocel;101;Příjem zboží na objednávku;S;219,100;KG;20,71;4537,56;CZK;;ThyssenKrupp Ferrostal;;SN7105;;;;NOVAKJ;4010 Nákup
08.01.2026;08.01.2026;4900000613;1;1000;0001;1000208;Stykač 43 A;Elektro;101;Příjem zboží na objednávku;S;270,570;KS;687,68;186065,58;CZK;;Alumat s.r.o.;;SN1578;;;;SVOBODM;4010 Nákup
08.01.2026;08.01.2026;4900000616;1;1000;0001;1000208;Stykač 43 A;Elektro;101;Příjem zboží na objednávku;S;839,820;KS;687,68;577527,42;CZK;;Plastika Nitra a.s.;;SN5648;;;;PROCHAZ;4010 Nákup
08.01.2026;08.01.2026;4900000675;1;1000;0001;1000220;Plech Al 60 mm;Hliník;101;Příjem zboží na objednávku;S;646,590;KG;117,61;76045,45;CZK;;Metalšrot Tlumačov;;SN3720;;;;DVORAKP;4010 Nákup
08.01.2026;08.01.2026;4900000717;1;1000;0001;1000228;Deska PE 53 mm;Plasty;101;Příjem zboží na objednávku;S;2004,880;KG;70,90;142145,99;CZK;;ABB s.r.o.;;SN7625;;;;HORAKT;4010 Nákup
08.01.2026;08.01.2026;4900000786;1;1000;0001;1000239;Těsnění ploché 68 mm;Těsnění a guma;101;Příjem zboží na objednávku;S;1172,480;KS;32,26;37824,20;CZK;;Bibus s.r.o.;;SN1618;;;;NOVAKJ;4010 Nákup
08.01.2026;08.01.2026;4900000918;1;1000;0001;1000264;Motor 26 kW;Elektro;101;Příjem zboží na objednávku;S;848,030;KS;733,69;622191,13;CZK;;Plastika Nitra a.s.;;SN9158;;;;DVORAKP;4010 Nákup
08.01.2026;08.01.2026;4900000951;1;2000;0001;1000271;Čidlo indukční 75 mm;Elektro;101;Příjem zboží na objednávku;S;1021,900;KS;119,80;122423,62;CZK;;Lapp Kabel s.r.o.;;SN4167;;;;VESELAM;4010 Nákup
08.01.2026;08.01.2026;4900000955;1;2000;0001;1000272;Šroub M28x22;Spojovací materiál;101;Příjem zboží na objednávku;S;733,030;KS;8,82;6465,32;CZK;;Plastika Nitra a.s.;;SN4651;;;;KUCERAL;4010 Nákup
08.01.2026;08.01.2026;4900001054;1;2000;0001;1000290;Trubka Al 57 mm;Hliník;101;Příjem zboží na objednávku;S;729,960;KG;92,57;67572,40;CZK;;PPG Deco Czech;;SN8152;;;;VESELAM;4010 Nákup
08.01.2026;08.01.2026;4900001075;1;1000;0001;1000293;Matice M3;Spojovací materiál;101;Příjem zboží na objednávku;S;440,740;KS;10,49;4623,36;CZK;;ESSA Czech;;SN2936;;;;HORAKT;4010 Nákup
08.01.2026;08.01.2026;4900001084;1;2000;0001;1000295;Těsnění ploché 61 mm;Těsnění a guma;101;Příjem zboží na objednávku;S;919,330;KS;18,17;16704,23;CZK;;Elektro Cabel CZ;;SN8622;;;;DVORAKP;4010 Nákup
08.01.2026;08.01.2026;4900001120;1;2000;0001;1000301;Lak polyuretanový RAL 5010;Nátěry a chemie;101;Příjem zboží na objednávku;S;2164,450;L;339,05;733856,77;CZK;;Hennlich s.r.o.;;SN1796;;;;VESELAM;4010 Nákup
08.01.2026;08.01.2026;4900001141;1;2000;0001;1000304;Plech Al 29 mm;Hliník;101;Příjem zboží na objednávku;S;876,360;KG;84,08;73684,35;CZK;;Plastika Nitra a.s.;;SN7453;;;;CERNAT;4010 Nákup
08.01.2026;08.01.2026;4900001164;1;1000;0001;1000309;Tlumič gumový 24;Těsnění a guma;101;Příjem zboží na objednávku;S;120,350;KS;42,90;5163,01;CZK;;Killich s.r.o.;;SN2645;;;;VESELAM;4010 Nákup
08.01.2026;08.01.2026;4900001179;1;1000;0001;1000311;Profil Al 93x76;Hliník;101;Příjem zboží na objednávku;S;889,790;KG;92,87;82634,80;CZK;;ThyssenKrupp Ferrostal;;SN1746;;;;PROCHAZ;4010 Nákup
08.01.2026;08.01.2026;4900001198;1;1000;0001;1000315;Ředidlo S67;Nátěry a chemie;101;Příjem zboží na objednávku;S;1071,260;L;248,62;266336,66;CZK;;Resinex CZ s.r.o.;;SN5388;;;;KUCERAL;4010 Nákup
08.01.2026;08.01.2026;4900001209;1;1000;0001;1000316;Tlumič gumový 7;Těsnění a guma;101;Příjem zboží na objednávku;S;1028,430;KS;67,08;68987,08;CZK;;Lapp Kabel s.r.o.;;SN9016;;;;CERNAT;4010 Nákup
08.01.2026;08.01.2026;4900001229;1;2000;0001;1000321;Podložka 22;Spojovací materiál;101;Příjem zboží na objednávku;S;338,590;KS;13,53;4581,12;CZK;;Bossard CZ s.r.o.;;SN3343;;;;VESELAM;4010 Nákup
08.01.2026;08.01.2026;4900001238;1;2000;0001;1000322;Lak polyuretanový RAL 7035;Nátěry a chemie;101;Příjem zboží na objednávku;S;209,120;L;219,04;45805,64;CZK;;Schneider Electric CZ;;SN4635;;;;VESELAM;4010 Nákup
08.01.2026;08.01.2026;4900001283;1;2000;0001;1000330;O-kroužek 39 mm;Těsnění a guma;101;Příjem zboží na objednávku;S;478,150;KS;18,43;8812,30;CZK;;Hennlich s.r.o.;;SN8184;;;;SVOBODM;4010 Nákup
08.01.2026;08.01.2026;4900001335;1;2000;0001;1000341;Motor 96 kW;Elektro;101;Příjem zboží na objednávku;S;287,390;KS;613,57;176333,88;CZK;;Wurth s.r.o.;;SN2074;;;;NOVAKJ;4010 Nákup
08.01.2026;08.01.2026;4900001351;1;2000;0001;1000343;Odmašťovač RAL 5010;Nátěry a chemie;101;Příjem zboží na objednávku;S;1987,090;L;156,59;311158,42;CZK;;Hennlich s.r.o.;;SN6805;;;;KUCERAL;4010 Nákup
08.01.2026;08.01.2026;4900001362;1;2000;0001;1000345;Tyč kruhová 110 mm;Ocel;101;Příjem zboží na objednávku;S;1382,240;KG;36,23;50078,56;CZK;;Fabory CZ;;SN8448;;;;NOVAKJ;4010 Nákup
08.01.2026;08.01.2026;4900001486;1;1000;0001;1000367;Trubka Al 13 mm;Hliník;101;Příjem zboží na objednávku;S;2167,440;KG;97,83;212040,66;CZK;;Elektro Cabel CZ;;SN4969;;;;HORAKT;4010 Nákup
08.01.2026;08.01.2026;4900001536;1;1000;0001;1000377;Kolík 82x4;Spojovací materiál;101;Příjem zboží na objednávku;S;1029,180;KS;4,28;4404,89;CZK;;Plastika Nitra a.s.;;SN6779;;;;SVOBODM;4010 Nákup
08.01.2026;08.01.2026;4900001550;1;1000;0001;1000379;O-kroužek 24 mm;Těsnění a guma;101;Příjem zboží na objednávku;S;499,700;KS;10,55;5271,84;CZK;;ArcelorMittal Distribution;;SN1025;;;;HORAKT;4010 Nákup
08.01.2026;08.01.2026;4900001560;1;2000;0001;1000381;Trubka Al 117 mm;Hliník;101;Příjem zboží na objednávku;S;391,640;KG;64,58;25292,11;CZK;;Plastika Nitra a.s.;;SN7123;;;;VESELAM;4010 Nákup
08.01.2026;08.01.2026;4900001572;1;2000;0001;1000384;Matice M24;Spojovací materiál;101;Příjem zboží na objednávku;S;345,600;KS;6,64;2294,78;CZK;;Metalšrot Tlumačov;;SN9238;;;;SVOBODM;4010 Nákup
09.01.2026;09.01.2026;4900000071;1;1000;0001;1000113;Těsnění ploché 115 mm;Těsnění a guma;101;Příjem zboží na objednávku;S;266,140;KS;13,01;3462,48;CZK;;Schneider Electric CZ;;SN2633;;;;KUCERAL;4010 Nákup
09.01.2026;09.01.2026;4900000089;1;1000;0001;1000115;Profil Al 44x37;Hliník;101;Příjem zboží na objednávku;S;210,090;KG;75,99;15964,74;CZK;;Bossard CZ s.r.o.;;SN6227;;;;PROCHAZ;4010 Nákup
09.01.2026;09.01.2026;4900000195;1;2000;0001;1000135;Jekl 3x3x76;Ocel;101;Příjem zboží na objednávku;S;997,240;KG;33,76;33666,82;CZK;;Plastika Nitra a.s.;;SN8510;;;;PROCHAZ;4010 Nákup
09.01.2026;09.01.2026;4900000245;1;1000;0001;1000144;Deska PP 104 mm;Plasty;101;Příjem zboží na objednávku;S;728,410;KG;75,68;55126,07;CZK;;Elektro Cabel CZ;;SN1515;;;;VESELAM;4010 Nákup
09.01.2026;09.01.2026;4900000294;1;1000;0001;1000152;Frekvenční měnič 74 kW;Elektro;101;Příjem zboží na objednávku;S;513,570;KS;607,08;311778,08;CZK;;Bibus s.r.o.;;SN7458;;;;HORAKT;4010 Nákup
09.01.2026;09.01.2026;4900000525;1;1000;0001;1000193;Deska PE 67 mm;Plasty;101;Příjem zboží na objednávku;S;725,700;KG;87,82;63730,97;CZK;;ESSA Czech;;SN5445;;;;DVORAKP;4010 Nákup
09.01.2026;09.01.2026;4900000554;1;2000;0001;1000198;Trubka ocelová 56x45;Ocel;101;Příjem zboží na objednávku;S;453,050;KG;20,95;9491,40;CZK;;Hennlich s.r.o.;;SN8224;;;;HORAKT;4010 Nákup
09.01.2026;09.01.2026;4900000584;1;2000;0001;1000203;Základní barva RAL 5010;Nátěry a chemie;101;Příjem zboží na objednávku;S;875,270;L;222,00;194309,94;CZK;;ESSA Czech;;SN4962;;;;KUCERAL;4010 Nákup
09.01.2026;09.01.2026;4900000591;1;1000;0001;1000204;O-kroužek 110 mm;Těsnění a guma;101;Příjem zboží na objednávku;S;986,570;KS;66,61;65715,43;CZK;;Schneider Electric CZ;;SN8460;;;;PROCHAZ;4010 Nákup
09.01.2026;09.01.2026;4900000666;1;1000;0001;1000218;Manžeta 40x54;Těsnění a guma;101;Příjem zboží na objednávku;S;399,980;KS;53,05;21218,94;CZK;;Lapp Kabel s.r.o.;;SN1710;;;;CERNAT;4010 Nákup
09.01.2026;09.01.2026;4900000700;1;2000;0001;1000225;Manžeta 15x16;Těsnění a guma;101;Příjem zboží na objednávku;S;280,110;KS;61,29;17167,94;CZK;;Hilti ČR s.r.o.;;SN4779;;;;NOVAKJ;4010 Nákup
09.01.2026;09.01.2026;4900000701;1;2000;0001;1000225;Manžeta 15x16;Těsnění a guma;101;Příjem zboží na objednávku;S;102,860;KS;61,29;6304,29;CZK;;Bibus s.r.o.;;SN2739;;;;CERNAT;4010 Nákup
09.01.2026;09.01.2026;4900000704;1;2000;0001;1000226;Profil U 4;Ocel;101;Příjem zboží na objednávku;S;1535,710;KG;27,36;42017,03;CZK;;Schneider Electric CZ;;SN2529;;;;SVOBODM;4010 Nákup
09.01.2026;09.01.2026;4900000708;1;2000;0001;1000226;Profil U 4;Ocel;101;Příjem zboží na objednávku;S;1598,780;KG;27,36;43742,62;CZK;;ThyssenKrupp Ferrostal;;SN6182;;;;DVORAKP;4010 Nákup
09.01.2026;09.01.2026;4900000755;1;1000;0001;1000234;Plech Al 44 mm;Hliník;101;Příjem zboží na objednávku;S;183,480;KG;95,56;17533,35;CZK;;ArcelorMittal Distribution;;SN1587;;;;HORAKT;4010 Nákup
09.01.2026;09.01.2026;4900000764;1;2000;0001;1000236;Stykač 75 A;Elektro;101;Příjem zboží na objednávku;S;606,750;KS;482,61;292823,62;CZK;;Schneider Electric CZ;;SN9334;;;;CERNAT;4010 Nákup
09.01.2026;09.01.2026;4900000774;1;2000;0001;1000237;Kolík 80x54;Spojovací materiál;101;Příjem zboží na objednávku;S;747,330;KS;4,33;3235,94;CZK;;Haberkorn s.r.o.;;SN7150;;;;HORAKT;4010 Nákup
09.01.2026;09.01.2026;4900000795;1;2000;0001;1000241;Plech Al 66 mm;Hliník;101;Příjem zboží na objednávku;S;529,520;KG;98,14;51967,09;CZK;;Bossard CZ s.r.o.;;SN3422;;;;CERNAT;4010 Nákup
09.01.2026;09.01.2026;4900000801;1;2000;0001;1000241;Plech Al 66 mm;Hliník;101;Příjem zboží na objednávku;S;450,500;KG;98,14;44212,07;CZK;;ArcelorMittal Distribution;;SN2839;;;;VESELAM;4010 Nákup
09.01.2026;09.01.2026;4900000838;1;1000;0001;1000249;Granulát PA6 112;Plasty;101;Příjem zboží na objednávku;S;1915,130;KG;71,02;136012,53;CZK;;ABB s.r.o.;;SN7146;;;;KUCERAL;4010 Nákup
09.01.2026;09.01.2026;4900000841;1;1000;0001;1000249;Granulát PA6 112;Plasty;101;Příjem zboží na objednávku;S;1860,640;KG;71,02;132142,65;CZK;;ESSA Czech;;SN2742;;;;SVOBODM;4010 Nákup
09.01.2026;09.01.2026;4900001008;1;2000;0001;1000282;Plech ocelový 15 mm;Ocel;101;Příjem zboží na objednávku;S;602,040;KG;32,61;19632,52;CZK;;ArcelorMittal Distribution;;SN7353;;;;CERNAT;4010 Nákup
09.01.2026;09.01.2026;4900001096;1;2000;0001;1000296;Plech ocelový 110 mm;Ocel;101;Příjem zboží na objednávku;S;589,730;KG;44,46;26219,40;CZK;;Fabory CZ;;SN6435;;;;PROCHAZ;4010 Nákup
09.01.2026;09.01.2026;4900001126;1;2000;0001;1000302;Tlumič gumový 20;Těsnění a guma;101;Příjem zboží na objednávku;S;305,600;KS;4,51;1378,26;CZK;;ESSA Czech;;SN2997;;;;KUCERAL;4010 Nákup
09.01.2026;09.01.2026;4900001131;1;2000;0001;1000303;Tyč kruhová 68 mm;Ocel;101;Příjem zboží na objednávku;S;1600,420;KG;35,56;56910,94;CZK;;Wurth s.r.o.;;SN9086;;;;DVORAKP;4010 Nákup
09.01.2026;09.01.2026;4900001176;1;1000;0001;1000311;Profil Al 93x76;Hliník;101;Příjem zboží na objednávku;S;863,510;KG;92,87;80194,17;CZK;;Metalšrot Tlumačov;;SN9738;;;;PROCHAZ;4010 Nákup
09.01.2026;09.01.2026;4900001193;1;1000;0001;1000314;Šroub M107x51;Spojovací materiál;101;Příjem zboží na objednávku;S;312,190;KS;7,91;2469,42;CZK;;Elektro Cabel CZ;;SN7795;;;;DVORAKP;4010 Nákup
09.01.2026;09.01.2026;4900001200;1;1000;0001;1000315;Ředidlo S67;Nátěry a chemie;101;Příjem zboží na objednávku;S;670,750;L;248,62;166761,86;CZK;;Hennlich s.r.o.;;SN8947;;;;DVORAKP;4010 Nákup
09.01.2026;09.01.2026;4900001300;1;1000;0001;1000333;Deska PE 40 mm;Plasty;101;Příjem zboží na objednávku;S;165,000;KG;43,58;7190,70;CZK;;Wurth s.r.o.;;SN2682;;;;PROCHAZ;4010 Nákup
09.01.2026;09.01.2026;4900001306;1;2000;0001;1000334;Stykač 101 A;Elektro;101;Příjem zboží na objednávku;S;686,990;KS;740,62;508798,53;CZK;;ArcelorMittal Distribution;;SN9258;;;;NOVAKJ;4010 Nákup
09.01.2026;09.01.2026;4900001361;1;2000;0001;1000345;Tyč kruhová 110 mm;Ocel;101;Příjem zboží na objednávku;S;1239,730;KG;36,23;44915,42;CZK;;ArcelorMittal Distribution;;SN3642;;;;KUCERAL;4010 Nákup
09.01.2026;09.01.2026;4900001405;1;1000;0001;1000353;Trubka Al 94 mm;Hliník;101;Příjem zboží na objednávku;S;338,240;KG;92,49;31283,82;CZK;;Bossard CZ s.r.o.;;SN4346;;;;NOVAKJ;4010 Nákup
09.01.2026;09.01.2026;4900001463;1;2000;0001;1000364;Lak polyuretanový RAL 7035;Nátěry a chemie;101;Příjem zboží na objednávku;S;1813,220;L;309,04;560357,51;CZK;;Fabory CZ;;SN6615;;;;DVORAKP;4010 Nákup
09.01.2026;09.01.2026;4900001509;1;2000;0001;1000372;Těsnění ploché 33 mm;Těsnění a guma;101;Příjem zboží na objednávku;S;432,420;KS;46,29;20016,72;CZK;;ArcelorMittal Distribution;;SN9954;;;;PROCHAZ;4010 Nákup
09.01.2026;09.01.2026;4900001520;1;2000;0001;1000375;Deska PE 101 mm;Plasty;101;Příjem zboží na objednávku;S;281,190;KG;63,57;17875,25;CZK;;Siemens s.r.o.;;SN9943;;;;SVOBODM;4010 Nákup
09.01.2026;09.01.2026;4900001581;1;1000;0001;1000385;Odmašťovač RAL 6011;Nátěry a chemie;101;Příjem zboží na objednávku;S;439,590;L;320,08;140703,97;CZK;;Rubena a.s.;;SN1501;;;;PROCHAZ;4010 Nákup
09.01.2026;09.01.2026;4900001591;1;1000;0001;1000387;Trubka ocelová 55x68;Ocel;101;Příjem zboží na objednávku;S;1138,890;KG;29,33;33403,64;CZK;;Alumat s.r.o.;;SN2371;;;;KUCERAL;4010 Nákup
09.01.2026;09.01.2026;4900001643;1;2000;0001;1000398;Šroub M41x56;Spojovací materiál;101;Příjem zboží na objednávku;S;161,330;KS;14,54;2345,74;CZK;;Bossard CZ s.r.o.;;SN6194;;;;DVORAKP;4010 Nákup
12.01.2026;12.01.2026;4900000005;1;1000;0001;1000100;Trubka ocelová 100x79;Ocel;101;Příjem zboží na objednávku;S;1749,430;KG;34,31;60022,94;CZK;;Plastika Nitra a.s.;;SN8253;;;;DVORAKP;4010 Nákup
12.01.2026;12.01.2026;4900000023;1;2000;0001;1000104;Nýt 57x11;Spojovací materiál;101;Příjem zboží na objednávku;S;963,520;KS;5,48;5280,09;CZK;;PPG Deco Czech;;SN5630;;;;CERNAT;4010 Nákup
12.01.2026;12.01.2026;4900000034;1;1000;0001;1000106;Tlumič gumový 44;Těsnění a guma;101;Příjem zboží na objednávku;S;726,990;KS;67,12;48795,57;CZK;;ArcelorMittal Distribution;;SN5433;;;;HORAKT;4010 Nákup
12.01.2026;12.01.2026;4900000142;1;2000;0001;1000125;Nýt 106x48;Spojovací materiál;101;Příjem zboží na objednávku;S;628,710;KS;12,18;7657,69;CZK;;PPG Deco Czech;;SN3157;;;;SVOBODM;4010 Nákup
12.01.2026;12.01.2026;4900000162;1;1000;0001;1000129;Profil Al 107x59;Hliník;101;Příjem zboží na objednávku;S;555,770;KG;63,91;35519,26;CZK;;ABB s.r.o.;;SN6124;;;;HORAKT;4010 Nákup
12.01.2026;12.01.2026;4900000190;1;2000;0001;1000135;Jekl 3x3x76;Ocel;101;Příjem zboží na objednávku;S;2157,380;KG;33,76;72833,15;CZK;;Hilti ČR s.r.o.;;SN3710;;;;SVOBODM;4010 Nákup
12.01.2026;12.01.2026;4900000202;1;1000;0001;1000137;Deska PE 65 mm;Plasty;101;Příjem zboží na objednávku;S;359,800;KG;63,92;22998,42;CZK;;Haberkorn s.r.o.;;SN2336;;;;VESELAM;4010 Nákup
12.01.2026;12.01.2026;4900000223;1;2000;0001;1000140;Lak polyuretanový RAL 3020;Nátěry a chemie;101;Příjem zboží na objednávku;S;1610,080;L;129,92;209181,59;CZK;;Hilti ČR s.r.o.;;SN9549;;;;PROCHAZ;4010 Nákup
12.01.2026;12.01.2026;4900000307;1;1000;0001;1000155;Těsnění ploché 95 mm;Těsnění a guma;101;Příjem zboží na objednávku;S;173,950;KS;30,84;5364,62;CZK;;Wurth s.r.o.;;SN5279;;;;DVORAKP;4010 Nákup
12.01.2026;12.01.2026;4900000312;1;1000;0001;1000155;Těsnění ploché 95 mm;Těsnění a guma;101;Příjem zboží na objednávku;S;508,640;KS;30,84;15686,46;CZK;;Bibus s.r.o.;;SN5498;;;;HORAKT;4010 Nákup
12.01.2026;12.01.2026;4900000435;1;1000;0001;1000176;O-kroužek 27 mm;Těsnění a guma;101;Příjem zboží na objednávku;S;973,620;KS;39,62;38574,82;CZK;;Ferona a.s.;;SN6397;;;;PROCHAZ;4010 Nákup
12.01.2026;12.01.2026;4900000462;1;1000;0001;1000181;Matice M81;Spojovací materiál;101;Příjem zboží na objednávku;S;602,830;KS;15,28;9211,24;CZK;;Elektro Cabel CZ;;SN3576;;;;NOVAKJ;4010 Nákup
12.01.2026;12.01.2026;4900000580;1;2000;0001;1000202;Kolík 46x32;Spojovací materiál;101;Příjem zboží na objednávku;S;155,280;KS;2,81;436,34;CZK;;Ferona a.s.;;SN7435;;;;SVOBODM;4010 Nákup
12.01.2026;12.01.2026;4900000587;1;1000;0001;1000204;O-kroužek 110 mm;Těsnění a guma;101;Příjem zboží na objednávku;S;448,930;KS;66,61;29903,23;CZK;;Elektro Cabel CZ;;SN7358;;;;KUCERAL;4010 Nákup
12.01.2026;12.01.2026;4900000734;1;2000;0001;1000231;Odmašťovač RAL 5010;Nátěry a chemie;101;Příjem zboží na objednávku;S;536,630;L;195,83;105088,25;CZK;;Bibus s.r.o.;;SN6698;;;;NOVAKJ;4010 Nákup
12.01.2026;12.01.2026;4900000775;1;2000;0001;1000237;Kolík 80x54;Spojovací materiál;101;Příjem zboží na objednávku;S;1122,380;KS;4,33;4859,91;CZK;;Colorlak a.s.;;SN1259;;;;SVOBODM;4010 Nákup
12.01.2026;12.01.2026;4900000785;1;1000;0001;1000239;Těsnění ploché 68 mm;Těsnění a guma;101;Příjem zboží na objednávku;S;810,990;KS;32,26;26162,54;CZK;;Colorlak a.s.;;SN3691;;;;DVORAKP;4010 Nákup
12.01.2026;12.01.2026;4900000840;1;1000;0001;1000249;Granulát PA6 112;Plasty;101;Příjem zboží na objednávku;S;1877,320;KG;71,02;133327,27;CZK;;Bossard CZ s.r.o.;;SN8094;;;;HORAKT;4010 Nákup
12.01.2026;12.01.2026;4900000870;1;2000;0001;1000255;Trubka Al 111 mm;Hliník;101;Příjem zboží na objednávku;S;476,830;KG;114,47;54582,73;CZK;;Plastika Nitra a.s.;;SN5711;;;;DVORAKP;4010 Nákup
12.01.2026;12.01.2026;4900000961;1;1000;0001;1000273;Lak polyuretanový RAL 3020;Nátěry a chemie;101;Příjem zboží na objednávku;S;1663,770;L;292,88;487284,96;CZK;;Metalšrot Tlumačov;;SN5129;;;;SVOBODM;4010 Nákup
12.01.2026;12.01.2026;4900000973;1;2000;0001;1000275;Jekl 98x98x65;Ocel;101;Příjem zboží na objednávku;S;460,990;KG;34,85;16065,50;CZK;;ABB s.r.o.;;SN8933;;;;CERNAT;4010 Nákup
12.01.2026;12.01.2026;4900000981;1;1000;0001;1000277;Granulát ABS 15;Plasty;101;Příjem zboží na objednávku;S;1573,260;KG;36,41;57282,40;CZK;;Plastika Nitra a.s.;;SN3911;;;;HORAKT;4010 Nákup
12.01.2026;12.01.2026;4900001029;1;2000;0001;1000285;Čidlo indukční 55 mm;Elektro;101;Příjem zboží na objednávku;S;237,580;KS;424,53;100859,84;CZK;;Resinex CZ s.r.o.;;SN4535;;;;KUCERAL;4010 Nákup
12.01.2026;12.01.2026;4900001040;1;2000;0001;1000287;Odmašťovač RAL 6011;Nátěry a chemie;101;Příjem zboží na objednávku;S;1675,410;L;273,08;457520,96;CZK;;Hilti ČR s.r.o.;;SN2806;;;;CERNAT;4010 Nákup
12.01.2026;12.01.2026;4900001122;1;2000;0001;1000302;Tlumič gumový 20;Těsnění a guma;101;Příjem zboží na objednávku;S;385,480;KS;4,51;1738,51;CZK;;Bibus s.r.o.;;SN7905;;;;VESELAM;4010 Nákup
12.01.2026;12.01.2026;4900001234;1;2000;0001;1000322;Lak polyuretanový RAL 7035;Nátěry a chemie;101;Příjem zboží na objednávku;S;2003,260;L;219,04;438794,07;CZK;;Bibus s.r.o.;;SN7613;;;;PROCHAZ;4010 Nákup
12.01.2026;12.01.2026;4900001336;1;2000;0001;1000341;Motor 96 kW;Elektro;101;Příjem zboží na objednávku;S;733,610;KS;613,57;450121,09;CZK;;Bibus s.r.o.;;SN6951;;;;SVOBODM;4010 Nákup
12.01.2026;12.01.2026;4900001378;1;2000;0001;1000348;Motor 108 kW;Elektro;101;Příjem zboží na objednávku;S;949,910;KS;739,67;702619,93;CZK;;Resinex CZ s.r.o.;;SN2545;;;;VESELAM;4010 Nákup
12.01.2026;12.01.2026;4900001531;1;2000;0001;1000376;Kabel CYKY 40x24;Elektro;101;Příjem zboží na objednávku;S;720,550;KS;338,22;243704,42;CZK;;ArcelorMittal Distribution;;SN3903;;;;PROCHAZ;4010 Nákup
12.01.2026;12.01.2026;4900001619;1;1000;0001;1000392;Ředidlo S21;Nátěry a chemie;101;Příjem zboží na objednávku;S;1413,960;L;160,83;227407,19;CZK;;PPG Deco Czech;;SN6114;;;;KUCERAL;4010 Nákup
12.01.2026;12.01.2026;4900001638;1;1000;0001;1000397;Motor 114 kW;Elektro;101;Příjem zboží na objednávku;S;620,030;KS;710,22;440357,71;CZK;;ArcelorMittal Distribution;;SN9140;;;;SVOBODM;4010 Nákup
12.01.2026;12.01.2026;4900001644;1;2000;0001;1000398;Šroub M41x56;Spojovací materiál;101;Příjem zboží na objednávku;S;907,820;KS;14,54;13199,70;CZK;;Trelleborg Bohemia;;SN3158;;;;HORAKT;4010 Nákup
12.01.2026;12.01.2026;4900002624;1;1000;0001;1000100;Trubka ocelová 100x79;Ocel;102;Storno příjmu zboží;H;-1749,430;KG;34,31;-60022,94;CZK;;Plastika Nitra a.s.;;SN8253;;;;DVORAKP;4010 Nákup
12.01.2026;12.01.2026;4900002636;1;2000;0001;1000104;Nýt 57x11;Spojovací materiál;102;Storno příjmu zboží;H;-963,520;KS;5,48;-5280,09;CZK;;PPG Deco Czech;;SN5630;;;;CERNAT;4010 Nákup
13.01.2026;13.01.2026;4900000064;1;1000;0001;1000111;Podložka 21;Spojovací materiál;101;Příjem zboží na objednávku;S;944,790;KS;16,00;15116,64;CZK;;Lapp Kabel s.r.o.;;SN3529;;;;NOVAKJ;4010 Nákup
13.01.2026;13.01.2026;4900000081;1;1000;0001;1000114;Jekl 107x107x78;Ocel;101;Příjem zboží na objednávku;S;288,780;KG;20,98;6058,60;CZK;;Rubena a.s.;;SN2006;;;;VESELAM;4010 Nákup
13.01.2026;13.01.2026;4900000117;1;2000;0001;1000121;Jekl 97x97x38;Ocel;101;Příjem zboží na objednávku;S;1610,190;KG;29,43;47387,89;CZK;;Hennlich s.r.o.;;SN5616;;;;PROCHAZ;4010 Nákup
13.01.2026;13.01.2026;4900000146;1;2000;0001;1000125;Nýt 106x48;Spojovací materiál;101;Příjem zboží na objednávku;S;918,900;KS;12,18;11192,20;CZK;;Fabory CZ;;SN8559;;;;DVORAKP;4010 Nákup
13.01.2026;13.01.2026;4900000322;1;2000;0001;1000157;Trubka Al 95 mm;Hliník;101;Příjem zboží na objednávku;S;1511,590;KG;85,98;129966,51;CZK;;ArcelorMittal Distribution;;SN3713;;;;NOVAKJ;4010 Nákup
13.01.2026;13.01.2026;4900000331;1;2000;0001;1000158;Deska PP 31 mm;Plasty;101;Příjem zboží na objednávku;S;1527,070;KG;75,68;115568,66;CZK;;PPG Deco Czech;;SN7516;;;;VESELAM;4010 Nákup
13.01.2026;13.01.2026;4900000368;1;2000;0001;1000165;Deska PE 38 mm;Plasty;101;Příjem zboží na objednávku;S;2050,450;KG;43,33;88846,00;CZK;;ArcelorMittal Distribution;;SN1178;;;;HORAKT;4010 Nákup
13.01.2026;13.01.2026;4900000389;1;1000;0001;1000168;Základní barva RAL 3020;Nátěry a chemie;101;Příjem zboží na objednávku;S;2117,950;L;115,98;245639,84;CZK;;Colorlak a.s.;;SN6803;;;;HORAKT;4010 Nákup
13.01.2026;13.01.2026;4900000406;1;1000;0001;1000171;Plech Al 110 mm;Hliník;101;Příjem zboží na objednávku;S;818,730;KG;73,80;60422,27;CZK;;Haberkorn s.r.o.;;SN2941;;;;PROCHAZ;4010 Nákup
13.01.2026;13.01.2026;4900000575;1;1000;0001;1000201;Motor 5 kW;Elektro;101;Příjem zboží na objednávku;S;382,560;KS;658,47;251904,28;CZK;;Rubena a.s.;;SN7916;;;;CERNAT;4010 Nákup
13.01.2026;13.01.2026;4900000590;1;1000;0001;1000204;O-kroužek 110 mm;Těsnění a guma;101;Příjem zboží na objednávku;S;1182,330;KS;66,61;78755,00;CZK;;Rubena a.s.;;SN7745;;;;KUCERAL;4010 Nákup
13.01.2026;13.01.2026;4900000719;1;1000;0001;1000228;Deska PE 53 mm;Plasty;101;Příjem zboží na objednávku;S;432,520;KG;70,90;30665,67;CZK;;ABB s.r.o.;;SN7709;;;;SVOBODM;4010 Nákup
13.01.2026;13.01.2026;4900000723;1;2000;0001;1000229;Motor 76 kW;Elektro;101;Příjem zboží na objednávku;S;1196,550;KS;140,38;167971,69;CZK;;Rubena a.s.;;SN8124;;;;SVOBODM;4010 Nákup
13.01.2026;13.01.2026;4900000808;1;2000;0001;1000243;Kabel CYKY 12x4;Elektro;101;Příjem zboží na objednávku;S;179,270;KS;750,69;134576,20;CZK;;Plastika Nitra a.s.;;SN8124;;;;CERNAT;4010 Nákup
13.01.2026;13.01.2026;4900000821;1;1000;0001;1000246;Těsnění ploché 116 mm;Těsnění a guma;101;Příjem zboží na objednávku;S;456,620;KS;47,79;21821,87;CZK;;Trelleborg Bohemia;;SN3653;;;;DVORAKP;4010 Nákup
13.01.2026;13.01.2026;4900000880;1;1000;0001;1000256;Deska PE 94 mm;Plasty;101;Příjem zboží na objednávku;S;995,280;KG;65,89;65579,00;CZK;;Rubena a.s.;;SN6351;;;;NOVAKJ;4010 Nákup
13.01.2026;13.01.2026;4900001147;1;1000;0001;1000306;Motor 8 kW;Elektro;101;Příjem zboží na objednávku;S;610,450;KS;611,12;373058,20;CZK;;ABB s.r.o.;;SN7253;;;;SVOBODM;4010 Nákup
13.01.2026;13.01.2026;4900001167;1;1000;0001;1000309;Tlumič gumový 24;Těsnění a guma;101;Příjem zboží na objednávku;S;584,250;KS;42,90;25064,33;CZK;;ThyssenKrupp Ferrostal;;SN4104;;;;DVORAKP;4010 Nákup
13.01.2026;13.01.2026;4900001195;1;1000;0001;1000315;Ředidlo S67;Nátěry a chemie;101;Příjem zboží na objednávku;S;2167,810;L;248,62;538960,92;CZK;;PPG Deco Czech;;SN9409;;;;DVORAKP;4010 Nákup
13.01.2026;13.01.2026;4900001295;1;1000;0001;1000332;Plech Al 60 mm;Hliník;101;Příjem zboží na objednávku;S;1745,600;KG;87,05;151954,48;CZK;;Elektro Cabel CZ;;SN9750;;;;SVOBODM;4010 Nákup
13.01.2026;13.01.2026;4900001319;1;1000;0001;1000338;Jekl 47x47x4;Ocel;101;Příjem zboží na objednávku;S;1240,340;KG;41,33;51263,25;CZK;;Lapp Kabel s.r.o.;;SN3505;;;;SVOBODM;4010 Nákup
13.01.2026;13.01.2026;4900001436;1;1000;0001;1000360;Profil Al 39x48;Hliník;101;Příjem zboží na objednávku;S;449,830;KG;81,97;36872,57;CZK;;Bossard CZ s.r.o.;;SN5205;;;;KUCERAL;4010 Nákup
13.01.2026;13.01.2026;4900001480;1;1000;0001;1000367;Trubka Al 13 mm;Hliník;101;Příjem zboží na objednávku;S;787,220;KG;97,83;77013,73;CZK;;Resinex CZ s.r.o.;;SN9400;;;;NOVAKJ;4010 Nákup
13.01.2026;13.01.2026;4900001542;1;2000;0001;1000378;Základní barva RAL 6011;Nátěry a chemie;101;Příjem zboží na objednávku;S;1771,690;L;99,53;176336,31;CZK;;Bibus s.r.o.;;SN8995;;;;VESELAM;4010 Nákup
13.01.2026;13.01.2026;4900001567;1;2000;0001;1000383;Motor 69 kW;Elektro;101;Příjem zboží na objednávku;S;1169,600;KS;150,72;176282,11;CZK;;Ferona a.s.;;SN6425;;;;DVORAKP;4010 Nákup
13.01.2026;13.01.2026;4900001595;1;1000;0001;1000388;Profil Al 12x37;Hliník;101;Příjem zboží na objednávku;S;938,230;KG;100,11;93926,21;CZK;;Metalšrot Tlumačov;;SN6581;;;;VESELAM;4010 Nákup
13.01.2026;13.01.2026;4900001653;1;2000;0001;1000399;Lak polyuretanový RAL 5010;Nátěry a chemie;101;Příjem zboží na objednávku;S;1047,050;L;170,55;178574,38;CZK;;Ferona a.s.;;SN3743;;;;DVORAKP;4010 Nákup
14.01.2026;14.01.2026;4900000019;1;2000;0001;1000103;Čidlo indukční 32 mm;Elektro;101;Příjem zboží na objednávku;S;394,950;KS;26,60;10505,67;CZK;;PPG Deco Czech;;SN3744;;;;SVOBODM;4010 Nákup
14.01.2026;14.01.2026;4900000028;1;2000;0001;1000104;Nýt 57x11;Spojovací materiál;101;Příjem zboží na objednávku;S;155,520;KS;5,48;852,25;CZK;;Fabory CZ;;SN5407;;;;DVORAKP;4010 Nákup
14.01.2026;14.01.2026;4900000109;1;2000;0001;1000120;Těsnění ploché 42 mm;Těsnění a guma;101;Příjem zboží na objednávku;S;821,560;KS;37,41;30734,56;CZK;;Metalšrot Tlumačov;;SN7462;;;;SVOBODM;4010 Nákup
14.01.2026;14.01.2026;4900000512;1;2000;0001;1000190;Manžeta 92x78;Těsnění a guma;101;Příjem zboží na objednávku;S;967,300;KS;8,95;8657,33;CZK;;Colorlak a.s.;;SN5200;;;;VESELAM;4010 Nákup
14.01.2026;14.01.2026;4900000633;1;1000;0001;1000212;Jekl 92x92x7;Ocel;101;Příjem zboží na objednávku;S;1140,780;KG;44,23;50456,70;CZK;;Alumat s.r.o.;;SN4976;;;;CERNAT;4010 Nákup
14.01.2026;14.01.2026;4900000636;1;1000;0001;1000213;Plech Al 20 mm;Hliník;101;Příjem zboží na objednávku;S;300,660;KG;115,47;34717,21;CZK;;Killich s.r.o.;;SN9393;;;;KUCERAL;4010 Nákup
14.01.2026;14.01.2026;4900000672;1;1000;0001;1000219;Jekl 28x28x58;Ocel;101;Příjem zboží na objednávku;S;1665,780;KG;22,30;37146,89;CZK;;Rubena a.s.;;SN3924;;;;CERNAT;4010 Nákup
14.01.2026;14.01.2026;4900000684;1;1000;0001;1000222;Motor 80 kW;Elektro;101;Příjem zboží na objednávku;S;452,860;KS;172,02;77900,98;CZK;;Fabory CZ;;SN7035;;;;NOVAKJ;4010 Nákup
14.01.2026;14.01.2026;4900000784;1;1000;0001;1000239;Těsnění ploché 68 mm;Těsnění a guma;101;Příjem zboží na objednávku;S;195,190;KS;32,26;6296,83;CZK;;Bibus s.r.o.;;SN3180;;;;DVORAKP;4010 Nákup
14.01.2026;14.01.2026;4900000788;1;1000;0001;1000239;Těsnění ploché 68 mm;Těsnění a guma;101;Příjem zboží na objednávku;S;1036,790;KS;32,26;33446,85;CZK;;Elektro Cabel CZ;;SN8216;;;;CERNAT;4010 Nákup
14.01.2026;14.01.2026;4900001018;1;1000;0001;1000283;Profil Al 57x50;Hliník;101;Příjem zboží na objednávku;S;2164,580;KG;117,06;253385,73;CZK;;Rubena a.s.;;SN6208;;;;NOVAKJ;4010 Nákup
14.01.2026;14.01.2026;4900001030;1;2000;0001;1000285;Čidlo indukční 55 mm;Elektro;101;Příjem zboží na objednávku;S;455,250;KS;424,53;193267,28;CZK;;Colorlak a.s.;;SN9000;;;;PROCHAZ;4010 Nákup
14.01.2026;14.01.2026;4900001044;1;1000;0001;1000288;Těsnění ploché 57 mm;Těsnění a guma;101;Příjem zboží na objednávku;S;1101,010;KS;50,59;55700,10;CZK;;Colorlak a.s.;;SN5611;;;;NOVAKJ;4010 Nákup
14.01.2026;14.01.2026;4900001062;1;1000;0001;1000292;Kabel CYKY 10x22;Elektro;101;Příjem zboží na objednávku;S;163,870;KS;573,52;93982,72;CZK;;Colorlak a.s.;;SN4004;;;;SVOBODM;4010 Nákup
14.01.2026;14.01.2026;4900001171;1;2000;0001;1000310;Jekl 41x41x61;Ocel;101;Příjem zboží na objednávku;S;1852,910;KG;25,01;46341,28;CZK;;Hennlich s.r.o.;;SN9042;;;;SVOBODM;4010 Nákup
14.01.2026;14.01.2026;4900001178;1;1000;0001;1000311;Profil Al 93x76;Hliník;101;Příjem zboží na objednávku;S;387,110;KG;92,87;35950,91;CZK;;Plastika Nitra a.s.;;SN2953;;;;NOVAKJ;4010 Nákup
14.01.2026;14.01.2026;4900001214;1;1000;0001;1000317;Plech ocelový 81 mm;Ocel;101;Příjem zboží na objednávku;S;1376,080;KG;28,83;39672,39;CZK;;Elektro Cabel CZ;;SN2315;;;;HORAKT;4010 Nákup
14.01.2026;14.01.2026;4900001355;1;2000;0001;1000344;Tlumič gumový 31;Těsnění a guma;101;Příjem zboží na objednávku;S;941,140;KS;11,20;10540,77;CZK;;Ferona a.s.;;SN3287;;;;NOVAKJ;4010 Nákup
14.01.2026;14.01.2026;4900001469;1;1000;0001;1000365;O-kroužek 119 mm;Těsnění a guma;101;Příjem zboží na objednávku;S;966,280;KS;65,35;63146,40;CZK;;Alumat s.r.o.;;SN4474;;;;CERNAT;4010 Nákup
14.01.2026;14.01.2026;4900001479;1;1000;0001;1000366;Tyč kruhová 95 mm;Ocel;101;Příjem zboží na objednávku;S;2091,990;KG;42,70;89327,97;CZK;;PPG Deco Czech;;SN6903;;;;SVOBODM;4010 Nákup
14.01.2026;14.01.2026;4900001522;1;2000;0001;1000375;Deska PE 101 mm;Plasty;101;Příjem zboží na objednávku;S;1324,920;KG;63,57;84225,16;CZK;;ThyssenKrupp Ferrostal;;SN1815;;;;PROCHAZ;4010 Nákup
14.01.2026;14.01.2026;4900001565;1;2000;0001;1000383;Motor 69 kW;Elektro;101;Příjem zboží na objednávku;S;708,480;KS;150,72;106782,11;CZK;;Hilti ČR s.r.o.;;SN5359;;;;HORAKT;4010 Nákup
14.01.2026;14.01.2026;4900001575;1;2000;0001;1000384;Matice M24;Spojovací materiál;101;Příjem zboží na objednávku;S;335,250;KS;6,64;2226,06;CZK;;ESSA Czech;;SN5763;;;;VESELAM;4010 Nákup
14.01.2026;14.01.2026;4900001587;1;1000;0001;1000387;Trubka ocelová 55x68;Ocel;101;Příjem zboží na objednávku;S;1808,890;KG;29,33;53054,74;CZK;;Siemens s.r.o.;;SN2264;;;;PROCHAZ;4010 Nákup
15.01.2026;15.01.2026;4900000009;1;2000;0001;1000101;Profil Al 82x12;Hliník;101;Příjem zboží na objednávku;S;991,570;KG;126,57;125503,01;CZK;;ESSA Czech;;SN3158;;;;CERNAT;4010 Nákup
15.01.2026;15.01.2026;4900000025;1;2000;0001;1000104;Nýt 57x11;Spojovací materiál;101;Příjem zboží na objednávku;S;1081,880;KS;5,48;5928,70;CZK;;Rubena a.s.;;SN8088;;;;DVORAKP;4010 Nákup
15.01.2026;15.01.2026;4900000088;1;1000;0001;1000115;Profil Al 44x37;Hliník;101;Příjem zboží na objednávku;S;670,230;KG;75,99;50930,78;CZK;;Bibus s.r.o.;;SN4039;;;;DVORAKP;4010 Nákup
15.01.2026;15.01.2026;4900000182;1;2000;0001;1000133;Lak polyuretanový RAL 5010;Nátěry a chemie;101;Příjem zboží na objednávku;S;557,110;L;132,80;73984,21;CZK;;Ferona a.s.;;SN3123;;;;DVORAKP;4010 Nákup
15.01.2026;15.01.2026;4900000321;1;2000;0001;1000157;Trubka Al 95 mm;Hliník;101;Příjem zboží na objednávku;S;1469,790;KG;85,98;126372,54;CZK;;Resinex CZ s.r.o.;;SN5139;;;;PROCHAZ;4010 Nákup
15.01.2026;15.01.2026;4900000387;1;1000;0001;1000168;Základní barva RAL 3020;Nátěry a chemie;101;Příjem zboží na objednávku;S;867,060;L;115,98;100561,62;CZK;;PPG Deco Czech;;SN6130;;;;VESELAM;4010 Nákup
15.01.2026;15.01.2026;4900000508;1;2000;0001;1000189;Lak polyuretanový RAL 6011;Nátěry a chemie;101;Příjem zboží na objednávku;S;1506,970;L;322,32;485726,57;CZK;;ThyssenKrupp Ferrostal;;SN9375;;;;PROCHAZ;4010 Nákup
15.01.2026;15.01.2026;4900000560;1;2000;0001;1000199;Plech Al 25 mm;Hliník;101;Příjem zboží na objednávku;S;2026,190;KG;87,30;176886,39;CZK;;PPG Deco Czech;;SN6065;;;;HORAKT;4010 Nákup
15.01.2026;15.01.2026;4900000686;1;1000;0001;1000222;Motor 80 kW;Elektro;101;Příjem zboží na objednávku;S;1047,900;KS;172,02;180259,76;CZK;;Bibus s.r.o.;;SN6315;;;;VESELAM;4010 Nákup
15.01.2026;15.01.2026;4900000809;1;1000;0001;1000244;Podložka 93;Spojovací materiál;101;Příjem zboží na objednávku;S;1110,700;KS;14,76;16393,93;CZK;;Plastika Nitra a.s.;;SN8136;;;;NOVAKJ;4010 Nákup
15.01.2026;15.01.2026;4900000827;1;1000;0001;1000246;Těsnění ploché 116 mm;Těsnění a guma;101;Příjem zboží na objednávku;S;837,270;KS;47,79;40013,13;CZK;;ESSA Czech;;SN2333;;;;NOVAKJ;4010 Nákup
15.01.2026;15.01.2026;4900000847;1;1000;0001;1000250;Kabel CYKY 34x42;Elektro;101;Příjem zboží na objednávku;S;894,170;KS;795,46;711276,47;CZK;;Ferona a.s.;;SN2773;;;;SVOBODM;4010 Nákup
15.01.2026;15.01.2026;4900000906;1;1000;0001;1000261;Profil U 10;Ocel;101;Příjem zboží na objednávku;S;1729,750;KG;33,90;58638,52;CZK;;Wurth s.r.o.;;SN2778;;;;SVOBODM;4010 Nákup
15.01.2026;15.01.2026;4900000917;1;1000;0001;1000263;Granulát PA6 3;Plasty;101;Příjem zboží na objednávku;S;1500,960;KG;55,99;84038,75;CZK;;Resinex CZ s.r.o.;;SN3017;;;;KUCERAL;4010 Nákup
15.01.2026;15.01.2026;4900000935;1;1000;0001;1000268;Tyč kruhová 82 mm;Ocel;101;Příjem zboží na objednávku;S;1351,650;KG;20,79;28100,80;CZK;;Alumat s.r.o.;;SN5416;;;;PROCHAZ;4010 Nákup
15.01.2026;15.01.2026;4900000956;1;2000;0001;1000272;Šroub M28x22;Spojovací materiál;101;Příjem zboží na objednávku;S;664,890;KS;8,82;5864,33;CZK;;Haberkorn s.r.o.;;SN4048;;;;VESELAM;4010 Nákup
15.01.2026;15.01.2026;4900001046;1;1000;0001;1000289;Plech ocelový 110 mm;Ocel;101;Příjem zboží na objednávku;S;742,090;KG;23,40;17364,91;CZK;;Alumat s.r.o.;;SN5907;;;;DVORAKP;4010 Nákup
15.01.2026;15.01.2026;4900001125;1;2000;0001;1000302;Tlumič gumový 20;Těsnění a guma;101;Příjem zboží na objednávku;S;911,990;KS;4,51;4113,07;CZK;;Fabory CZ;;SN5172;;;;KUCERAL;4010 Nákup
15.01.2026;15.01.2026;4900001158;1;2000;0001;1000308;Ředidlo S29;Nátěry a chemie;101;Příjem zboží na objednávku;S;1071,100;L;132,91;142359,90;CZK;;Haberkorn s.r.o.;;SN6958;;;;SVOBODM;4010 Nákup
15.01.2026;15.01.2026;4900001163;1;2000;0001;1000308;Ředidlo S29;Nátěry a chemie;101;Příjem zboží na objednávku;S;2014,950;L;132,91;267807,00;CZK;;Siemens s.r.o.;;SN1759;;;;NOVAKJ;4010 Nákup
15.01.2026;15.01.2026;4900001275;1;2000;0001;1000329;Lak polyuretanový RAL 3020;Nátěry a chemie;101;Příjem zboží na objednávku;S;1960,430;L;156,30;306415,21;CZK;;Bibus s.r.o.;;SN3724;;;;DVORAKP;4010 Nákup
15.01.2026;15.01.2026;4900001309;1;2000;0001;1000335;Šroub M70x57;Spojovací materiál;101;Příjem zboží na objednávku;S;1137,070;KS;4,55;5173,67;CZK;;Ferona a.s.;;SN5527;;;;PROCHAZ;4010 Nákup
15.01.2026;15.01.2026;4900001353;1;2000;0001;1000343;Odmašťovač RAL 5010;Nátěry a chemie;101;Příjem zboží na objednávku;S;185,610;L;156,59;29064,67;CZK;;Hilti ČR s.r.o.;;SN8707;;;;DVORAKP;4010 Nákup
15.01.2026;15.01.2026;4900001385;1;2000;0001;1000349;Podložka 13;Spojovací materiál;101;Příjem zboží na objednávku;S;441,570;KS;13,44;5934,70;CZK;;Fabory CZ;;SN1813;;;;VESELAM;4010 Nákup
15.01.2026;15.01.2026;4900001576;1;2000;0001;1000384;Matice M24;Spojovací materiál;101;Příjem zboží na objednávku;S;1068,300;KS;6,64;7093,51;CZK;;Rubena a.s.;;SN3097;;;;KUCERAL;4010 Nákup
15.01.2026;15.01.2026;4900001582;1;1000;0001;1000385;Odmašťovač RAL 6011;Nátěry a chemie;101;Příjem zboží na objednávku;S;1199,040;L;320,08;383788,72;CZK;;Fabory CZ;;SN4336;;;;NOVAKJ;4010 Nákup
15.01.2026;15.01.2026;4900001662;1;1000;0001;1000162;Manžeta 19x29;Těsnění a guma;261;Výdej do výrobní zakázky;H;-293,690;KS;19,44;-5709,33;CZK;VZ400003;;;;;;;HORAKT;5030 Výroba obrábění
15.01.2026;15.01.2026;4900001662;2;1000;0001;1000305;Granulát ABS 54;Plasty;261;Výdej do výrobní zakázky;H;-328,090;KG;83,28;-27323,34;CZK;VZ400003;;;;;;;HORAKT;5030 Výroba obrábění
15.01.2026;15.01.2026;4900001662;3;1000;0001;1000205;Trubka ocelová 6x21;Ocel;261;Výdej do výrobní zakázky;H;-156,950;KG;20,71;-3250,43;CZK;VZ400003;;;;;;;SVOBODM;5030 Výroba obrábění
15.01.2026;15.01.2026;4900001662;4;1000;0001;1000246;Těsnění ploché 116 mm;Těsnění a guma;261;Výdej do výrobní zakázky;H;-267,890;KS;47,79;-12802,46;CZK;VZ400003;;;;;;;VESELAM;5030 Výroba obrábění
15.01.2026;15.01.2026;4900001662;5;1000;0001;1000280;Lak polyuretanový RAL 5010;Nátěry a chemie;261;Výdej do výrobní zakázky;H;-52,460;L;269,15;-14119,61;CZK;VZ400003;;;;;;;VESELAM;5030 Výroba obrábění
15.01.2026;15.01.2026;4900001663;1;1000;0001;1000162;Manžeta 19x29;Těsnění a guma;551;Výdej do šrotu;H;-7,500;KS;19,44;-145,80;CZK;VZ400003;;;;;;;CERNAT;5030 Výroba obrábění
15.01.2026;15.01.2026;4900002627;1;2000;0001;1000101;Profil Al 82x12;Hliník;102;Storno příjmu zboží;H;-991,570;KG;126,57;-125503,01;CZK;;ESSA Czech;;SN3158;;;;CERNAT;4010 Nákup
15.01.2026;15.01.2026;4900002638;1;2000;0001;1000104;Nýt 57x11;Spojovací materiál;102;Storno příjmu zboží;H;-1081,880;KS;5,48;-5928,70;CZK;;Rubena a.s.;;SN8088;;;;DVORAKP;4010 Nákup
16.01.2026;16.01.2026;4900000153;1;1000;0001;1000127;Tlumič gumový 51;Těsnění a guma;101;Příjem zboží na objednávku;S;958,610;KS;61,47;58925,76;CZK;;Rubena a.s.;;SN2097;;;;VESELAM;4010 Nákup
16.01.2026;16.01.2026;4900000193;1;2000;0001;1000135;Jekl 3x3x76;Ocel;101;Příjem zboží na objednávku;S;1146,400;KG;33,76;38702,46;CZK;;Lapp Kabel s.r.o.;;SN1930;;;;CERNAT;4010 Nákup
16.01.2026;16.01.2026;4900000386;1;1000;0001;1000168;Základní barva RAL 3020;Nátěry a chemie;101;Příjem zboží na objednávku;S;966,210;L;115,98;112061,04;CZK;;Ferona a.s.;;SN7288;;;;DVORAKP;4010 Nákup
16.01.2026;16.01.2026;4900000395;1;1000;0001;1000169;O-kroužek 90 mm;Těsnění a guma;101;Příjem zboží na objednávku;S;298,930;KS;8,34;2493,08;CZK;;Wurth s.r.o.;;SN6622;;;;DVORAKP;4010 Nákup
16.01.2026;16.01.2026;4900000398;1;2000;0001;1000170;Trubka ocelová 73x65;Ocel;101;Příjem zboží na objednávku;S;2001,710;KG;23,63;47300,41;CZK;;ABB s.r.o.;;SN7665;;;;SVOBODM;4010 Nákup
16.01.2026;16.01.2026;4900000456;1;1000;0001;1000179;Granulát ABS 25;Plasty;101;Příjem zboží na objednávku;S;707,490;KG;54,80;38770,45;CZK;;Schneider Electric CZ;;SN9353;;;;PROCHAZ;4010 Nákup
16.01.2026;16.01.2026;4900000473;1;1000;0001;1000183;O-kroužek 107 mm;Těsnění a guma;101;Příjem zboží na objednávku;S;911,880;KS;51,09;46587,95;CZK;;Plastika Nitra a.s.;;SN6488;;;;SVOBODM;4010 Nákup
16.01.2026;16.01.2026;4900000791;1;2000;0001;1000240;Profil U 62;Ocel;101;Příjem zboží na objednávku;S;1273,930;KG;20,67;26332,13;CZK;;Haberkorn s.r.o.;;SN4058;;;;HORAKT;4010 Nákup
16.01.2026;16.01.2026;4900000873;1;2000;0001;1000255;Trubka Al 111 mm;Hliník;101;Příjem zboží na objednávku;S;1778,340;KG;114,47;203566,58;CZK;;Schneider Electric CZ;;SN7925;;;;PROCHAZ;4010 Nákup
16.01.2026;16.01.2026;4900000903;1;1000;0001;1000261;Profil U 10;Ocel;101;Příjem zboží na objednávku;S;345,970;KG;33,90;11728,38;CZK;;Metalšrot Tlumačov;;SN6378;;;;DVORAKP;4010 Nákup
16.01.2026;16.01.2026;4900000967;1;1000;0001;1000274;Těsnění ploché 75 mm;Těsnění a guma;101;Příjem zboží na objednávku;S;1182,370;KS;26,80;31687,52;CZK;;Metalšrot Tlumačov;;SN6315;;;;HORAKT;4010 Nákup
16.01.2026;16.01.2026;4900001009;1;2000;0001;1000282;Plech ocelový 15 mm;Ocel;101;Příjem zboží na objednávku;S;843,250;KG;32,61;27498,38;CZK;;Elektro Cabel CZ;;SN6863;;;;KUCERAL;4010 Nákup
16.01.2026;16.01.2026;4900001028;1;2000;0001;1000285;Čidlo indukční 55 mm;Elektro;101;Příjem zboží na objednávku;S;153,840;KS;424,53;65309,70;CZK;;ABB s.r.o.;;SN5514;;;;PROCHAZ;4010 Nákup
16.01.2026;16.01.2026;4900001055;1;2000;0001;1000290;Trubka Al 57 mm;Hliník;101;Příjem zboží na objednávku;S;1390,220;KG;92,57;128692,67;CZK;;Haberkorn s.r.o.;;SN6833;;;;KUCERAL;4010 Nákup
16.01.2026;16.01.2026;4900001074;1;1000;0001;1000293;Matice M3;Spojovací materiál;101;Příjem zboží na objednávku;S;642,740;KS;10,49;6742,34;CZK;;Resinex CZ s.r.o.;;SN8416;;;;CERNAT;4010 Nákup
16.01.2026;16.01.2026;4900001080;1;1000;0001;1000294;Odmašťovač RAL 6011;Nátěry a chemie;101;Příjem zboží na objednávku;S;1952,980;L;303,21;592163,07;CZK;;ESSA Czech;;SN8237;;;;NOVAKJ;4010 Nákup
16.01.2026;16.01.2026;4900001094;1;2000;0001;1000296;Plech ocelový 110 mm;Ocel;101;Příjem zboží na objednávku;S;1304,550;KG;44,46;58000,29;CZK;;Killich s.r.o.;;SN6700;;;;VESELAM;4010 Nákup
16.01.2026;16.01.2026;4900001470;1;1000;0001;1000365;O-kroužek 119 mm;Těsnění a guma;101;Příjem zboží na objednávku;S;539,180;KS;65,35;35235,41;CZK;;Metalšrot Tlumačov;;SN1294;;;;SVOBODM;4010 Nákup
16.01.2026;16.01.2026;4900001482;1;1000;0001;1000367;Trubka Al 13 mm;Hliník;101;Příjem zboží na objednávku;S;663,710;KG;97,83;64930,75;CZK;;Fabory CZ;;SN2642;;;;VESELAM;4010 Nákup
16.01.2026;16.01.2026;4900001552;1;1000;0001;1000379;O-kroužek 24 mm;Těsnění a guma;101;Příjem zboží na objednávku;S;712,140;KS;10,55;7513,08;CZK;;Bossard CZ s.r.o.;;SN4059;;;;CERNAT;4010 Nákup
16.01.2026;16.01.2026;4900001617;1;1000;0001;1000392;Ředidlo S21;Nátěry a chemie;101;Příjem zboží na objednávku;S;209,270;L;160,83;33656,89;CZK;;Metalšrot Tlumačov;;SN1370;;;;DVORAKP;4010 Nákup
16.01.2026;16.01.2026;4900001634;1;2000;0001;1000396;Granulát PA6 20;Plasty;101;Příjem zboží na objednávku;S;1487,850;KG;82,13;122197,12;CZK;;Metalšrot Tlumačov;;SN3805;;;;CERNAT;4010 Nákup
16.01.2026;16.01.2026;4900001953;1;2000;0001;1000268;Tyč kruhová 82 mm;Ocel;261;Výdej do výrobní zakázky;H;-66,640;KG;20,79;-1385,45;CZK;VZ400159;;;;;;;VESELAM;5020 Výroba montáž
16.01.2026;16.01.2026;4900001953;2;2000;0001;1000217;Odmašťovač RAL 6011;Nátěry a chemie;261;Výdej do výrobní zakázky;H;-175,560;L;302,81;-53161,32;CZK;VZ400159;;;;;;;VESELAM;5030 Výroba obrábění
16.01.2026;16.01.2026;4900001953;3;2000;0001;1000314;Šroub M107x51;Spojovací materiál;261;Výdej do výrobní zakázky;H;-185,640;KS;7,91;-1468,41;CZK;VZ400159;;;;;;;KUCERAL;5030 Výroba obrábění
16.01.2026;16.01.2026;4900001953;4;2000;0001;1000301;Lak polyuretanový RAL 5010;Nátěry a chemie;261;Výdej do výrobní zakázky;H;-210,280;L;339,05;-71295,43;CZK;VZ400159;;;;;;;HORAKT;5020 Výroba montáž
19.01.2026;19.01.2026;4900000010;1;2000;0001;1000101;Profil Al 82x12;Hliník;101;Příjem zboží na objednávku;S;2078,370;KG;126,57;263059,29;CZK;;Metalšrot Tlumačov;;SN3517;;;;SVOBODM;4010 Nákup
19.01.2026;19.01.2026;4900000016;1;2000;0001;1000102;Granulát PA6 83;Plasty;101;Příjem zboží na objednávku;S;1163,010;KG;73,29;85237,00;CZK;;Bibus s.r.o.;;SN4600;;;;DVORAKP;4010 Nákup
19.01.2026;19.01.2026;4900000047;1;1000;0001;1000108;Plech Al 76 mm;Hliník;101;Příjem zboží na objednávku;S;1858,310;KG;68,38;127071,24;CZK;;Alumat s.r.o.;;SN7042;;;;PROCHAZ;4010 Nákup
19.01.2026;19.01.2026;4900000048;1;1000;0001;1000108;Plech Al 76 mm;Hliník;101;Příjem zboží na objednávku;S;784,990;KG;68,38;53677,62;CZK;;PPG Deco Czech;;SN6985;;;;CERNAT;4010 Nákup
19.01.2026;19.01.2026;4900000057;1;2000;0001;1000110;Motor 70 kW;Elektro;101;Příjem zboží na objednávku;S;744,530;KS;215,98;160803,59;CZK;;Elektro Cabel CZ;;SN7230;;;;SVOBODM;4010 Nákup
19.01.2026;19.01.2026;4900000079;1;1000;0001;1000114;Jekl 107x107x78;Ocel;101;Příjem zboží na objednávku;S;1141,220;KG;20,98;23942,80;CZK;;Trelleborg Bohemia;;SN9084;;;;VESELAM;4010 Nákup
19.01.2026;19.01.2026;4900000086;1;1000;0001;1000115;Profil Al 44x37;Hliník;101;Příjem zboží na objednávku;S;2166,290;KG;75,99;164616,38;CZK;;Alumat s.r.o.;;SN2276;;;;CERNAT;4010 Nákup
19.01.2026;19.01.2026;4900000096;1;2000;0001;1000117;Motor 72 kW;Elektro;101;Příjem zboží na objednávku;S;1063,730;KS;660,38;702466,02;CZK;;Fabory CZ;;SN2427;;;;PROCHAZ;4010 Nákup
19.01.2026;19.01.2026;4900000169;1;1000;0001;1000130;Deska PE 105 mm;Plasty;101;Příjem zboží na objednávku;S;778,470;KG;64,17;49954,42;CZK;;Alumat s.r.o.;;SN6277;;;;NOVAKJ;4010 Nákup
19.01.2026;19.01.2026;4900000170;1;1000;0001;1000130;Deska PE 105 mm;Plasty;101;Příjem zboží na objednávku;S;2158,330;KG;64,17;138500,04;CZK;;Bibus s.r.o.;;SN9560;;;;PROCHAZ;4010 Nákup
19.01.2026;19.01.2026;4900000247;1;1000;0001;1000144;Deska PP 104 mm;Plasty;101;Příjem zboží na objednávku;S;1133,990;KG;75,68;85820,36;CZK;;Colorlak a.s.;;SN8388;;;;VESELAM;4010 Nákup
19.01.2026;19.01.2026;4900000289;1;2000;0001;1000151;Granulát PA6 7;Plasty;101;Příjem zboží na objednávku;S;740,020;KG;48,47;35868,77;CZK;;ABB s.r.o.;;SN7207;;;;NOVAKJ;4010 Nákup
19.01.2026;19.01.2026;4900000343;1;1000;0001;1000160;Podložka 6;Spojovací materiál;101;Příjem zboží na objednávku;S;170,600;KS;7,02;1197,61;CZK;;ArcelorMittal Distribution;;SN3052;;;;VESELAM;4010 Nákup
19.01.2026;19.01.2026;4900000506;1;2000;0001;1000189;Lak polyuretanový RAL 6011;Nátěry a chemie;101;Příjem zboží na objednávku;S;1656,470;L;322,32;533913,41;CZK;;Resinex CZ s.r.o.;;SN3236;;;;CERNAT;4010 Nákup
19.01.2026;19.01.2026;4900000514;1;1000;0001;1000191;Trubka ocelová 94x42;Ocel;101;Příjem zboží na objednávku;S;1957,650;KG;27,06;52974,01;CZK;;Lapp Kabel s.r.o.;;SN3578;;;;NOVAKJ;4010 Nákup
19.01.2026;19.01.2026;4900000542;1;2000;0001;1000196;Odmašťovač RAL 3020;Nátěry a chemie;101;Příjem zboží na objednávku;S;1473,750;L;250,63;369365,96;CZK;;ESSA Czech;;SN7704;;;;CERNAT;4010 Nákup
19.01.2026;19.01.2026;4900000620;1;1000;0001;1000209;Matice M37;Spojovací materiál;101;Příjem zboží na objednávku;S;351,000;KS;14,07;4938,57;CZK;;Bossard CZ s.r.o.;;SN5531;;;;HORAKT;4010 Nákup
19.01.2026;19.01.2026;4900000655;1;1000;0001;1000216;Podložka 26;Spojovací materiál;101;Příjem zboží na objednávku;S;441,890;KS;12,61;5572,23;CZK;;ABB s.r.o.;;SN3009;;;;HORAKT;4010 Nákup
19.01.2026;19.01.2026;4900000715;1;1000;0001;1000227;Profil Al 118x69;Hliník;101;Příjem zboží na objednávku;S;1482,700;KG;60,93;90340,91;CZK;;Wurth s.r.o.;;SN5475;;;;HORAKT;4010 Nákup
19.01.2026;19.01.2026;4900000738;1;1000;0001;1000232;O-kroužek 61 mm;Těsnění a guma;101;Příjem zboží na objednávku;S;597,710;KS;8,12;4853,41;CZK;;ABB s.r.o.;;SN8456;;;;CERNAT;4010 Nákup
19.01.2026;19.01.2026;4900001092;1;2000;0001;1000296;Plech ocelový 110 mm;Ocel;101;Příjem zboží na objednávku;S;711,460;KG;44,46;31631,51;CZK;;Colorlak a.s.;;SN3260;;;;CERNAT;4010 Nákup
19.01.2026;19.01.2026;4900001161;1;2000;0001;1000308;Ředidlo S29;Nátěry a chemie;101;Příjem zboží na objednávku;S;1177,780;L;132,91;156538,74;CZK;;Hennlich s.r.o.;;SN9761;;;;VESELAM;4010 Nákup
19.01.2026;19.01.2026;4900001162;1;2000;0001;1000308;Ředidlo S29;Nátěry a chemie;101;Příjem zboží na objednávku;S;1388,410;L;132,91;184533,57;CZK;;PPG Deco Czech;;SN4640;;;;DVORAKP;4010 Nákup
19.01.2026;19.01.2026;4900001180;1;1000;0001;1000311;Profil Al 93x76;Hliník;101;Příjem zboží na objednávku;S;915,440;KG;92,87;85016,91;CZK;;Lapp Kabel s.r.o.;;SN7528;;;;VESELAM;4010 Nákup
19.01.2026;19.01.2026;4900001215;1;1000;0001;1000317;Plech ocelový 81 mm;Ocel;101;Příjem zboží na objednávku;S;1649,190;KG;28,83;47546,15;CZK;;Ferona a.s.;;SN3045;;;;PROCHAZ;4010 Nákup
19.01.2026;19.01.2026;4900001248;1;1000;0001;1000324;Profil U 62;Ocel;101;Příjem zboží na objednávku;S;265,400;KG;40,88;10849,55;CZK;;Lapp Kabel s.r.o.;;SN2152;;;;KUCERAL;4010 Nákup
19.01.2026;19.01.2026;4900001397;1;2000;0001;1000351;O-kroužek 30 mm;Těsnění a guma;101;Příjem zboží na objednávku;S;158,940;KS;59,66;9482,36;CZK;;Bossard CZ s.r.o.;;SN8062;;;;CERNAT;4010 Nákup
19.01.2026;19.01.2026;4900001497;1;2000;0001;1000369;Kabel CYKY 69x15;Elektro;101;Příjem zboží na objednávku;S;480,460;KS;47,42;22783,41;CZK;;Bibus s.r.o.;;SN8693;;;;DVORAKP;4010 Nákup
19.01.2026;19.01.2026;4900001604;1;2000;0001;1000389;Deska PE 67 mm;Plasty;101;Příjem zboží na objednávku;S;1356,810;KG;59,43;80635,22;CZK;;Haberkorn s.r.o.;;SN6955;;;;HORAKT;4010 Nákup
19.01.2026;19.01.2026;4900001743;1;2000;0001;1000248;Trubka Al 51 mm;Hliník;261;Výdej do výrobní zakázky;H;-134,520;KG;67,47;-9076,06;CZK;VZ400042;;;;;;;HORAKT;5020 Výroba montáž
19.01.2026;19.01.2026;4900001743;2;2000;0001;1000307;Matice M93;Spojovací materiál;261;Výdej do výrobní zakázky;H;-157,320;KS;6,22;-978,53;CZK;VZ400042;;;;;;;KUCERAL;5030 Výroba obrábění
19.01.2026;19.01.2026;4900001743;3;2000;0001;1000286;Kolík 71x53;Spojovací materiál;261;Výdej do výrobní zakázky;H;-202,730;KS;3,28;-664,95;CZK;VZ400042;;;;;;;SVOBODM;5030 Výroba obrábění
19.01.2026;19.01.2026;4900001743;4;2000;0001;1000379;O-kroužek 24 mm;Těsnění a guma;261;Výdej do výrobní zakázky;H;-92,720;KS;10,55;-978,20;CZK;VZ400042;;;;;;;SVOBODM;5030 Výroba obrábění
19.01.2026;19.01.2026;4900001743;5;2000;0001;1000107;Profil U 83;Ocel;261;Výdej do výrobní zakázky;H;-132,810;KG;26,39;-3504,86;CZK;VZ400042;;;;;;;PROCHAZ;5030 Výroba obrábění
19.01.2026;19.01.2026;4900001743;6;2000;0001;1000184;Profil U 96;Ocel;261;Výdej do výrobní zakázky;H;-121,980;KG;20,09;-2450,58;CZK;VZ400042;;;;;;;CERNAT;5030 Výroba obrábění
19.01.2026;19.01.2026;4900002632;1;2000;0001;1000102;Granulát PA6 83;Plasty;102;Storno příjmu zboží;H;-1163,010;KG;73,29;-85237,00;CZK;;Bibus s.r.o.;;SN4600;;;;DVORAKP;4010 Nákup
20.01.2026;20.01.2026;4900000062;1;1000;0001;1000111;Podložka 21;Spojovací materiál;101;Příjem zboží na objednávku;S;1102,430;KS;16,00;17638,88;CZK;;Schneider Electric CZ;;SN6402;;;;CERNAT;4010 Nákup
20.01.2026;20.01.2026;4900000066;1;1000;0001;1000112;Lak polyuretanový RAL 3020;Nátěry a chemie;101;Příjem zboží na objednávku;S;1130,190;L;246,57;278670,95;CZK;;Colorlak a.s.;;SN3486;;;;NOVAKJ;4010 Nákup
20.01.2026;20.01.2026;4900000151;1;1000;0001;1000127;Tlumič gumový 51;Těsnění a guma;101;Příjem zboží na objednávku;S;342,790;KS;61,47;21071,30;CZK;;Wurth s.r.o.;;SN5638;;;;NOVAKJ;4010 Nákup
20.01.2026;20.01.2026;4900000325;1;2000;0001;1000157;Trubka Al 95 mm;Hliník;101;Příjem zboží na objednávku;S;1157,280;KG;85,98;99502,93;CZK;;Plastika Nitra a.s.;;SN8319;;;;KUCERAL;4010 Nákup
20.01.2026;20.01.2026;4900000412;1;1000;0001;1000172;Deska PE 85 mm;Plasty;101;Příjem zboží na objednávku;S;1870,300;KG;44,67;83546,30;CZK;;ABB s.r.o.;;SN2085;;;;NOVAKJ;4010 Nákup
20.01.2026;20.01.2026;4900000468;1;2000;0001;1000182;Ředidlo S111;Nátěry a chemie;101;Příjem zboží na objednávku;S;508,070;L;318,03;161581,50;CZK;;ArcelorMittal Distribution;;SN2221;;;;PROCHAZ;4010 Nákup
20.01.2026;20.01.2026;4900000476;1;1000;0001;1000183;O-kroužek 107 mm;Těsnění a guma;101;Příjem zboží na objednávku;S;667,010;KS;51,09;34077,54;CZK;;Fabory CZ;;SN6916;;;;HORAKT;4010 Nákup
20.01.2026;20.01.2026;4900000550;1;1000;0001;1000197;Manžeta 47x52;Těsnění a guma;101;Příjem zboží na objednávku;S;1187,410;KS;54,17;64322,00;CZK;;ESSA Czech;;SN8511;;;;PROCHAZ;4010 Nákup
20.01.2026;20.01.2026;4900000733;1;2000;0001;1000231;Odmašťovač RAL 5010;Nátěry a chemie;101;Příjem zboží na objednávku;S;257,410;L;195,83;50408,60;CZK;;Alumat s.r.o.;;SN9198;;;;HORAKT;4010 Nákup
20.01.2026;20.01.2026;4900000798;1;2000;0001;1000241;Plech Al 66 mm;Hliník;101;Příjem zboží na objednávku;S;1760,080;KG;98,14;172734,25;CZK;;PPG Deco Czech;;SN8942;;;;HORAKT;4010 Nákup
20.01.2026;20.01.2026;4900000866;1;2000;0001;1000254;Tyč kruhová 76 mm;Ocel;101;Příjem zboží na objednávku;S;1452,500;KG;34,35;49893,38;CZK;;Alumat s.r.o.;;SN6164;;;;PROCHAZ;4010 Nákup
20.01.2026;20.01.2026;4900000881;1;2000;0001;1000257;Kabel CYKY 73x66;Elektro;101;Příjem zboží na objednávku;S;416,450;KS;863,64;359662,88;CZK;;Elektro Cabel CZ;;SN2349;;;;PROCHAZ;4010 Nákup
20.01.2026;20.01.2026;4900000964;1;1000;0001;1000273;Lak polyuretanový RAL 3020;Nátěry a chemie;101;Příjem zboží na objednávku;S;1825,160;L;292,88;534552,86;CZK;;Alumat s.r.o.;;SN3493;;;;PROCHAZ;4010 Nákup
20.01.2026;20.01.2026;4900000972;1;2000;0001;1000275;Jekl 98x98x65;Ocel;101;Příjem zboží na objednávku;S;1934,640;KG;34,85;67422,20;CZK;;Bossard CZ s.r.o.;;SN8700;;;;VESELAM;4010 Nákup
20.01.2026;20.01.2026;4900001010;1;2000;0001;1000282;Plech ocelový 15 mm;Ocel;101;Příjem zboží na objednávku;S;1851,050;KG;32,61;60362,74;CZK;;Plastika Nitra a.s.;;SN8892;;;;VESELAM;4010 Nákup
20.01.2026;20.01.2026;4900001106;1;1000;0001;1000298;Granulát PA6 97;Plasty;101;Příjem zboží na objednávku;S;225,380;KG;78,04;17588,66;CZK;;Lapp Kabel s.r.o.;;SN6595;;;;DVORAKP;4010 Nákup
20.01.2026;20.01.2026;4900001133;1;2000;0001;1000303;Tyč kruhová 68 mm;Ocel;101;Příjem zboží na objednávku;S;1150,270;KG;35,56;40903,60;CZK;;ESSA Czech;;SN9681;;;;CERNAT;4010 Nákup
20.01.2026;20.01.2026;4900001153;1;1000;0001;1000306;Motor 8 kW;Elektro;101;Příjem zboží na objednávku;S;465,550;KS;611,12;284506,92;CZK;;ABB s.r.o.;;SN1285;;;;NOVAKJ;4010 Nákup
20.01.2026;20.01.2026;4900001277;1;2000;0001;1000329;Lak polyuretanový RAL 3020;Nátěry a chemie;101;Příjem zboží na objednávku;S;2113,310;L;156,30;330310,35;CZK;;ESSA Czech;;SN6979;;;;DVORAKP;4010 Nákup
20.01.2026;20.01.2026;4900001323;1;1000;0001;1000339;Profil Al 7x33;Hliník;101;Příjem zboží na objednávku;S;1739,810;KG;91,34;158914,25;CZK;;ABB s.r.o.;;SN3634;;;;PROCHAZ;4010 Nákup
20.01.2026;20.01.2026;4900001368;1;2000;0001;1000345;Tyč kruhová 110 mm;Ocel;101;Příjem zboží na objednávku;S;238,470;KG;36,23;8639,77;CZK;;Colorlak a.s.;;SN5762;;;;HORAKT;4010 Nákup
20.01.2026;20.01.2026;4900001548;1;2000;0001;1000378;Základní barva RAL 6011;Nátěry a chemie;101;Příjem zboží na objednávku;S;1892,030;L;99,53;188313,75;CZK;;Bibus s.r.o.;;SN2270;;;;KUCERAL;4010 Nákup
20.01.2026;20.01.2026;4900001585;1;1000;0001;1000386;Těsnění ploché 105 mm;Těsnění a guma;101;Příjem zboží na objednávku;S;553,450;KS;52,47;29039,52;CZK;;Metalšrot Tlumačov;;SN3550;;;;KUCERAL;4010 Nákup
20.01.2026;20.01.2026;4900001655;1;2000;0001;1000399;Lak polyuretanový RAL 5010;Nátěry a chemie;101;Příjem zboží na objednávku;S;1844,150;L;170,55;314519,78;CZK;;Siemens s.r.o.;;SN5808;;;;DVORAKP;4010 Nákup
20.01.2026;20.01.2026;4900001772;1;1000;0001;1000313;Kabel CYKY 66x55;Elektro;261;Výdej do výrobní zakázky;H;-113,940;KS;566,73;-64573,22;CZK;VZ400055;;;;;;;CERNAT;5020 Výroba montáž
20.01.2026;20.01.2026;4900001772;2;1000;0001;1000179;Granulát ABS 25;Plasty;261;Výdej do výrobní zakázky;H;-119,160;KG;54,80;-6529,97;CZK;VZ400055;;;;;;;VESELAM;5030 Výroba obrábění
20.01.2026;20.01.2026;4900001772;3;1000;0001;1000215;Motor 73 kW;Elektro;261;Výdej do výrobní zakázky;H;-133,920;KS;175,44;-23494,92;CZK;VZ400055;;;;;;;NOVAKJ;5030 Výroba obrábění
20.01.2026;20.01.2026;4900001772;4;1000;0001;1000387;Trubka ocelová 55x68;Ocel;261;Výdej do výrobní zakázky;H;-131,400;KG;29,33;-3853,96;CZK;VZ400055;;;;;;;SVOBODM;5030 Výroba obrábění
20.01.2026;20.01.2026;4900001772;5;1000;0001;1000371;Lak polyuretanový RAL 5010;Nátěry a chemie;261;Výdej do výrobní zakázky;H;-46,260;L;210,04;-9716,45;CZK;VZ400055;;;;;;;SVOBODM;5020 Výroba montáž
20.01.2026;20.01.2026;4900001772;6;1000;0001;1000374;Plech Al 115 mm;Hliník;261;Výdej do výrobní zakázky;H;-27,540;KG;66,46;-1830,31;CZK;VZ400055;;;;;;;KUCERAL;5030 Výroba obrábění
20.01.2026;20.01.2026;4900001772;7;1000;0001;1000258;Kolík 6x58;Spojovací materiál;261;Výdej do výrobní zakázky;H;-179,280;KS;4,08;-731,46;CZK;VZ400055;;;;;;;DVORAKP;5020 Výroba montáž
20.01.2026;20.01.2026;4900001772;8;1000;0001;1000165;Deska PE 38 mm;Plasty;261;Výdej do výrobní zakázky;H;-122,940;KG;43,33;-5326,99;CZK;VZ400055;;;;;;;NOVAKJ;5020 Výroba montáž
20.01.2026;20.01.2026;4900001772;9;1000;0001;1000335;Šroub M70x57;Spojovací materiál;261;Výdej do výrobní zakázky;H;-193,860;KS;4,55;-882,06;CZK;VZ400055;;;;;;;HORAKT;5030 Výroba obrábění
20.01.2026;20.01.2026;4900001910;1;1000;0001;1000172;Deska PE 85 mm;Plasty;261;Výdej do výrobní zakázky;H;-81,400;KG;44,67;-3636,14;CZK;VZ400131;;;;;;;VESELAM;5030 Výroba obrábění
20.01.2026;20.01.2026;4900001910;2;1000;0001;1000109;Granulát PA6 108;Plasty;261;Výdej do výrobní zakázky;H;-185,240;KG;65,68;-12166,56;CZK;VZ400131;;;;;;;HORAKT;5030 Výroba obrábění
20.01.2026;20.01.2026;4900001910;3;1000;0001;1000240;Profil U 62;Ocel;261;Výdej do výrobní zakázky;H;-289,080;KG;20,67;-5975,28;CZK;VZ400131;;;;;;;PROCHAZ;5020 Výroba montáž
20.01.2026;20.01.2026;4900001910;4;1000;0001;1000219;Jekl 28x28x58;Ocel;261;Výdej do výrobní zakázky;H;-38,280;KG;22,30;-853,64;CZK;VZ400131;;;;;;;VESELAM;5030 Výroba obrábění
20.01.2026;20.01.2026;4900001910;5;1000;0001;1000275;Jekl 98x98x65;Ocel;261;Výdej do výrobní zakázky;H;-296,560;KG;34,85;-10335,12;CZK;VZ400131;;;;;;;PROCHAZ;5030 Výroba obrábění
20.01.2026;20.01.2026;4900001910;6;1000;0001;1000317;Plech ocelový 81 mm;Ocel;261;Výdej do výrobní zakázky;H;-136,400;KG;28,83;-3932,41;CZK;VZ400131;;;;;;;KUCERAL;5030 Výroba obrábění
20.01.2026;20.01.2026;4900001910;7;1000;0001;1000183;O-kroužek 107 mm;Těsnění a guma;261;Výdej do výrobní zakázky;H;-397,760;KS;51,09;-20321,56;CZK;VZ400131;;;;;;;HORAKT;5030 Výroba obrábění
20.01.2026;20.01.2026;4900001910;8;1000;0001;1000389;Deska PE 67 mm;Plasty;261;Výdej do výrobní zakázky;H;-172,040;KG;59,43;-10224,34;CZK;VZ400131;;;;;;;CERNAT;5030 Výroba obrábění
20.01.2026;20.01.2026;4900001910;9;1000;0001;1000396;Granulát PA6 20;Plasty;261;Výdej do výrobní zakázky;H;-80,520;KG;82,13;-6613,11;CZK;VZ400131;;;;;;;HORAKT;5030 Výroba obrábění
20.01.2026;20.01.2026;4900002049;1;1000;0001;1000155;Těsnění ploché 95 mm;Těsnění a guma;261;Výdej do výrobní zakázky;H;-28,200;KS;30,84;-869,69;CZK;VZ400219;;;;;;;HORAKT;5020 Výroba montáž
20.01.2026;20.01.2026;4900002049;2;1000;0001;1000179;Granulát ABS 25;Plasty;261;Výdej do výrobní zakázky;H;-108,450;KG;54,80;-5943,06;CZK;VZ400219;;;;;;;PROCHAZ;5020 Výroba montáž
20.01.2026;20.01.2026;4900002049;3;1000;0001;1000250;Kabel CYKY 34x42;Elektro;261;Výdej do výrobní zakázky;H;-124,950;KS;795,46;-99392,73;CZK;VZ400219;;;;;;;KUCERAL;5020 Výroba montáž
20.01.2026;20.01.2026;4900002049;4;1000;0001;1000162;Manžeta 19x29;Těsnění a guma;261;Výdej do výrobní zakázky;H;-144,000;KS;19,44;-2799,36;CZK;VZ400219;;;;;;;PROCHAZ;5030 Výroba obrábění
20.01.2026;20.01.2026;4900002049;5;1000;0001;1000369;Kabel CYKY 69x15;Elektro;261;Výdej do výrobní zakázky;H;-94,500;KS;47,42;-4481,19;CZK;VZ400219;;;;;;;HORAKT;5030 Výroba obrábění
20.01.2026;20.01.2026;4900002049;6;1000;0001;1000260;Těsnění ploché 87 mm;Těsnění a guma;261;Výdej do výrobní zakázky;H;-102,450;KS;22,51;-2306,15;CZK;VZ400219;;;;;;;NOVAKJ;5030 Výroba obrábění
20.01.2026;20.01.2026;4900002049;7;1000;0001;1000382;Deska PE 55 mm;Plasty;261;Výdej do výrobní zakázky;H;-19,950;KG;70,90;-1414,46;CZK;VZ400219;;;;;;;NOVAKJ;5030 Výroba obrábění
20.01.2026;20.01.2026;4900002088;1;2000;0001;1000198;Trubka ocelová 56x45;Ocel;261;Výdej do výrobní zakázky;H;-46,580;KG;20,95;-975,85;CZK;VZ400254;;;;;;;KUCERAL;5020 Výroba montáž
20.01.2026;20.01.2026;4900002088;2;2000;0001;1000174;Nýt 118x78;Spojovací materiál;261;Výdej do výrobní zakázky;H;-129,200;KS;11,72;-1514,22;CZK;VZ400254;;;;;;;SVOBODM;5020 Výroba montáž
20.01.2026;20.01.2026;4900002088;3;2000;0001;1000274;Těsnění ploché 75 mm;Těsnění a guma;261;Výdej do výrobní zakázky;H;-269,960;KS;26,80;-7234,93;CZK;VZ400254;;;;;;;PROCHAZ;5030 Výroba obrábění
20.01.2026;20.01.2026;4900002088;4;2000;0001;1000345;Tyč kruhová 110 mm;Ocel;261;Výdej do výrobní zakázky;H;-73,440;KG;36,23;-2660,73;CZK;VZ400254;;;;;;;HORAKT;5020 Výroba montáž
20.01.2026;20.01.2026;4900002088;5;2000;0001;1000167;Nýt 105x50;Spojovací materiál;261;Výdej do výrobní zakázky;H;-69,360;KS;10,11;-701,23;CZK;VZ400254;;;;;;;HORAKT;5030 Výroba obrábění
20.01.2026;20.01.2026;4900002088;6;2000;0001;1000262;Plech Al 68 mm;Hliník;261;Výdej do výrobní zakázky;H;-237,660;KG;60,20;-14307,13;CZK;VZ400254;;;;;;;NOVAKJ;5020 Výroba montáž
20.01.2026;20.01.2026;4900002088;7;2000;0001;1000208;Stykač 43 A;Elektro;261;Výdej do výrobní zakázky;H;-38,420;KS;687,68;-26420,67;CZK;VZ400254;;;;;;;DVORAKP;5020 Výroba montáž
20.01.2026;20.01.2026;4900002088;8;2000;0001;1000293;Matice M3;Spojovací materiál;261;Výdej do výrobní zakázky;H;-296,820;KS;10,49;-3113,64;CZK;VZ400254;;;;;;;CERNAT;5020 Výroba montáž
20.01.2026;20.01.2026;4900002155;1;1000;0003;5000141;Převodovka šneková F508;Hotový výrobek;601;Výdej při dodání zákazníkovi;H;-11,000;KS;1789,06;-19679,66;CZK;;;Tatra Trucks a.s.;SV5044;21356,99;19679,66;4594,96;DVORAKP;6010 Expedice
21.01.2026;21.01.2026;4900000027;1;2000;0001;1000104;Nýt 57x11;Spojovací materiál;101;Příjem zboží na objednávku;S;1091,980;KS;5,48;5984,05;CZK;;Rubena a.s.;;SN2806;;;;DVORAKP;4010 Nákup
21.01.2026;21.01.2026;4900000051;1;1000;0001;1000109;Granulát PA6 108;Plasty;101;Příjem zboží na objednávku;S;1308,220;KG;65,68;85923,89;CZK;;Killich s.r.o.;;SN1671;;;;KUCERAL;4010 Nákup
21.01.2026;21.01.2026;4900000058;1;2000;0001;1000110;Motor 70 kW;Elektro;101;Příjem zboží na objednávku;S;1063,360;KS;215,98;229664,49;CZK;;Ferona a.s.;;SN9814;;;;NOVAKJ;4010 Nákup
21.01.2026;21.01.2026;4900000177;1;2000;0001;1000131;Čidlo indukční 113 mm;Elektro;101;Příjem zboží na objednávku;S;942,930;KS;756,41;713241,68;CZK;;Alumat s.r.o.;;SN7097;;;;NOVAKJ;4010 Nákup
21.01.2026;21.01.2026;4900000244;1;2000;0001;1000143;Plech Al 68 mm;Hliník;101;Příjem zboží na objednávku;S;632,990;KG;76,77;48594,64;CZK;;Resinex CZ s.r.o.;;SN2433;;;;VESELAM;4010 Nákup
21.01.2026;21.01.2026;4900000299;1;2000;0001;1000153;Nýt 52x57;Spojovací materiál;101;Příjem zboží na objednávku;S;514,920;KS;13,98;7198,58;CZK;;Hennlich s.r.o.;;SN5140;;;;KUCERAL;4010 Nákup
21.01.2026;21.01.2026;4900000335;1;2000;0001;1000159;Čidlo indukční 23 mm;Elektro;101;Příjem zboží na objednávku;S;299,380;KS;206,10;61702,22;CZK;;Hilti ČR s.r.o.;;SN6436;;;;CERNAT;4010 Nákup
21.01.2026;21.01.2026;4900000404;1;1000;0001;1000171;Plech Al 110 mm;Hliník;101;Příjem zboží na objednávku;S;1394,340;KG;73,80;102902,29;CZK;;Ferona a.s.;;SN3615;;;;HORAKT;4010 Nákup
21.01.2026;21.01.2026;4900000413;1;2000;0001;1000173;Čidlo indukční 108 mm;Elektro;101;Příjem zboží na objednávku;S;549,500;KS;435,84;239494,08;CZK;;Bossard CZ s.r.o.;;SN1535;;;;VESELAM;4010 Nákup
21.01.2026;21.01.2026;4900000524;1;1000;0001;1000193;Deska PE 67 mm;Plasty;101;Příjem zboží na objednávku;S;1603,380;KG;87,82;140808,83;CZK;;Hennlich s.r.o.;;SN6086;;;;PROCHAZ;4010 Nákup
21.01.2026;21.01.2026;4900000573;1;1000;0001;1000200;Deska PE 42 mm;Plasty;101;Příjem zboží na objednávku;S;729,880;KG;93,92;68550,33;CZK;;ESSA Czech;;SN9865;;;;NOVAKJ;4010 Nákup
21.01.2026;21.01.2026;4900000596;1;1000;0001;1000205;Trubka ocelová 6x21;Ocel;101;Příjem zboží na objednávku;S;1582,510;KG;20,71;32773,78;CZK;;Siemens s.r.o.;;SN3133;;;;DVORAKP;4010 Nákup
21.01.2026;21.01.2026;4900000637;1;1000;0001;1000213;Plech Al 20 mm;Hliník;101;Příjem zboží na objednávku;S;2061,380;KG;115,47;238027,55;CZK;;Schneider Electric CZ;;SN3690;;;;NOVAKJ;4010 Nákup
21.01.2026;21.01.2026;4900000698;1;1000;0001;1000224;Lak polyuretanový RAL 6011;Nátěry a chemie;101;Příjem zboží na objednávku;S;236,620;L;165,51;39162,98;CZK;;Lapp Kabel s.r.o.;;SN8895;;;;PROCHAZ;4010 Nákup
21.01.2026;21.01.2026;4900000794;1;2000;0001;1000240;Profil U 62;Ocel;101;Příjem zboží na objednávku;S;1663,720;KG;20,67;34389,09;CZK;;Plastika Nitra a.s.;;SN8891;;;;KUCERAL;4010 Nákup
21.01.2026;21.01.2026;4900000864;1;2000;0001;1000254;Tyč kruhová 76 mm;Ocel;101;Příjem zboží na objednávku;S;1607,930;KG;34,35;55232,40;CZK;;Hilti ČR s.r.o.;;SN9195;;;;NOVAKJ;4010 Nákup
21.01.2026;21.01.2026;4900001026;1;2000;0001;1000285;Čidlo indukční 55 mm;Elektro;101;Příjem zboží na objednávku;S;791,040;KS;424,53;335820,21;CZK;;ESSA Czech;;SN7957;;;;CERNAT;4010 Nákup
21.01.2026;21.01.2026;4900001065;1;1000;0001;1000292;Kabel CYKY 10x22;Elektro;101;Příjem zboží na objednávku;S;177,370;KS;573,52;101725,24;CZK;;Rubena a.s.;;SN4202;;;;PROCHAZ;4010 Nákup
21.01.2026;21.01.2026;4900001093;1;2000;0001;1000296;Plech ocelový 110 mm;Ocel;101;Příjem zboží na objednávku;S;1087,550;KG;44,46;48352,47;CZK;;Plastika Nitra a.s.;;SN4467;;;;PROCHAZ;4010 Nákup
21.01.2026;21.01.2026;4900001097;1;1000;0001;1000297;Trubka Al 64 mm;Hliník;101;Příjem zboží na objednávku;S;1400,570;KG;101,55;142227,88;CZK;;PPG Deco Czech;;SN7538;;;;KUCERAL;4010 Nákup
21.01.2026;21.01.2026;4900001286;1;2000;0001;1000330;O-kroužek 39 mm;Těsnění a guma;101;Příjem zboží na objednávku;S;268,640;KS;18,43;4951,04;CZK;;Schneider Electric CZ;;SN4487;;;;PROCHAZ;4010 Nákup
21.01.2026;21.01.2026;4900001713;1;2000;0001;1000268;Tyč kruhová 82 mm;Ocel;261;Výdej do výrobní zakázky;H;-52,360;KG;20,79;-1088,56;CZK;VZ400028;;;;;;;PROCHAZ;5020 Výroba montáž
21.01.2026;21.01.2026;4900001713;2;2000;0001;1000217;Odmašťovač RAL 6011;Nátěry a chemie;261;Výdej do výrobní zakázky;H;-137,940;L;302,81;-41769,61;CZK;VZ400028;;;;;;;VESELAM;5030 Výroba obrábění
21.01.2026;21.01.2026;4900001713;3;2000;0001;1000314;Šroub M107x51;Spojovací materiál;261;Výdej do výrobní zakázky;H;-145,860;KS;7,91;-1153,75;CZK;VZ400028;;;;;;;HORAKT;5030 Výroba obrábění
21.01.2026;21.01.2026;4900001713;4;2000;0001;1000301;Lak polyuretanový RAL 5010;Nátěry a chemie;261;Výdej do výrobní zakázky;H;-165,220;L;339,05;-56017,84;CZK;VZ400028;;;;;;;VESELAM;5020 Výroba montáž
21.01.2026;21.01.2026;4900001773;1;1000;0003;5000148;Konzole montážní A793;Hotový výrobek;131;Příjem z výroby;S;18,000;KS;7570,47;136268,46;CZK;VZ400055;;;SV1658;;;;PROCHAZ;5020 Výroba montáž
21.01.2026;21.01.2026;4900001812;1;2000;0001;1000201;Motor 5 kW;Elektro;261;Výdej do výrobní zakázky;H;-368,550;KS;658,47;-242679,12;CZK;VZ400074;;;;;;;SVOBODM;5020 Výroba montáž
21.01.2026;21.01.2026;4900001812;2;2000;0001;1000227;Profil Al 118x69;Hliník;261;Výdej do výrobní zakázky;H;-351,000;KG;60,93;-21386,43;CZK;VZ400074;;;;;;;VESELAM;5030 Výroba obrábění
21.01.2026;21.01.2026;4900001812;3;2000;0001;1000327;Stykač 56 A;Elektro;261;Výdej do výrobní zakázky;H;-320,850;KS;238,71;-76590,10;CZK;VZ400074;;;;;;;VESELAM;5020 Výroba montáž
21.01.2026;21.01.2026;4900001812;4;2000;0001;1000339;Profil Al 7x33;Hliník;261;Výdej do výrobní zakázky;H;-184,050;KG;91,34;-16811,13;CZK;VZ400074;;;;;;;KUCERAL;5030 Výroba obrábění
21.01.2026;21.01.2026;4900001911;1;1000;0003;5000115;Hydraulický agregát D743;Hotový výrobek;131;Příjem z výroby;S;44,000;KS;2017,76;88781,44;CZK;VZ400131;;;SV4343;;;;HORAKT;5020 Výroba montáž
21.01.2026;21.01.2026;4900001947;1;1000;0001;1000301;Lak polyuretanový RAL 5010;Nátěry a chemie;261;Výdej do výrobní zakázky;H;-18,480;L;339,05;-6265,64;CZK;VZ400155;;;;;;;CERNAT;5020 Výroba montáž
21.01.2026;21.01.2026;4900001947;2;1000;0001;1000373;Tyč kruhová 44 mm;Ocel;261;Výdej do výrobní zakázky;H;-77,140;KG;31,69;-2444,57;CZK;VZ400155;;;;;;;VESELAM;5020 Výroba montáž
21.01.2026;21.01.2026;4900001947;3;1000;0001;1000395;Profil Al 33x47;Hliník;261;Výdej do výrobní zakázky;H;-31,220;KG;128,86;-4023,01;CZK;VZ400155;;;;;;;HORAKT;5020 Výroba montáž
21.01.2026;21.01.2026;4900001947;4;1000;0001;1000322;Lak polyuretanový RAL 7035;Nátěry a chemie;261;Výdej do výrobní zakázky;H;-108,080;L;219,04;-23673,84;CZK;VZ400155;;;;;;;DVORAKP;5030 Výroba obrábění
21.01.2026;21.01.2026;4900001947;5;1000;0001;1000183;O-kroužek 107 mm;Těsnění a guma;261;Výdej do výrobní zakázky;H;-20,720;KS;51,09;-1058,58;CZK;VZ400155;;;;;;;HORAKT;5020 Výroba montáž
21.01.2026;21.01.2026;4900001947;6;1000;0001;1000299;Čidlo indukční 99 mm;Elektro;261;Výdej do výrobní zakázky;H;-48,860;KS;576,77;-28180,98;CZK;VZ400155;;;;;;;NOVAKJ;5020 Výroba montáž
21.01.2026;21.01.2026;4900001954;1;2000;0003;5000105;Hydraulický agregát F685;Hotový výrobek;131;Příjem z výroby;S;28,000;KS;5566,06;155849,68;CZK;VZ400159;;;SV2290;;;;SVOBODM;5020 Výroba montáž
21.01.2026;21.01.2026;4900001955;1;2000;0001;1000390;Frekvenční měnič 119 kW;Elektro;261;Výdej do výrobní zakázky;H;-127,170;KS;680,45;-86532,83;CZK;VZ400160;;;;;;;NOVAKJ;5030 Výroba obrábění
21.01.2026;21.01.2026;4900001955;2;2000;0001;1000391;Kolík 64x14;Spojovací materiál;261;Výdej do výrobní zakázky;H;-217,620;KS;15,07;-3279,53;CZK;VZ400160;;;;;;;CERNAT;5030 Výroba obrábění
21.01.2026;21.01.2026;4900001955;3;2000;0001;1000378;Základní barva RAL 6011;Nátěry a chemie;261;Výdej do výrobní zakázky;H;-83,700;L;99,53;-8330,66;CZK;VZ400160;;;;;;;SVOBODM;5020 Výroba montáž
21.01.2026;21.01.2026;4900001955;4;2000;0001;1000181;Matice M81;Spojovací materiál;261;Výdej do výrobní zakázky;H;-323,730;KS;15,28;-4946,59;CZK;VZ400160;;;;;;;NOVAKJ;5030 Výroba obrábění
21.01.2026;21.01.2026;4900001991;1;1000;0001;1000291;Deska PP 108 mm;Plasty;261;Výdej do výrobní zakázky;H;-62,400;KG;68,24;-4258,18;CZK;VZ400183;;;;;;;KUCERAL;5020 Výroba montáž
21.01.2026;21.01.2026;4900001991;2;1000;0001;1000366;Tyč kruhová 95 mm;Ocel;261;Výdej do výrobní zakázky;H;-51,000;KG;42,70;-2177,70;CZK;VZ400183;;;;;;;SVOBODM;5030 Výroba obrábění
21.01.2026;21.01.2026;4900001991;3;1000;0001;1000256;Deska PE 94 mm;Plasty;261;Výdej do výrobní zakázky;H;-55,920;KG;65,89;-3684,57;CZK;VZ400183;;;;;;;HORAKT;5020 Výroba montáž
21.01.2026;21.01.2026;4900001991;4;1000;0001;1000266;Ředidlo S85;Nátěry a chemie;261;Výdej do výrobní zakázky;H;-21,720;L;292,77;-6358,96;CZK;VZ400183;;;;;;;CERNAT;5020 Výroba montáž
21.01.2026;21.01.2026;4900001995;1;2000;0001;1000198;Trubka ocelová 56x45;Ocel;261;Výdej do výrobní zakázky;H;-17,810;KG;20,95;-373,12;CZK;VZ400185;;;;;;;VESELAM;5030 Výroba obrábění
21.01.2026;21.01.2026;4900001995;2;2000;0001;1000174;Nýt 118x78;Spojovací materiál;261;Výdej do výrobní zakázky;H;-49,400;KS;11,72;-578,97;CZK;VZ400185;;;;;;;KUCERAL;5020 Výroba montáž
21.01.2026;21.01.2026;4900001995;3;2000;0001;1000274;Těsnění ploché 75 mm;Těsnění a guma;261;Výdej do výrobní zakázky;H;-103,220;KS;26,80;-2766,30;CZK;VZ400185;;;;;;;CERNAT;5020 Výroba montáž
21.01.2026;21.01.2026;4900001995;4;2000;0001;1000345;Tyč kruhová 110 mm;Ocel;261;Výdej do výrobní zakázky;H;-28,080;KG;36,23;-1017,34;CZK;VZ400185;;;;;;;VESELAM;5030 Výroba obrábění
21.01.2026;21.01.2026;4900001995;5;2000;0001;1000167;Nýt 105x50;Spojovací materiál;261;Výdej do výrobní zakázky;H;-26,520;KS;10,11;-268,12;CZK;VZ400185;;;;;;;VESELAM;5030 Výroba obrábění
21.01.2026;21.01.2026;4900001995;6;2000;0001;1000262;Plech Al 68 mm;Hliník;261;Výdej do výrobní zakázky;H;-90,870;KG;60,20;-5470,37;CZK;VZ400185;;;;;;;VESELAM;5030 Výroba obrábění
21.01.2026;21.01.2026;4900001995;7;2000;0001;1000208;Stykač 43 A;Elektro;261;Výdej do výrobní zakázky;H;-14,690;KS;687,68;-10102,02;CZK;VZ400185;;;;;;;VESELAM;5030 Výroba obrábění
21.01.2026;21.01.2026;4900001995;8;2000;0001;1000293;Matice M3;Spojovací materiál;261;Výdej do výrobní zakázky;H;-113,490;KS;10,49;-1190,51;CZK;VZ400185;;;;;;;VESELAM;5030 Výroba obrábění
22.01.2026;22.01.2026;4900000113;1;2000;0001;1000120;Těsnění ploché 42 mm;Těsnění a guma;101;Příjem zboží na objednávku;S;568,720;KS;37,41;21275,82;CZK;;Elektro Cabel CZ;;SN2161;;;;HORAKT;4010 Nákup
22.01.2026;22.01.2026;4900000128;1;1000;0001;1000122;Trubka Al 54 mm;Hliník;101;Příjem zboží na objednávku;S;343,280;KG;99,64;34204,42;CZK;;Bibus s.r.o.;;SN2699;;;;VESELAM;4010 Nákup
22.01.2026;22.01.2026;4900000161;1;1000;0001;1000129;Profil Al 107x59;Hliník;101;Příjem zboží na objednávku;S;1527,050;KG;63,91;97593,77;CZK;;Alumat s.r.o.;;SN6098;;;;KUCERAL;4010 Nákup
22.01.2026;22.01.2026;4900000243;1;2000;0001;1000143;Plech Al 68 mm;Hliník;101;Příjem zboží na objednávku;S;346,410;KG;76,77;26593,90;CZK;;Hilti ČR s.r.o.;;SN3744;;;;DVORAKP;4010 Nákup
22.01.2026;22.01.2026;4900000290;1;2000;0001;1000151;Granulát PA6 7;Plasty;101;Příjem zboží na objednávku;S;1205,740;KG;48,47;58442,22;CZK;;Alumat s.r.o.;;SN8779;;;;VESELAM;4010 Nákup
22.01.2026;22.01.2026;4900000438;1;1000;0001;1000176;O-kroužek 27 mm;Těsnění a guma;101;Příjem zboží na objednávku;S;1060,360;KS;39,62;42011,46;CZK;;Colorlak a.s.;;SN6419;;;;NOVAKJ;4010 Nákup
22.01.2026;22.01.2026;4900000593;1;1000;0001;1000205;Trubka ocelová 6x21;Ocel;101;Příjem zboží na objednávku;S;1926,560;KG;20,71;39899,06;CZK;;ESSA Czech;;SN3513;;;;NOVAKJ;4010 Nákup
22.01.2026;22.01.2026;4900000766;1;2000;0001;1000236;Stykač 75 A;Elektro;101;Příjem zboží na objednávku;S;893,500;KS;482,61;431212,04;CZK;;ABB s.r.o.;;SN5131;;;;HORAKT;4010 Nákup
22.01.2026;22.01.2026;4900000815;1;1000;0001;1000244;Podložka 93;Spojovací materiál;101;Příjem zboží na objednávku;S;601,290;KS;14,76;8875,04;CZK;;PPG Deco Czech;;SN1328;;;;DVORAKP;4010 Nákup
22.01.2026;22.01.2026;4900000875;1;2000;0001;1000255;Trubka Al 111 mm;Hliník;101;Příjem zboží na objednávku;S;2183,250;KG;114,47;249916,63;CZK;;Lapp Kabel s.r.o.;;SN4640;;;;KUCERAL;4010 Nákup
22.01.2026;22.01.2026;4900000909;1;2000;0001;1000262;Plech Al 68 mm;Hliník;101;Příjem zboží na objednávku;S;1303,060;KG;60,20;78444,21;CZK;;PPG Deco Czech;;SN4002;;;;KUCERAL;4010 Nákup
22.01.2026;22.01.2026;4900000983;1;1000;0001;1000277;Granulát ABS 15;Plasty;101;Příjem zboží na objednávku;S;1782,000;KG;36,41;64882,62;CZK;;Rubena a.s.;;SN7501;;;;PROCHAZ;4010 Nákup
22.01.2026;22.01.2026;4900001012;1;1000;0001;1000283;Profil Al 57x50;Hliník;101;Příjem zboží na objednávku;S;506,650;KG;117,06;59308,45;CZK;;ArcelorMittal Distribution;;SN1927;;;;PROCHAZ;4010 Nákup
22.01.2026;22.01.2026;4900001068;1;1000;0001;1000292;Kabel CYKY 10x22;Elektro;101;Příjem zboží na objednávku;S;186,910;KS;573,52;107196,62;CZK;;Haberkorn s.r.o.;;SN7063;;;;DVORAKP;4010 Nákup
22.01.2026;22.01.2026;4900001390;1;2000;0001;1000350;Lak polyuretanový RAL 3020;Nátěry a chemie;101;Příjem zboží na objednávku;S;1433,220;L;261,99;375489,31;CZK;;ABB s.r.o.;;SN2147;;;;DVORAKP;4010 Nákup
22.01.2026;22.01.2026;4900001651;1;2000;0001;1000399;Lak polyuretanový RAL 5010;Nátěry a chemie;101;Příjem zboží na objednávku;S;1935,060;L;170,55;330024,48;CZK;;PPG Deco Czech;;SN5614;;;;KUCERAL;4010 Nákup
22.01.2026;22.01.2026;4900001664;1;1000;0003;5000141;Převodovka šneková F508;Hotový výrobek;131;Příjem z výroby;S;43,000;KS;1789,06;76929,58;CZK;VZ400003;;;SV8521;;;;HORAKT;5020 Výroba montáž
22.01.2026;22.01.2026;4900001691;1;2000;0001;1000271;Čidlo indukční 75 mm;Elektro;261;Výdej do výrobní zakázky;H;-99,770;KS;119,80;-11952,45;CZK;VZ400017;;;;;;;HORAKT;5030 Výroba obrábění
22.01.2026;22.01.2026;4900001691;2;2000;0001;1000382;Deska PE 55 mm;Plasty;261;Výdej do výrobní zakázky;H;-67,210;KG;70,90;-4765,19;CZK;VZ400017;;;;;;;CERNAT;5030 Výroba obrábění
22.01.2026;22.01.2026;4900001691;3;2000;0001;1000166;Motor 76 kW;Elektro;261;Výdej do výrobní zakázky;H;-122,210;KS;333,01;-40697,15;CZK;VZ400017;;;;;;;HORAKT;5030 Výroba obrábění
22.01.2026;22.01.2026;4900001691;4;2000;0001;1000345;Tyč kruhová 110 mm;Ocel;261;Výdej do výrobní zakázky;H;-5,610;KG;36,23;-203,25;CZK;VZ400017;;;;;;;CERNAT;5020 Výroba montáž
22.01.2026;22.01.2026;4900001691;5;2000;0001;1000351;O-kroužek 30 mm;Těsnění a guma;261;Výdej do výrobní zakázky;H;-22,330;KS;59,66;-1332,21;CZK;VZ400017;;;;;;;CERNAT;5020 Výroba montáž
22.01.2026;22.01.2026;4900001691;6;2000;0001;1000177;Plech ocelový 91 mm;Ocel;261;Výdej do výrobní zakázky;H;-8,800;KG;41,14;-362,03;CZK;VZ400017;;;;;;;HORAKT;5030 Výroba obrábění
22.01.2026;22.01.2026;4900001744;1;2000;0003;5000100;Čerpadlo odstředivé A594;Hotový výrobek;131;Příjem z výroby;S;19,000;KS;1079,41;20508,79;CZK;VZ400042;;;SV3575;;;;CERNAT;5020 Výroba montáž
22.01.2026;22.01.2026;4900001753;1;1000;0001;1000212;Jekl 92x92x7;Ocel;261;Výdej do výrobní zakázky;H;-45,850;KG;44,23;-2027,95;CZK;VZ400047;;;;;;;VESELAM;5030 Výroba obrábění
22.01.2026;22.01.2026;4900001753;2;1000;0001;1000390;Frekvenční měnič 119 kW;Elektro;261;Výdej do výrobní zakázky;H;-60,340;KS;680,45;-41058,35;CZK;VZ400047;;;;;;;SVOBODM;5020 Výroba montáž
22.01.2026;22.01.2026;4900001753;3;1000;0001;1000357;Ředidlo S101;Nátěry a chemie;261;Výdej do výrobní zakázky;H;-3,780;L;181,43;-685,81;CZK;VZ400047;;;;;;;PROCHAZ;5020 Výroba montáž
22.01.2026;22.01.2026;4900001753;4;1000;0001;1000292;Kabel CYKY 10x22;Elektro;261;Výdej do výrobní zakázky;H;-6,650;KS;573,52;-3813,91;CZK;VZ400047;;;;;;;VESELAM;5020 Výroba montáž
22.01.2026;22.01.2026;4900001753;5;1000;0001;1000258;Kolík 6x58;Spojovací materiál;261;Výdej do výrobní zakázky;H;-67,480;KS;4,08;-275,32;CZK;VZ400047;;;;;;;CERNAT;5030 Výroba obrábění
22.01.2026;22.01.2026;4900001755;1;2000;0001;1000164;Profil Al 16x61;Hliník;261;Výdej do výrobní zakázky;H;-34,780;KG;109,59;-3811,54;CZK;VZ400048;;;;;;;NOVAKJ;5030 Výroba obrábění
22.01.2026;22.01.2026;4900001755;2;2000;0001;1000296;Plech ocelový 110 mm;Ocel;261;Výdej do výrobní zakázky;H;-64,750;KG;44,46;-2878,78;CZK;VZ400048;;;;;;;KUCERAL;5020 Výroba montáž
22.01.2026;22.01.2026;4900001755;3;2000;0001;1000245;Ředidlo S51;Nátěry a chemie;261;Výdej do výrobní zakázky;H;-207,570;L;96,37;-20003,52;CZK;VZ400048;;;;;;;CERNAT;5030 Výroba obrábění
22.01.2026;22.01.2026;4900001755;4;2000;0001;1000346;Trubka Al 104 mm;Hliník;261;Výdej do výrobní zakázky;H;-196,470;KG;119,78;-23533,18;CZK;VZ400048;;;;;;;KUCERAL;5020 Výroba montáž
22.01.2026;22.01.2026;4900001755;5;2000;0001;1000393;Manžeta 107x39;Těsnění a guma;261;Výdej do výrobní zakázky;H;-397,010;KS;30,59;-12144,54;CZK;VZ400048;;;;;;;NOVAKJ;5020 Výroba montáž
22.01.2026;22.01.2026;4900001755;6;2000;0001;1000140;Lak polyuretanový RAL 3020;Nátěry a chemie;261;Výdej do výrobní zakázky;H;-148,000;L;129,92;-19228,16;CZK;VZ400048;;;;;;;KUCERAL;5020 Výroba montáž
22.01.2026;22.01.2026;4900001756;1;2000;0001;1000393;Manžeta 107x39;Těsnění a guma;551;Výdej do šrotu;H;-17,500;KS;30,59;-535,33;CZK;VZ400048;;;;;;;VESELAM;5030 Výroba obrábění
22.01.2026;22.01.2026;4900002050;1;1000;0003;5000101;Převodovka šneková B301;Hotový výrobek;131;Příjem z výroby;S;15,000;KS;9813,50;147202,50;CZK;VZ400219;;;SV9139;;;;CERNAT;5020 Výroba montáž
22.01.2026;22.01.2026;4900002089;1;2000;0003;5000132;Rám podvozkový C802;Hotový výrobek;131;Příjem z výroby;S;34,000;KS;1980,08;67322,72;CZK;VZ400254;;;SV1222;;;;NOVAKJ;5020 Výroba montáž
23.01.2026;23.01.2026;4900000100;1;1000;0001;1000118;Kolík 35x36;Spojovací materiál;101;Příjem zboží na objednávku;S;942,450;KS;6,62;6239,02;CZK;;Killich s.r.o.;;SN4628;;;;PROCHAZ;4010 Nákup
23.01.2026;23.01.2026;4900000226;1;2000;0001;1000141;Těsnění ploché 77 mm;Těsnění a guma;101;Příjem zboží na objednávku;S;916,860;KS;20,01;18346,37;CZK;;Lapp Kabel s.r.o.;;SN4780;;;;SVOBODM;4010 Nákup
23.01.2026;23.01.2026;4900000265;1;2000;0001;1000147;Lak polyuretanový RAL 9005;Nátěry a chemie;101;Příjem zboží na objednávku;S;453,840;L;140,57;63796,29;CZK;;Siemens s.r.o.;;SN9338;;;;PROCHAZ;4010 Nákup
23.01.2026;23.01.2026;4900000283;1;2000;0001;1000150;Profil Al 3x49;Hliník;101;Příjem zboží na objednávku;S;968,350;KG;116,11;112435,12;CZK;;Hilti ČR s.r.o.;;SN6652;;;;KUCERAL;4010 Nákup
23.01.2026;23.01.2026;4900000316;1;2000;0001;1000156;Trubka ocelová 22x42;Ocel;101;Příjem zboží na objednávku;S;1976,410;KG;38,26;75617,45;CZK;;Lapp Kabel s.r.o.;;SN3097;;;;KUCERAL;4010 Nákup
23.01.2026;23.01.2026;4900000510;1;2000;0001;1000189;Lak polyuretanový RAL 6011;Nátěry a chemie;101;Příjem zboží na objednávku;S;1253,870;L;322,32;404147,38;CZK;;Resinex CZ s.r.o.;;SN2430;;;;HORAKT;4010 Nákup
23.01.2026;23.01.2026;4900000544;1;2000;0001;1000196;Odmašťovač RAL 3020;Nátěry a chemie;101;Příjem zboží na objednávku;S;1814,100;L;250,63;454667,88;CZK;;Bossard CZ s.r.o.;;SN8853;;;;VESELAM;4010 Nákup
23.01.2026;23.01.2026;4900000579;1;2000;0001;1000202;Kolík 46x32;Spojovací materiál;101;Příjem zboží na objednávku;S;503,120;KS;2,81;1413,77;CZK;;Siemens s.r.o.;;SN6861;;;;NOVAKJ;4010 Nákup
23.01.2026;23.01.2026;4900000625;1;1000;0001;1000211;O-kroužek 90 mm;Těsnění a guma;101;Příjem zboží na objednávku;S;859,440;KS;5,48;4709,73;CZK;;Resinex CZ s.r.o.;;SN8848;;;;HORAKT;4010 Nákup
23.01.2026;23.01.2026;4900000782;1;2000;0001;1000238;Lak polyuretanový RAL 9005;Nátěry a chemie;101;Příjem zboží na objednávku;S;586,270;L;171,20;100369,42;CZK;;Bossard CZ s.r.o.;;SN4132;;;;CERNAT;4010 Nákup
23.01.2026;23.01.2026;4900000805;1;1000;0001;1000242;Granulát PA6 14;Plasty;101;Příjem zboží na objednávku;S;987,850;KG;54,05;53393,29;CZK;;Plastika Nitra a.s.;;SN4034;;;;DVORAKP;4010 Nákup
23.01.2026;23.01.2026;4900000910;1;2000;0001;1000262;Plech Al 68 mm;Hliník;101;Příjem zboží na objednávku;S;1737,050;KG;60,20;104570,41;CZK;;PPG Deco Czech;;SN1595;;;;CERNAT;4010 Nákup
23.01.2026;23.01.2026;4900000911;1;2000;0001;1000262;Plech Al 68 mm;Hliník;101;Příjem zboží na objednávku;S;409,510;KG;60,20;24652,50;CZK;;ABB s.r.o.;;SN2039;;;;KUCERAL;4010 Nákup
23.01.2026;23.01.2026;4900001174;1;2000;0001;1000310;Jekl 41x41x61;Ocel;101;Příjem zboží na objednávku;S;1817,420;KG;25,01;45453,67;CZK;;ABB s.r.o.;;SN2356;;;;CERNAT;4010 Nákup
23.01.2026;23.01.2026;4900001237;1;2000;0001;1000322;Lak polyuretanový RAL 7035;Nátěry a chemie;101;Příjem zboží na objednávku;S;1051,370;L;219,04;230292,08;CZK;;Plastika Nitra a.s.;;SN9109;;;;NOVAKJ;4010 Nákup
23.01.2026;23.01.2026;4900001271;1;1000;0001;1000328;Nýt 37x12;Spojovací materiál;101;Příjem zboží na objednávku;S;429,580;KS;6,41;2753,61;CZK;;Alumat s.r.o.;;SN8357;;;;SVOBODM;4010 Nákup
23.01.2026;23.01.2026;4900001330;1;1000;0001;1000339;Profil Al 7x33;Hliník;101;Příjem zboží na objednávku;S;384,440;KG;91,34;35114,75;CZK;;Trelleborg Bohemia;;SN4689;;;;CERNAT;4010 Nákup
23.01.2026;23.01.2026;4900001464;1;2000;0001;1000364;Lak polyuretanový RAL 7035;Nátěry a chemie;101;Příjem zboží na objednávku;S;724,760;L;309,04;223979,83;CZK;;Siemens s.r.o.;;SN1015;;;;PROCHAZ;4010 Nákup
23.01.2026;23.01.2026;4900001475;1;1000;0001;1000366;Tyč kruhová 95 mm;Ocel;101;Příjem zboží na objednávku;S;1925,120;KG;42,70;82202,62;CZK;;Rubena a.s.;;SN5670;;;;KUCERAL;4010 Nákup
23.01.2026;23.01.2026;4900001535;1;1000;0001;1000377;Kolík 82x4;Spojovací materiál;101;Příjem zboží na objednávku;S;385,470;KS;4,28;1649,81;CZK;;Alumat s.r.o.;;SN9945;;;;CERNAT;4010 Nákup
23.01.2026;23.01.2026;4900001627;1;1000;0001;1000394;Profil U 48;Ocel;101;Příjem zboží na objednávku;S;491,360;KG;23,81;11699,28;CZK;;ArcelorMittal Distribution;;SN6590;;;;DVORAKP;4010 Nákup
23.01.2026;23.01.2026;4900001637;1;2000;0001;1000396;Granulát PA6 20;Plasty;101;Příjem zboží na objednávku;S;1511,400;KG;82,13;124131,28;CZK;;Ferona a.s.;;SN2747;;;;PROCHAZ;4010 Nákup
23.01.2026;23.01.2026;4900001791;1;1000;0001;1000103;Čidlo indukční 32 mm;Elektro;261;Výdej do výrobní zakázky;H;-127,200;KS;26,60;-3383,52;CZK;VZ400064;;;;;;;PROCHAZ;5020 Výroba montáž
23.01.2026;23.01.2026;4900001791;2;1000;0001;1000345;Tyč kruhová 110 mm;Ocel;261;Výdej do výrobní zakázky;H;-19,520;KG;36,23;-707,21;CZK;VZ400064;;;;;;;NOVAKJ;5020 Výroba montáž
23.01.2026;23.01.2026;4900001791;3;1000;0001;1000141;Těsnění ploché 77 mm;Těsnění a guma;261;Výdej do výrobní zakázky;H;-63,360;KS;20,01;-1267,83;CZK;VZ400064;;;;;;;NOVAKJ;5030 Výroba obrábění
23.01.2026;23.01.2026;4900001791;4;1000;0001;1000159;Čidlo indukční 23 mm;Elektro;261;Výdej do výrobní zakázky;H;-52,640;KS;206,10;-10849,10;CZK;VZ400064;;;;;;;SVOBODM;5030 Výroba obrábění
23.01.2026;23.01.2026;4900001791;5;1000;0001;1000135;Jekl 3x3x76;Ocel;261;Výdej do výrobní zakázky;H;-23,200;KG;33,76;-783,23;CZK;VZ400064;;;;;;;CERNAT;5020 Výroba montáž
23.01.2026;23.01.2026;4900001791;6;1000;0001;1000226;Profil U 4;Ocel;261;Výdej do výrobní zakázky;H;-22,880;KG;27,36;-626,00;CZK;VZ400064;;;;;;;VESELAM;5020 Výroba montáž
23.01.2026;23.01.2026;4900001791;7;1000;0001;1000111;Podložka 21;Spojovací materiál;261;Výdej do výrobní zakázky;H;-69,600;KS;16,00;-1113,60;CZK;VZ400064;;;;;;;KUCERAL;5020 Výroba montáž
23.01.2026;23.01.2026;4900001791;8;1000;0001;1000207;Granulát PA6 54;Plasty;261;Výdej do výrobní zakázky;H;-33,600;KG;68,70;-2308,32;CZK;VZ400064;;;;;;;DVORAKP;5020 Výroba montáž
23.01.2026;23.01.2026;4900001886;1;1000;0001;1000362;Frekvenční měnič 17 kW;Elektro;261;Výdej do výrobní zakázky;H;-289,340;KS;512,26;-148217,31;CZK;VZ400115;;;;;;;KUCERAL;5020 Výroba montáž
23.01.2026;23.01.2026;4900001886;2;1000;0001;1000268;Tyč kruhová 82 mm;Ocel;261;Výdej do výrobní zakázky;H;-66,640;KG;20,79;-1385,45;CZK;VZ400115;;;;;;;HORAKT;5020 Výroba montáž
23.01.2026;23.01.2026;4900001886;3;1000;0001;1000383;Motor 69 kW;Elektro;261;Výdej do výrobní zakázky;H;-108,460;KS;150,72;-16347,09;CZK;VZ400115;;;;;;;KUCERAL;5020 Výroba montáž
23.01.2026;23.01.2026;4900001886;4;1000;0001;1000165;Deska PE 38 mm;Plasty;261;Výdej do výrobní zakázky;H;-25,840;KG;43,33;-1119,65;CZK;VZ400115;;;;;;;DVORAKP;5020 Výroba montáž
23.01.2026;23.01.2026;4900001886;5;1000;0001;1000144;Deska PP 104 mm;Plasty;261;Výdej do výrobní zakázky;H;-160,820;KG;75,68;-12170,86;CZK;VZ400115;;;;;;;PROCHAZ;5020 Výroba montáž
23.01.2026;23.01.2026;4900001886;6;1000;0001;1000259;Základní barva RAL 3020;Nátěry a chemie;261;Výdej do výrobní zakázky;H;-55,420;L;236,85;-13126,23;CZK;VZ400115;;;;;;;VESELAM;5020 Výroba montáž
23.01.2026;23.01.2026;4900001886;7;1000;0001;1000174;Nýt 118x78;Spojovací materiál;261;Výdej do výrobní zakázky;H;-294,780;KS;11,72;-3454,82;CZK;VZ400115;;;;;;;CERNAT;5030 Výroba obrábění
23.01.2026;23.01.2026;4900001948;1;1000;0003;5000129;Ventilová jednotka F138;Hotový výrobek;131;Příjem z výroby;S;14,000;KS;5816,31;81428,34;CZK;VZ400155;;;SV8006;;;;NOVAKJ;5020 Výroba montáž
23.01.2026;23.01.2026;4900001992;1;1000;0003;5000149;Ventilová jednotka B989;Hotový výrobek;131;Příjem z výroby;S;12,000;KS;1674,23;20090,76;CZK;VZ400183;;;SV1476;;;;CERNAT;5020 Výroba montáž
26.01.2026;26.01.2026;4900000172;1;1000;0001;1000130;Deska PE 105 mm;Plasty;101;Příjem zboží na objednávku;S;360,820;KG;64,17;23153,82;CZK;;Ferona a.s.;;SN5223;;;;SVOBODM;4010 Nákup
26.01.2026;26.01.2026;4900000186;1;1000;0001;1000134;Těsnění ploché 105 mm;Těsnění a guma;101;Příjem zboží na objednávku;S;757,070;KS;31,91;24158,10;CZK;;Plastika Nitra a.s.;;SN4703;;;;VESELAM;4010 Nákup
26.01.2026;26.01.2026;4900000191;1;2000;0001;1000135;Jekl 3x3x76;Ocel;101;Příjem zboží na objednávku;S;858,940;KG;33,76;28997,81;CZK;;ThyssenKrupp Ferrostal;;SN6332;;;;VESELAM;4010 Nákup
26.01.2026;26.01.2026;4900000215;1;1000;0001;1000139;Nýt 46x36;Spojovací materiál;101;Příjem zboží na objednávku;S;568,950;KS;4,20;2389,59;CZK;;Elektro Cabel CZ;;SN5629;;;;NOVAKJ;4010 Nákup
26.01.2026;26.01.2026;4900000377;1;1000;0001;1000167;Nýt 105x50;Spojovací materiál;101;Příjem zboží na objednávku;S;291,520;KS;10,11;2947,27;CZK;;Killich s.r.o.;;SN1509;;;;NOVAKJ;4010 Nákup
26.01.2026;26.01.2026;4900000561;1;2000;0001;1000199;Plech Al 25 mm;Hliník;101;Příjem zboží na objednávku;S;880,650;KG;87,30;76880,74;CZK;;ThyssenKrupp Ferrostal;;SN5886;;;;SVOBODM;4010 Nákup
26.01.2026;26.01.2026;4900000635;1;1000;0001;1000213;Plech Al 20 mm;Hliník;101;Příjem zboží na objednávku;S;2008,130;KG;115,47;231878,77;CZK;;ThyssenKrupp Ferrostal;;SN9184;;;;PROCHAZ;4010 Nákup
26.01.2026;26.01.2026;4900000681;1;2000;0001;1000221;Deska PE 117 mm;Plasty;101;Příjem zboží na objednávku;S;496,630;KG;58,15;28879,03;CZK;;Plastika Nitra a.s.;;SN7765;;;;HORAKT;4010 Nákup
26.01.2026;26.01.2026;4900000878;1;1000;0001;1000256;Deska PE 94 mm;Plasty;101;Příjem zboží na objednávku;S;2084,010;KG;65,89;137315,42;CZK;;Fabory CZ;;SN5457;;;;HORAKT;4010 Nákup
26.01.2026;26.01.2026;4900000887;1;1000;0001;1000258;Kolík 6x58;Spojovací materiál;101;Příjem zboží na objednávku;S;914,400;KS;4,08;3730,75;CZK;;Bibus s.r.o.;;SN9365;;;;HORAKT;4010 Nákup
26.01.2026;26.01.2026;4900000915;1;1000;0001;1000263;Granulát PA6 3;Plasty;101;Příjem zboží na objednávku;S;1484,120;KG;55,99;83095,88;CZK;;Bibus s.r.o.;;SN6643;;;;NOVAKJ;4010 Nákup
26.01.2026;26.01.2026;4900000968;1;1000;0001;1000274;Těsnění ploché 75 mm;Těsnění a guma;101;Příjem zboží na objednávku;S;403,270;KS;26,80;10807,64;CZK;;Bossard CZ s.r.o.;;SN3301;;;;HORAKT;4010 Nákup
26.01.2026;26.01.2026;4900001254;1;2000;0001;1000325;Trubka Al 2 mm;Hliník;101;Příjem zboží na objednávku;S;1629,290;KG;72,94;118840,41;CZK;;Elektro Cabel CZ;;SN1131;;;;PROCHAZ;4010 Nákup
26.01.2026;26.01.2026;4900001280;1;2000;0001;1000329;Lak polyuretanový RAL 3020;Nátěry a chemie;101;Příjem zboží na objednávku;S;2006,230;L;156,30;313573,75;CZK;;Plastika Nitra a.s.;;SN1263;;;;DVORAKP;4010 Nákup
26.01.2026;26.01.2026;4900001320;1;1000;0001;1000338;Jekl 47x47x4;Ocel;101;Příjem zboží na objednávku;S;866,270;KG;41,33;35802,94;CZK;;Elektro Cabel CZ;;SN9352;;;;HORAKT;4010 Nákup
26.01.2026;26.01.2026;4900001399;1;2000;0001;1000352;Tyč kruhová 110 mm;Ocel;101;Příjem zboží na objednávku;S;1448,300;KG;43,15;62494,14;CZK;;Trelleborg Bohemia;;SN3904;;;;HORAKT;4010 Nákup
26.01.2026;26.01.2026;4900001499;1;2000;0001;1000369;Kabel CYKY 69x15;Elektro;101;Příjem zboží na objednávku;S;197,100;KS;47,42;9346,48;CZK;;Bibus s.r.o.;;SN3720;;;;HORAKT;4010 Nákup
26.01.2026;26.01.2026;4900001701;1;2000;0001;1000122;Trubka Al 54 mm;Hliník;261;Výdej do výrobní zakázky;H;-186,060;KG;99,64;-18539,02;CZK;VZ400022;;;;;;;SVOBODM;5020 Výroba montáž
26.01.2026;26.01.2026;4900001701;2;2000;0001;1000198;Trubka ocelová 56x45;Ocel;261;Výdej do výrobní zakázky;H;-270,900;KG;20,95;-5675,35;CZK;VZ400022;;;;;;;PROCHAZ;5020 Výroba montáž
26.01.2026;26.01.2026;4900001701;3;2000;0001;1000207;Granulát PA6 54;Plasty;261;Výdej do výrobní zakázky;H;-257,460;KG;68,70;-17687,50;CZK;VZ400022;;;;;;;DVORAKP;5030 Výroba obrábění
26.01.2026;26.01.2026;4900001701;4;2000;0001;1000233;Trubka ocelová 70x56;Ocel;261;Výdej do výrobní zakázky;H;-251,580;KG;20,71;-5210,22;CZK;VZ400022;;;;;;;CERNAT;5020 Výroba montáž
26.01.2026;26.01.2026;4900001701;5;2000;0001;1000247;Profil U 55;Ocel;261;Výdej do výrobní zakázky;H;-132,720;KG;23,08;-3063,18;CZK;VZ400022;;;;;;;HORAKT;5020 Výroba montáž
26.01.2026;26.01.2026;4900001900;1;2000;0001;1000175;Odmašťovač RAL 7035;Nátěry a chemie;261;Výdej do výrobní zakázky;H;-76,200;L;263,16;-20052,79;CZK;VZ400123;;;;;;;PROCHAZ;5030 Výroba obrábění
26.01.2026;26.01.2026;4900001900;2;2000;0001;1000237;Kolík 80x54;Spojovací materiál;261;Výdej do výrobní zakázky;H;-7,300;KS;4,33;-31,61;CZK;VZ400123;;;;;;;SVOBODM;5020 Výroba montáž
26.01.2026;26.01.2026;4900001900;3;2000;0001;1000356;Podložka 42;Spojovací materiál;261;Výdej do výrobní zakázky;H;-48,400;KS;4,27;-206,67;CZK;VZ400123;;;;;;;CERNAT;5030 Výroba obrábění
26.01.2026;26.01.2026;4900001900;4;2000;0001;1000277;Granulát ABS 15;Plasty;261;Výdej do výrobní zakázky;H;-43,700;KG;36,41;-1591,12;CZK;VZ400123;;;;;;;KUCERAL;5020 Výroba montáž
26.01.2026;26.01.2026;4900001900;5;2000;0001;1000295;Těsnění ploché 61 mm;Těsnění a guma;261;Výdej do výrobní zakázky;H;-113,200;KS;18,17;-2056,84;CZK;VZ400123;;;;;;;VESELAM;5030 Výroba obrábění
26.01.2026;26.01.2026;4900001900;6;2000;0001;1000217;Odmašťovač RAL 6011;Nátěry a chemie;261;Výdej do výrobní zakázky;H;-71,100;L;302,81;-21529,79;CZK;VZ400123;;;;;;;CERNAT;5020 Výroba montáž
26.01.2026;26.01.2026;4900001996;1;2000;0003;5000132;Rám podvozkový C802;Hotový výrobek;131;Příjem z výroby;S;13,000;KS;1980,08;25741,04;CZK;VZ400185;;;SV1879;;;;PROCHAZ;5020 Výroba montáž
26.01.2026;26.01.2026;4900002439;1;2000;0003;5000105;Hydraulický agregát F685;Hotový výrobek;601;Výdej při dodání zákazníkovi;H;-15,000;KS;5566,06;-83490,90;CZK;;;Bonatrans Group a.s.;SV1348;118250,11;83490,90;21628,45;DVORAKP;6010 Expedice
27.01.2026;27.01.2026;4900000001;1;1000;0001;1000100;Trubka ocelová 100x79;Ocel;101;Příjem zboží na objednávku;S;1570,850;KG;34,31;53895,86;CZK;;Alumat s.r.o.;;SN4930;;;;HORAKT;4010 Nákup
27.01.2026;27.01.2026;4900000046;1;1000;0001;1000108;Plech Al 76 mm;Hliník;101;Příjem zboží na objednávku;S;843,230;KG;68,38;57660,07;CZK;;Alumat s.r.o.;;SN7822;;;;CERNAT;4010 Nákup
27.01.2026;27.01.2026;4900000179;1;2000;0001;1000132;Matice M34;Spojovací materiál;101;Příjem zboží na objednávku;S;499,060;KS;7,13;3558,30;CZK;;Colorlak a.s.;;SN8235;;;;SVOBODM;4010 Nákup
27.01.2026;27.01.2026;4900000227;1;2000;0001;1000141;Těsnění ploché 77 mm;Těsnění a guma;101;Příjem zboží na objednávku;S;709,990;KS;20,01;14206,90;CZK;;Bossard CZ s.r.o.;;SN7353;;;;PROCHAZ;4010 Nákup
27.01.2026;27.01.2026;4900000383;1;1000;0001;1000167;Nýt 105x50;Spojovací materiál;101;Příjem zboží na objednávku;S;829,730;KS;10,11;8388,57;CZK;;ThyssenKrupp Ferrostal;;SN1239;;;;PROCHAZ;4010 Nákup
27.01.2026;27.01.2026;4900000661;1;1000;0001;1000217;Odmašťovač RAL 6011;Nátěry a chemie;101;Příjem zboží na objednávku;S;1070,740;L;302,81;324230,78;CZK;;Killich s.r.o.;;SN2976;;;;HORAKT;4010 Nákup
27.01.2026;27.01.2026;4900000688;1;1000;0001;1000223;Šroub M2x48;Spojovací materiál;101;Příjem zboží na objednávku;S;475,720;KS;10,18;4842,83;CZK;;Trelleborg Bohemia;;SN2931;;;;NOVAKJ;4010 Nákup
27.01.2026;27.01.2026;4900000744;1;2000;0001;1000233;Trubka ocelová 70x56;Ocel;101;Příjem zboží na objednávku;S;1622,780;KG;20,71;33607,77;CZK;;Haberkorn s.r.o.;;SN4512;;;;DVORAKP;4010 Nákup
27.01.2026;27.01.2026;4900000913;1;2000;0001;1000262;Plech Al 68 mm;Hliník;101;Příjem zboží na objednávku;S;1734,900;KG;60,20;104440,98;CZK;;Fabory CZ;;SN7209;;;;SVOBODM;4010 Nákup
27.01.2026;27.01.2026;4900000940;1;1000;0001;1000268;Tyč kruhová 82 mm;Ocel;101;Příjem zboží na objednávku;S;1185,440;KG;20,79;24645,30;CZK;;Bossard CZ s.r.o.;;SN2942;;;;VESELAM;4010 Nákup
27.01.2026;27.01.2026;4900000976;1;2000;0001;1000275;Jekl 98x98x65;Ocel;101;Příjem zboží na objednávku;S;588,670;KG;34,85;20515,15;CZK;;Rubena a.s.;;SN9707;;;;KUCERAL;4010 Nákup
27.01.2026;27.01.2026;4900001002;1;2000;0001;1000281;Manžeta 90x49;Těsnění a guma;101;Příjem zboží na objednávku;S;1111,210;KS;32,59;36214,33;CZK;;Schneider Electric CZ;;SN7400;;;;HORAKT;4010 Nákup
27.01.2026;27.01.2026;4900001154;1;2000;0001;1000307;Matice M93;Spojovací materiál;101;Příjem zboží na objednávku;S;353,560;KS;6,22;2199,14;CZK;;ESSA Czech;;SN2262;;;;NOVAKJ;4010 Nákup
27.01.2026;27.01.2026;4900001230;1;2000;0001;1000321;Podložka 22;Spojovací materiál;101;Příjem zboží na objednávku;S;437,360;KS;13,53;5917,48;CZK;;Plastika Nitra a.s.;;SN1480;;;;NOVAKJ;4010 Nákup
27.01.2026;27.01.2026;4900001302;1;1000;0001;1000333;Deska PE 40 mm;Plasty;101;Příjem zboží na objednávku;S;1884,690;KG;43,58;82134,79;CZK;;Hennlich s.r.o.;;SN4489;;;;HORAKT;4010 Nákup
27.01.2026;27.01.2026;4900001457;1;2000;0001;1000363;Kolík 119x35;Spojovací materiál;101;Příjem zboží na objednávku;S;709,380;KS;5,72;4057,65;CZK;;ABB s.r.o.;;SN9443;;;;PROCHAZ;4010 Nákup
27.01.2026;27.01.2026;4900001578;1;1000;0001;1000385;Odmašťovač RAL 6011;Nátěry a chemie;101;Příjem zboží na objednávku;S;585,220;L;320,08;187317,22;CZK;;Bossard CZ s.r.o.;;SN1233;;;;DVORAKP;4010 Nákup
27.01.2026;27.01.2026;4900001702;1;2000;0003;5000124;Dopravník pásový A794;Hotový výrobek;131;Příjem z výroby;S;42,000;KS;1487,77;62486,34;CZK;VZ400022;;;SV7750;;;;KUCERAL;5020 Výroba montáž
27.01.2026;27.01.2026;4900001714;1;2000;0003;5000105;Hydraulický agregát F685;Hotový výrobek;131;Příjem z výroby;S;22,000;KS;5566,06;122453,32;CZK;VZ400028;;;SV7134;;;;DVORAKP;5020 Výroba montáž
27.01.2026;27.01.2026;4900001757;1;2000;0003;5000106;Svařenec nosný A522;Hotový výrobek;131;Příjem z výroby;S;37,000;KS;2684,98;99344,26;CZK;VZ400048;;;SV1560;;;;HORAKT;5020 Výroba montáž
27.01.2026;27.01.2026;4900001813;1;2000;0003;5000123;Skříň rozvaděče F976;Hotový výrobek;131;Příjem z výroby;S;45,000;KS;9763,80;439371,00;CZK;VZ400074;;;SV6317;;;;KUCERAL;5020 Výroba montáž
27.01.2026;27.01.2026;4900001856;1;2000;0001;1000264;Motor 26 kW;Elektro;261;Výdej do výrobní zakázky;H;-30,470;KS;733,69;-22355,53;CZK;VZ400097;;;;;;;HORAKT;5030 Výroba obrábění
27.01.2026;27.01.2026;4900001856;2;2000;0001;1000203;Základní barva RAL 5010;Nátěry a chemie;261;Výdej do výrobní zakázky;H;-44,880;L;222,00;-9963,36;CZK;VZ400097;;;;;;;VESELAM;5020 Výroba montáž
27.01.2026;27.01.2026;4900001856;3;2000;0001;1000347;Granulát ABS 90;Plasty;261;Výdej do výrobní zakázky;H;-29,040;KG;65,34;-1897,47;CZK;VZ400097;;;;;;;PROCHAZ;5020 Výroba montáž
27.01.2026;27.01.2026;4900001856;4;2000;0001;1000152;Frekvenční měnič 74 kW;Elektro;261;Výdej do výrobní zakázky;H;-110,550;KS;607,08;-67112,69;CZK;VZ400097;;;;;;;KUCERAL;5030 Výroba obrábění
27.01.2026;27.01.2026;4900001856;5;2000;0001;1000389;Deska PE 67 mm;Plasty;261;Výdej do výrobní zakázky;H;-18,260;KG;59,43;-1085,19;CZK;VZ400097;;;;;;;KUCERAL;5030 Výroba obrábění
27.01.2026;27.01.2026;4900001856;6;2000;0001;1000233;Trubka ocelová 70x56;Ocel;261;Výdej do výrobní zakázky;H;-56,650;KG;20,71;-1173,22;CZK;VZ400097;;;;;;;HORAKT;5030 Výroba obrábění
27.01.2026;27.01.2026;4900001887;1;1000;0003;5000111;Převodovka šneková F683;Hotový výrobek;131;Příjem z výroby;S;34,000;KS;6903,87;234731,58;CZK;VZ400115;;;SV3294;;;;SVOBODM;5020 Výroba montáž
27.01.2026;27.01.2026;4900001901;1;2000;0003;5000122;Rám podvozkový E427;Hotový výrobek;131;Příjem z výroby;S;10,000;KS;5207,47;52074,70;CZK;VZ400123;;;SV4081;;;;DVORAKP;5020 Výroba montáž
27.01.2026;27.01.2026;4900001959;1;1000;0001;1000380;Profil U 111;Ocel;261;Výdej do výrobní zakázky;H;-35,360;KG;24,59;-869,50;CZK;VZ400162;;;;;;;DVORAKP;5020 Výroba montáž
27.01.2026;27.01.2026;4900001959;2;1000;0001;1000215;Motor 73 kW;Elektro;261;Výdej do výrobní zakázky;H;-126,990;KS;175,44;-22279,13;CZK;VZ400162;;;;;;;KUCERAL;5030 Výroba obrábění
27.01.2026;27.01.2026;4900001959;3;1000;0001;1000325;Trubka Al 2 mm;Hliník;261;Výdej do výrobní zakázky;H;-14,280;KG;72,94;-1041,58;CZK;VZ400162;;;;;;;DVORAKP;5030 Výroba obrábění
27.01.2026;27.01.2026;4900001959;4;1000;0001;1000280;Lak polyuretanový RAL 5010;Nátěry a chemie;261;Výdej do výrobní zakázky;H;-87,720;L;269,15;-23609,84;CZK;VZ400162;;;;;;;DVORAKP;5030 Výroba obrábění
27.01.2026;27.01.2026;4900001959;5;1000;0001;1000165;Deska PE 38 mm;Plasty;261;Výdej do výrobní zakázky;H;-16,660;KG;43,33;-721,88;CZK;VZ400162;;;;;;;NOVAKJ;5020 Výroba montáž
27.01.2026;27.01.2026;4900001959;6;1000;0001;1000224;Lak polyuretanový RAL 6011;Nátěry a chemie;261;Výdej do výrobní zakázky;H;-44,880;L;165,51;-7428,09;CZK;VZ400162;;;;;;;KUCERAL;5020 Výroba montáž
27.01.2026;27.01.2026;4900002475;1;1000;0003;5000149;Ventilová jednotka B989;Hotový výrobek;601;Výdej při dodání zákazníkovi;H;-12,000;KS;1674,23;-20090,76;CZK;;;Brose CZ spol. s r.o.;SV6421;30260,46;20090,76;5752,31;HORAKT;6010 Expedice
27.01.2026;27.01.2026;4900002567;1;2000;0003;5000132;Rám podvozkový C802;Hotový výrobek;601;Výdej při dodání zákazníkovi;H;-34,000;KS;1980,08;-67322,72;CZK;;;Juta a.s.;SV6054;97438,50;67322,72;19292,35;NOVAKJ;6010 Expedice
28.01.2026;28.01.2026;4900000187;1;1000;0001;1000134;Těsnění ploché 105 mm;Těsnění a guma;101;Příjem zboží na objednávku;S;213,850;KS;31,91;6823,95;CZK;;Elektro Cabel CZ;;SN2131;;;;HORAKT;4010 Nákup
28.01.2026;28.01.2026;4900000204;1;1000;0001;1000137;Deska PE 65 mm;Plasty;101;Příjem zboží na objednávku;S;1256,960;KG;63,92;80344,88;CZK;;Bossard CZ s.r.o.;;SN6692;;;;HORAKT;4010 Nákup
28.01.2026;28.01.2026;4900000214;1;1000;0001;1000139;Nýt 46x36;Spojovací materiál;101;Příjem zboží na objednávku;S;140,550;KS;4,20;590,31;CZK;;Colorlak a.s.;;SN5912;;;;SVOBODM;4010 Nákup
28.01.2026;28.01.2026;4900000301;1;2000;0001;1000153;Nýt 52x57;Spojovací materiál;101;Příjem zboží na objednávku;S;1075,940;KS;13,98;15041,64;CZK;;Hennlich s.r.o.;;SN4578;;;;KUCERAL;4010 Nákup
28.01.2026;28.01.2026;4900000497;1;1000;0001;1000187;Stykač 3 A;Elektro;101;Příjem zboží na objednávku;S;864,780;KS;249,99;216186,35;CZK;;Bossard CZ s.r.o.;;SN5578;;;;VESELAM;4010 Nákup
28.01.2026;28.01.2026;4900000502;1;1000;0001;1000188;Kolík 68x10;Spojovací materiál;101;Příjem zboží na objednávku;S;590,090;KS;8,82;5204,59;CZK;;Metalšrot Tlumačov;;SN5105;;;;NOVAKJ;4010 Nákup
28.01.2026;28.01.2026;4900000622;1;1000;0001;1000210;Odmašťovač RAL 9005;Nátěry a chemie;101;Příjem zboží na objednávku;S;356,000;L;166,86;59402,16;CZK;;Haberkorn s.r.o.;;SN4578;;;;DVORAKP;4010 Nákup
28.01.2026;28.01.2026;4900000647;1;2000;0001;1000215;Motor 73 kW;Elektro;101;Příjem zboží na objednávku;S;684,830;KS;175,44;120146,58;CZK;;Fabory CZ;;SN4351;;;;CERNAT;4010 Nákup
28.01.2026;28.01.2026;4900000652;1;1000;0001;1000216;Podložka 26;Spojovací materiál;101;Příjem zboží na objednávku;S;335,540;KS;12,61;4231,16;CZK;;Fabory CZ;;SN5898;;;;CERNAT;4010 Nákup
28.01.2026;28.01.2026;4900000707;1;2000;0001;1000226;Profil U 4;Ocel;101;Příjem zboží na objednávku;S;1843,580;KG;27,36;50440,35;CZK;;Hennlich s.r.o.;;SN8170;;;;PROCHAZ;4010 Nákup
28.01.2026;28.01.2026;4900000919;1;1000;0001;1000264;Motor 26 kW;Elektro;101;Příjem zboží na objednávku;S;86,840;KS;733,69;63713,64;CZK;;Schneider Electric CZ;;SN1655;;;;PROCHAZ;4010 Nákup
28.01.2026;28.01.2026;4900000931;1;2000;0001;1000266;Ředidlo S85;Nátěry a chemie;101;Příjem zboží na objednávku;S;1361,410;L;292,77;398580,01;CZK;;Wurth s.r.o.;;SN5521;;;;HORAKT;4010 Nákup
28.01.2026;28.01.2026;4900001194;1;1000;0001;1000314;Šroub M107x51;Spojovací materiál;101;Příjem zboží na objednávku;S;1136,050;KS;7,91;8986,16;CZK;;ThyssenKrupp Ferrostal;;SN1357;;;;KUCERAL;4010 Nákup
28.01.2026;28.01.2026;4900001265;1;1000;0001;1000327;Stykač 56 A;Elektro;101;Příjem zboží na objednávku;S;731,090;KS;238,71;174518,49;CZK;;ThyssenKrupp Ferrostal;;SN6080;;;;KUCERAL;4010 Nákup
28.01.2026;28.01.2026;4900001269;1;1000;0001;1000328;Nýt 37x12;Spojovací materiál;101;Příjem zboží na objednávku;S;994,160;KS;6,41;6372,57;CZK;;Lapp Kabel s.r.o.;;SN8980;;;;NOVAKJ;4010 Nákup
28.01.2026;28.01.2026;4900001562;1;2000;0001;1000382;Deska PE 55 mm;Plasty;101;Příjem zboží na objednávku;S;1636,770;KG;70,90;116046,99;CZK;;Metalšrot Tlumačov;;SN2679;;;;DVORAKP;4010 Nákup
28.01.2026;28.01.2026;4900001625;1;1000;0001;1000393;Manžeta 107x39;Těsnění a guma;101;Příjem zboží na objednávku;S;136,330;KS;30,59;4170,33;CZK;;Haberkorn s.r.o.;;SN2593;;;;SVOBODM;4010 Nákup
28.01.2026;28.01.2026;4900001692;1;2000;0003;5000117;Kryt převodovky F393;Hotový výrobek;131;Příjem z výroby;S;11,000;KS;6197,29;68170,19;CZK;VZ400017;;;SV3780;;;;NOVAKJ;5020 Výroba montáž
28.01.2026;28.01.2026;4900001780;1;2000;0001;1000397;Motor 114 kW;Elektro;261;Výdej do výrobní zakázky;H;-166,760;KS;710,22;-118436,29;CZK;VZ400059;;;;;;;SVOBODM;5020 Výroba montáž
28.01.2026;28.01.2026;4900001780;2;2000;0001;1000132;Matice M34;Spojovací materiál;261;Výdej do výrobní zakázky;H;-58,960;KS;7,13;-420,38;CZK;VZ400059;;;;;;;PROCHAZ;5030 Výroba obrábění
28.01.2026;28.01.2026;4900001780;3;2000;0001;1000254;Tyč kruhová 76 mm;Ocel;261;Výdej do výrobní zakázky;H;-24,200;KG;34,35;-831,27;CZK;VZ400059;;;;;;;VESELAM;5030 Výroba obrábění
28.01.2026;28.01.2026;4900001780;4;2000;0001;1000208;Stykač 43 A;Elektro;261;Výdej do výrobní zakázky;H;-256,960;KS;687,68;-176706,25;CZK;VZ400059;;;;;;;HORAKT;5020 Výroba montáž
28.01.2026;28.01.2026;4900001780;5;2000;0001;1000170;Trubka ocelová 73x65;Ocel;261;Výdej do výrobní zakázky;H;-147,840;KG;23,63;-3493,46;CZK;VZ400059;;;;;;;SVOBODM;5030 Výroba obrábění
28.01.2026;28.01.2026;4900001780;6;2000;0001;1000302;Tlumič gumový 20;Těsnění a guma;261;Výdej do výrobní zakázky;H;-43,780;KS;4,51;-197,45;CZK;VZ400059;;;;;;;KUCERAL;5030 Výroba obrábění
28.01.2026;28.01.2026;4900001780;7;2000;0001;1000230;Kolík 14x73;Spojovací materiál;261;Výdej do výrobní zakázky;H;-221,760;KS;9,78;-2168,81;CZK;VZ400059;;;;;;;HORAKT;5030 Výroba obrábění
28.01.2026;28.01.2026;4900001808;1;2000;0001;1000122;Trubka Al 54 mm;Hliník;261;Výdej do výrobní zakázky;H;-70,880;KG;99,64;-7062,48;CZK;VZ400072;;;;;;;NOVAKJ;5030 Výroba obrábění
28.01.2026;28.01.2026;4900001808;2;2000;0001;1000198;Trubka ocelová 56x45;Ocel;261;Výdej do výrobní zakázky;H;-103,200;KG;20,95;-2162,04;CZK;VZ400072;;;;;;;KUCERAL;5030 Výroba obrábění
28.01.2026;28.01.2026;4900001808;3;2000;0001;1000207;Granulát PA6 54;Plasty;261;Výdej do výrobní zakázky;H;-98,080;KG;68,70;-6738,10;CZK;VZ400072;;;;;;;DVORAKP;5030 Výroba obrábění
28.01.2026;28.01.2026;4900001808;4;2000;0001;1000233;Trubka ocelová 70x56;Ocel;261;Výdej do výrobní zakázky;H;-95,840;KG;20,71;-1984,85;CZK;VZ400072;;;;;;;KUCERAL;5030 Výroba obrábění
28.01.2026;28.01.2026;4900001808;5;2000;0001;1000247;Profil U 55;Ocel;261;Výdej do výrobní zakázky;H;-50,560;KG;23,08;-1166,92;CZK;VZ400072;;;;;;;NOVAKJ;5020 Výroba montáž
28.01.2026;28.01.2026;4900001956;1;2000;0003;5000137;Kryt převodovky B734;Hotový výrobek;131;Příjem z výroby;S;27,000;KS;4419,44;119324,88;CZK;VZ400160;;;SV1817;;;;PROCHAZ;5020 Výroba montáž
28.01.2026;28.01.2026;4900002264;1;1000;0003;5000148;Konzole montážní A793;Hotový výrobek;601;Výdej při dodání zákazníkovi;H;-9,000;KS;7570,47;-68134,23;CZK;;;Continental Automotive;SV1710;100198,54;68134,23;22689,51;HORAKT;6010 Expedice
29.01.2026;29.01.2026;4900000140;1;2000;0001;1000125;Nýt 106x48;Spojovací materiál;101;Příjem zboží na objednávku;S;521,200;KS;12,18;6348,22;CZK;;PPG Deco Czech;;SN8155;;;;KUCERAL;4010 Nákup
29.01.2026;29.01.2026;4900000168;1;1000;0001;1000130;Deska PE 105 mm;Plasty;101;Příjem zboží na objednávku;S;2130,050;KG;64,17;136685,31;CZK;;Killich s.r.o.;;SN8481;;;;KUCERAL;4010 Nákup
29.01.2026;29.01.2026;4900000220;1;2000;0001;1000140;Lak polyuretanový RAL 3020;Nátěry a chemie;101;Příjem zboží na objednávku;S;511,750;L;129,92;66486,56;CZK;;Killich s.r.o.;;SN1547;;;;VESELAM;4010 Nákup
29.01.2026;29.01.2026;4900000229;1;2000;0001;1000141;Těsnění ploché 77 mm;Těsnění a guma;101;Příjem zboží na objednávku;S;723,550;KS;20,01;14478,24;CZK;;Lapp Kabel s.r.o.;;SN4605;;;;SVOBODM;4010 Nákup
29.01.2026;29.01.2026;4900000234;1;2000;0001;1000142;Plech ocelový 112 mm;Ocel;101;Příjem zboží na objednávku;S;815,070;KG;31,94;26033,34;CZK;;Ferona a.s.;;SN7476;;;;CERNAT;4010 Nákup
29.01.2026;29.01.2026;4900000246;1;1000;0001;1000144;Deska PP 104 mm;Plasty;101;Příjem zboží na objednávku;S;1146,450;KG;75,68;86763,34;CZK;;Killich s.r.o.;;SN9203;;;;HORAKT;4010 Nákup
29.01.2026;29.01.2026;4900000300;1;2000;0001;1000153;Nýt 52x57;Spojovací materiál;101;Příjem zboží na objednávku;S;129,590;KS;13,98;1811,67;CZK;;Fabory CZ;;SN4066;;;;NOVAKJ;4010 Nákup
29.01.2026;29.01.2026;4900000302;1;2000;0001;1000153;Nýt 52x57;Spojovací materiál;101;Příjem zboží na objednávku;S;994,860;KS;13,98;13908,14;CZK;;Schneider Electric CZ;;SN1982;;;;HORAKT;4010 Nákup
29.01.2026;29.01.2026;4900000385;1;1000;0001;1000168;Základní barva RAL 3020;Nátěry a chemie;101;Příjem zboží na objednávku;S;470,730;L;115,98;54595,27;CZK;;Bossard CZ s.r.o.;;SN3666;;;;SVOBODM;4010 Nákup
29.01.2026;29.01.2026;4900000443;1;2000;0001;1000177;Plech ocelový 91 mm;Ocel;101;Příjem zboží na objednávku;S;1960,990;KG;41,14;80675,13;CZK;;Elektro Cabel CZ;;SN2442;;;;VESELAM;4010 Nákup
29.01.2026;29.01.2026;4900000538;1;2000;0001;1000195;Kolík 20x27;Spojovací materiál;101;Příjem zboží na objednávku;S;1123,590;KS;15,97;17943,73;CZK;;Lapp Kabel s.r.o.;;SN5033;;;;NOVAKJ;4010 Nákup
29.01.2026;29.01.2026;4900000586;1;1000;0001;1000204;O-kroužek 110 mm;Těsnění a guma;101;Příjem zboží na objednávku;S;1104,560;KS;66,61;73574,74;CZK;;Lapp Kabel s.r.o.;;SN4436;;;;PROCHAZ;4010 Nákup
29.01.2026;29.01.2026;4900000640;1;2000;0001;1000214;Deska PP 15 mm;Plasty;101;Příjem zboží na objednávku;S;1839,060;KG;65,47;120403,26;CZK;;Elektro Cabel CZ;;SN3397;;;;VESELAM;4010 Nákup
29.01.2026;29.01.2026;4900000642;1;2000;0001;1000214;Deska PP 15 mm;Plasty;101;Příjem zboží na objednávku;S;711,410;KG;65,47;46576,01;CZK;;Fabory CZ;;SN9256;;;;NOVAKJ;4010 Nákup
29.01.2026;29.01.2026;4900000697;1;1000;0001;1000224;Lak polyuretanový RAL 6011;Nátěry a chemie;101;Příjem zboží na objednávku;S;1922,450;L;165,51;318184,70;CZK;;Fabory CZ;;SN8688;;;;HORAKT;4010 Nákup
29.01.2026;29.01.2026;4900000737;1;1000;0001;1000232;O-kroužek 61 mm;Těsnění a guma;101;Příjem zboží na objednávku;S;633,190;KS;8,12;5141,50;CZK;;Colorlak a.s.;;SN4304;;;;SVOBODM;4010 Nákup
29.01.2026;29.01.2026;4900000797;1;2000;0001;1000241;Plech Al 66 mm;Hliník;101;Příjem zboží na objednávku;S;2036,680;KG;98,14;199879,78;CZK;;Wurth s.r.o.;;SN5099;;;;DVORAKP;4010 Nákup
29.01.2026;29.01.2026;4900000831;1;1000;0001;1000248;Trubka Al 51 mm;Hliník;101;Příjem zboží na objednávku;S;1524,400;KG;67,47;102851,27;CZK;;Metalšrot Tlumačov;;SN9985;;;;CERNAT;4010 Nákup
29.01.2026;29.01.2026;4900001001;1;2000;0001;1000281;Manžeta 90x49;Těsnění a guma;101;Příjem zboží na objednávku;S;902,600;KS;32,59;29415,73;CZK;;ABB s.r.o.;;SN1708;;;;DVORAKP;4010 Nákup
29.01.2026;29.01.2026;4900001136;1;2000;0001;1000304;Plech Al 29 mm;Hliník;101;Příjem zboží na objednávku;S;815,440;KG;84,08;68562,20;CZK;;Haberkorn s.r.o.;;SN6831;;;;CERNAT;4010 Nákup
29.01.2026;29.01.2026;4900001270;1;1000;0001;1000328;Nýt 37x12;Spojovací materiál;101;Příjem zboží na objednávku;S;674,240;KS;6,41;4321,88;CZK;;Hilti ČR s.r.o.;;SN8218;;;;VESELAM;4010 Nákup
29.01.2026;29.01.2026;4900001298;1;1000;0001;1000333;Deska PE 40 mm;Plasty;101;Příjem zboží na objednávku;S;399,240;KG;43,58;17398,88;CZK;;Hilti ČR s.r.o.;;SN6721;;;;DVORAKP;4010 Nákup
29.01.2026;29.01.2026;4900001429;1;2000;0001;1000358;Tlumič gumový 49;Těsnění a guma;101;Příjem zboží na objednávku;S;253,140;KS;45,51;11520,40;CZK;;Hennlich s.r.o.;;SN7439;;;;VESELAM;4010 Nákup
29.01.2026;29.01.2026;4900001492;1;1000;0001;1000368;Deska PE 52 mm;Plasty;101;Příjem zboží na objednávku;S;976,190;KG;65,30;63745,21;CZK;;Elektro Cabel CZ;;SN9381;;;;PROCHAZ;4010 Nákup
29.01.2026;29.01.2026;4900001527;1;2000;0001;1000376;Kabel CYKY 40x24;Elektro;101;Příjem zboží na objednávku;S;772,120;KS;338,22;261146,43;CZK;;Siemens s.r.o.;;SN5501;;;;DVORAKP;4010 Nákup
29.01.2026;29.01.2026;4900001586;1;1000;0001;1000386;Těsnění ploché 105 mm;Těsnění a guma;101;Příjem zboží na objednávku;S;1077,400;KS;52,47;56531,18;CZK;;Metalšrot Tlumačov;;SN7431;;;;KUCERAL;4010 Nákup
29.01.2026;29.01.2026;4900001754;1;1000;0003;5000102;Rám podvozkový C781;Hotový výrobek;131;Příjem z výroby;S;7,000;KS;8502,51;59517,57;CZK;VZ400047;;;SV3508;;;;KUCERAL;5020 Výroba montáž
29.01.2026;29.01.2026;4900001792;1;1000;0003;5000144;Dopravník pásový C168;Hotový výrobek;131;Příjem z výroby;S;16,000;KS;1636,34;26181,44;CZK;VZ400064;;;SV2374;;;;VESELAM;5020 Výroba montáž
29.01.2026;29.01.2026;4900001809;1;2000;0003;5000124;Dopravník pásový A794;Hotový výrobek;131;Příjem z výroby;S;16,000;KS;1487,77;23804,32;CZK;VZ400072;;;SV8521;;;;PROCHAZ;5020 Výroba montáž
29.01.2026;29.01.2026;4900001822;1;1000;0001;1000212;Jekl 92x92x7;Ocel;261;Výdej do výrobní zakázky;H;-78,600;KG;44,23;-3476,48;CZK;VZ400079;;;;;;;SVOBODM;5030 Výroba obrábění
29.01.2026;29.01.2026;4900001822;2;1000;0001;1000390;Frekvenční měnič 119 kW;Elektro;261;Výdej do výrobní zakázky;H;-103,440;KS;680,45;-70385,75;CZK;VZ400079;;;;;;;NOVAKJ;5030 Výroba obrábění
29.01.2026;29.01.2026;4900001822;3;1000;0001;1000357;Ředidlo S101;Nátěry a chemie;261;Výdej do výrobní zakázky;H;-6,480;L;181,43;-1175,67;CZK;VZ400079;;;;;;;DVORAKP;5020 Výroba montáž
29.01.2026;29.01.2026;4900001822;4;1000;0001;1000292;Kabel CYKY 10x22;Elektro;261;Výdej do výrobní zakázky;H;-11,400;KS;573,52;-6538,13;CZK;VZ400079;;;;;;;PROCHAZ;5020 Výroba montáž
29.01.2026;29.01.2026;4900001822;5;1000;0001;1000258;Kolík 6x58;Spojovací materiál;261;Výdej do výrobní zakázky;H;-115,680;KS;4,08;-471,97;CZK;VZ400079;;;;;;;CERNAT;5030 Výroba obrábění
29.01.2026;29.01.2026;4900002436;1;1000;0003;5000129;Ventilová jednotka F138;Hotový výrobek;601;Výdej při dodání zákazníkovi;H;-14,000;KS;5816,31;-81428,34;CZK;;;Bonatrans Group a.s.;SV6841;112965,63;81428,34;19974,50;DVORAKP;6010 Expedice
30.01.2026;30.01.2026;4900000102;1;1000;0001;1000118;Kolík 35x36;Spojovací materiál;101;Příjem zboží na objednávku;S;938,690;KS;6,62;6214,13;CZK;;Plastika Nitra a.s.;;SN2720;;;;NOVAKJ;4010 Nákup
30.01.2026;30.01.2026;4900000399;1;2000;0001;1000170;Trubka ocelová 73x65;Ocel;101;Příjem zboží na objednávku;S;1459,610;KG;23,63;34490,58;CZK;;ThyssenKrupp Ferrostal;;SN2960;;;;NOVAKJ;4010 Nákup
30.01.2026;30.01.2026;4900000440;1;2000;0001;1000177;Plech ocelový 91 mm;Ocel;101;Příjem zboží na objednávku;S;548,170;KG;41,14;22551,71;CZK;;PPG Deco Czech;;SN3979;;;;NOVAKJ;4010 Nákup
30.01.2026;30.01.2026;4900000557;1;2000;0001;1000198;Trubka ocelová 56x45;Ocel;101;Příjem zboží na objednávku;S;837,480;KG;20,95;17545,21;CZK;;Fabory CZ;;SN2412;;;;KUCERAL;4010 Nákup
30.01.2026;30.01.2026;4900000559;1;2000;0001;1000199;Plech Al 25 mm;Hliník;101;Příjem zboží na objednávku;S;1318,320;KG;87,30;115089,34;CZK;;Bossard CZ s.r.o.;;SN8083;;;;DVORAKP;4010 Nákup
30.01.2026;30.01.2026;4900000599;1;2000;0001;1000206;Trubka Al 68 mm;Hliník;101;Příjem zboží na objednávku;S;1214,280;KG;69,44;84319,60;CZK;;Trelleborg Bohemia;;SN6345;;;;PROCHAZ;4010 Nákup
30.01.2026;30.01.2026;4900000671;1;1000;0001;1000219;Jekl 28x28x58;Ocel;101;Příjem zboží na objednávku;S;1433,000;KG;22,30;31955,90;CZK;;Elektro Cabel CZ;;SN2382;;;;SVOBODM;4010 Nákup
30.01.2026;30.01.2026;4900000714;1;1000;0001;1000227;Profil Al 118x69;Hliník;101;Příjem zboží na objednávku;S;1265,090;KG;60,93;77081,93;CZK;;Killich s.r.o.;;SN1304;;;;DVORAKP;4010 Nákup
30.01.2026;30.01.2026;4900000895;1;2000;0001;1000259;Základní barva RAL 3020;Nátěry a chemie;101;Příjem zboží na objednávku;S;408,720;L;236,85;96805,33;CZK;;Alumat s.r.o.;;SN9002;;;;SVOBODM;4010 Nákup
30.01.2026;30.01.2026;4900000943;1;2000;0001;1000269;Trubka Al 78 mm;Hliník;101;Příjem zboží na objednávku;S;310,410;KG;81,40;25267,37;CZK;;Fabory CZ;;SN7289;;;;HORAKT;4010 Nákup
30.01.2026;30.01.2026;4900001004;1;2000;0001;1000282;Plech ocelový 15 mm;Ocel;101;Příjem zboží na objednávku;S;1765,300;KG;32,61;57566,43;CZK;;Plastika Nitra a.s.;;SN5669;;;;VESELAM;4010 Nákup
30.01.2026;30.01.2026;4900001053;1;2000;0001;1000290;Trubka Al 57 mm;Hliník;101;Příjem zboží na objednávku;S;1293,960;KG;92,57;119781,88;CZK;;Trelleborg Bohemia;;SN3079;;;;HORAKT;4010 Nákup
30.01.2026;30.01.2026;4900001078;1;1000;0001;1000294;Odmašťovač RAL 6011;Nátěry a chemie;101;Příjem zboží na objednávku;S;862,480;L;303,21;261512,56;CZK;;Ferona a.s.;;SN9225;;;;VESELAM;4010 Nákup
30.01.2026;30.01.2026;4900001102;1;1000;0001;1000298;Granulát PA6 97;Plasty;101;Příjem zboží na objednávku;S;1875,580;KG;78,04;146370,26;CZK;;Plastika Nitra a.s.;;SN9612;;;;PROCHAZ;4010 Nákup
30.01.2026;30.01.2026;4900001258;1;1000;0001;1000326;Deska PE 12 mm;Plasty;101;Příjem zboží na objednávku;S;1162,170;KG;79,39;92264,68;CZK;;Haberkorn s.r.o.;;SN7020;;;;PROCHAZ;4010 Nákup
30.01.2026;30.01.2026;4900001344;1;2000;0001;1000342;Kolík 101x36;Spojovací materiál;101;Příjem zboží na objednávku;S;487,600;KS;0,90;438,84;CZK;;Resinex CZ s.r.o.;;SN1361;;;;CERNAT;4010 Nákup
30.01.2026;30.01.2026;4900001414;1;2000;0001;1000356;Podložka 42;Spojovací materiál;101;Příjem zboží na objednávku;S;357,540;KS;4,27;1526,70;CZK;;Fabory CZ;;SN3220;;;;SVOBODM;4010 Nákup
30.01.2026;30.01.2026;4900001476;1;1000;0001;1000366;Tyč kruhová 95 mm;Ocel;101;Příjem zboží na objednávku;S;718,690;KG;42,70;30688,06;CZK;;Lapp Kabel s.r.o.;;SN7215;;;;HORAKT;4010 Nákup
30.01.2026;30.01.2026;4900001503;1;2000;0001;1000370;Matice M98;Spojovací materiál;101;Příjem zboží na objednávku;S;197,190;KS;9,55;1883,16;CZK;;PPG Deco Czech;;SN9822;;;;SVOBODM;4010 Nákup
30.01.2026;30.01.2026;4900001517;1;2000;0001;1000375;Deska PE 101 mm;Plasty;101;Příjem zboží na objednávku;S;1068,720;KG;63,57;67938,53;CZK;;Bibus s.r.o.;;SN4716;;;;HORAKT;4010 Nákup
30.01.2026;30.01.2026;4900001603;1;2000;0001;1000389;Deska PE 67 mm;Plasty;101;Příjem zboží na objednávku;S;1851,100;KG;59,43;110010,87;CZK;;Resinex CZ s.r.o.;;SN6666;;;;PROCHAZ;4010 Nákup
30.01.2026;30.01.2026;4900001677;1;1000;0001;1000155;Těsnění ploché 95 mm;Těsnění a guma;261;Výdej do výrobní zakázky;H;-39,480;KS;30,84;-1217,56;CZK;VZ400010;;;;;;;PROCHAZ;5030 Výroba obrábění
30.01.2026;30.01.2026;4900001677;2;1000;0001;1000179;Granulát ABS 25;Plasty;261;Výdej do výrobní zakázky;H;-151,830;KG;54,80;-8320,28;CZK;VZ400010;;;;;;;CERNAT;5030 Výroba obrábění
30.01.2026;30.01.2026;4900001677;3;1000;0001;1000250;Kabel CYKY 34x42;Elektro;261;Výdej do výrobní zakázky;H;-174,930;KS;795,46;-139149,82;CZK;VZ400010;;;;;;;KUCERAL;5020 Výroba montáž
30.01.2026;30.01.2026;4900001677;4;1000;0001;1000162;Manžeta 19x29;Těsnění a guma;261;Výdej do výrobní zakázky;H;-201,600;KS;19,44;-3919,10;CZK;VZ400010;;;;;;;SVOBODM;5020 Výroba montáž
30.01.2026;30.01.2026;4900001677;5;1000;0001;1000369;Kabel CYKY 69x15;Elektro;261;Výdej do výrobní zakázky;H;-132,300;KS;47,42;-6273,67;CZK;VZ400010;;;;;;;PROCHAZ;5020 Výroba montáž
30.01.2026;30.01.2026;4900001677;6;1000;0001;1000260;Těsnění ploché 87 mm;Těsnění a guma;261;Výdej do výrobní zakázky;H;-143,430;KS;22,51;-3228,61;CZK;VZ400010;;;;;;;SVOBODM;5020 Výroba montáž
30.01.2026;30.01.2026;4900001677;7;1000;0001;1000382;Deska PE 55 mm;Plasty;261;Výdej do výrobní zakázky;H;-27,930;KG;70,90;-1980,24;CZK;VZ400010;;;;;;;NOVAKJ;5030 Výroba obrábění
30.01.2026;30.01.2026;4900001857;1;2000;0003;5000120;Čerpadlo odstředivé C541;Hotový výrobek;131;Příjem z výroby;S;11,000;KS;10850,00;119350,00;CZK;VZ400097;;;SV4690;;;;VESELAM;5020 Výroba montáž
30.01.2026;30.01.2026;4900001957;1;2000;0001;1000115;Profil Al 44x37;Hliník;261;Výdej do výrobní zakázky;H;-135,660;KG;75,99;-10308,80;CZK;VZ400161;;;;;;;SVOBODM;5020 Výroba montáž
30.01.2026;30.01.2026;4900001957;2;2000;0001;1000129;Profil Al 107x59;Hliník;261;Výdej do výrobní zakázky;H;-52,250;KG;63,91;-3339,30;CZK;VZ400161;;;;;;;CERNAT;5020 Výroba montáž
30.01.2026;30.01.2026;4900001957;3;2000;0001;1000319;Granulát PA6 44;Plasty;261;Výdej do výrobní zakázky;H;-52,250;KG;71,64;-3743,19;CZK;VZ400161;;;;;;;CERNAT;5030 Výroba obrábění
30.01.2026;30.01.2026;4900001957;4;2000;0001;1000100;Trubka ocelová 100x79;Ocel;261;Výdej do výrobní zakázky;H;-45,600;KG;34,31;-1564,54;CZK;VZ400161;;;;;;;DVORAKP;5030 Výroba obrábění
30.01.2026;30.01.2026;4900001957;5;2000;0001;1000139;Nýt 46x36;Spojovací materiál;261;Výdej do výrobní zakázky;H;-148,960;KS;4,20;-625,63;CZK;VZ400161;;;;;;;CERNAT;5030 Výroba obrábění
30.01.2026;30.01.2026;4900001957;6;2000;0001;1000198;Trubka ocelová 56x45;Ocel;261;Výdej do výrobní zakázky;H;-25,270;KG;20,95;-529,41;CZK;VZ400161;;;;;;;KUCERAL;5030 Výroba obrábění
30.01.2026;30.01.2026;4900001957;7;2000;0001;1000339;Profil Al 7x33;Hliník;261;Výdej do výrobní zakázky;H;-106,780;KG;91,34;-9753,29;CZK;VZ400161;;;;;;;HORAKT;5020 Výroba montáž
30.01.2026;30.01.2026;4900001989;1;2000;0001;1000250;Kabel CYKY 34x42;Elektro;261;Výdej do výrobní zakázky;H;-53,550;KS;795,46;-42596,88;CZK;VZ400182;;;;;;;CERNAT;5030 Výroba obrábění
30.01.2026;30.01.2026;4900001989;2;2000;0001;1000171;Plech Al 110 mm;Hliník;261;Výdej do výrobní zakázky;H;-20,650;KG;73,80;-1523,97;CZK;VZ400182;;;;;;;CERNAT;5030 Výroba obrábění
30.01.2026;30.01.2026;4900001989;3;2000;0001;1000113;Těsnění ploché 115 mm;Těsnění a guma;261;Výdej do výrobní zakázky;H;-80,010;KS;13,01;-1040,93;CZK;VZ400182;;;;;;;HORAKT;5020 Výroba montáž
30.01.2026;30.01.2026;4900001989;4;2000;0001;1000357;Ředidlo S101;Nátěry a chemie;261;Výdej do výrobní zakázky;H;-44,170;L;181,43;-8013,76;CZK;VZ400182;;;;;;;DVORAKP;5020 Výroba montáž
30.01.2026;30.01.2026;4900001989;5;2000;0001;1000117;Motor 72 kW;Elektro;261;Výdej do výrobní zakázky;H;-47,110;KS;660,38;-31110,50;CZK;VZ400182;;;;;;;DVORAKP;5020 Výroba montáž
30.01.2026;30.01.2026;4900001989;6;2000;0001;1000336;Základní barva RAL 7035;Nátěry a chemie;261;Výdej do výrobní zakázky;H;-44,940;L;119,31;-5361,79;CZK;VZ400182;;;;;;;VESELAM;5030 Výroba obrábění
30.01.2026;30.01.2026;4900002247;1;1000;0003;5000102;Rám podvozkový C781;Hotový výrobek;601;Výdej při dodání zákazníkovi;H;-1,000;KS;8502,51;-8502,51;CZK;;;Bosch Diesel s.r.o.;SV2093;13061,80;8502,51;2698,13;PROCHAZ;6010 Expedice
02.02.2026;02.02.2026;4900000167;1;1000;0001;1000130;Deska PE 105 mm;Plasty;101;Příjem zboží na objednávku;S;2189,470;KG;64,17;140498,29;CZK;;Alumat s.r.o.;;SN3040;;;;NOVAKJ;4010 Nákup
02.02.2026;02.02.2026;4900000185;1;2000;0001;1000133;Lak polyuretanový RAL 5010;Nátěry a chemie;101;Příjem zboží na objednávku;S;605,720;L;132,80;80439,62;CZK;;Resinex CZ s.r.o.;;SN8931;;;;SVOBODM;4010 Nákup
02.02.2026;02.02.2026;4900000197;1;2000;0001;1000135;Jekl 3x3x76;Ocel;101;Příjem zboží na objednávku;S;154,760;KG;33,76;5224,70;CZK;;Hennlich s.r.o.;;SN5685;;;;NOVAKJ;4010 Nákup
02.02.2026;02.02.2026;4900000233;1;2000;0001;1000141;Těsnění ploché 77 mm;Těsnění a guma;101;Příjem zboží na objednávku;S;478,200;KS;20,01;9568,78;CZK;;Alumat s.r.o.;;SN8049;;;;HORAKT;4010 Nákup
02.02.2026;02.02.2026;4900000369;1;2000;0001;1000165;Deska PE 38 mm;Plasty;101;Příjem zboží na objednávku;S;915,170;KG;43,33;39654,32;CZK;;Plastika Nitra a.s.;;SN1932;;;;KUCERAL;4010 Nákup
02.02.2026;02.02.2026;4900000451;1;1000;0001;1000178;Profil Al 34x34;Hliník;101;Příjem zboží na objednávku;S;1930,590;KG;74,24;143327,00;CZK;;ABB s.r.o.;;SN1955;;;;PROCHAZ;4010 Nákup
02.02.2026;02.02.2026;4900000453;1;1000;0001;1000179;Granulát ABS 25;Plasty;101;Příjem zboží na objednávku;S;519,050;KG;54,80;28443,94;CZK;;Resinex CZ s.r.o.;;SN5225;;;;SVOBODM;4010 Nákup
02.02.2026;02.02.2026;4900000601;1;2000;0001;1000206;Trubka Al 68 mm;Hliník;101;Příjem zboží na objednávku;S;2194,940;KG;69,44;152416,63;CZK;;Killich s.r.o.;;SN9453;;;;DVORAKP;4010 Nákup
02.02.2026;02.02.2026;4900000629;1;1000;0001;1000212;Jekl 92x92x7;Ocel;101;Příjem zboží na objednávku;S;511,440;KG;44,23;22620,99;CZK;;Hennlich s.r.o.;;SN1998;;;;HORAKT;4010 Nákup
02.02.2026;02.02.2026;4900000646;1;2000;0001;1000215;Motor 73 kW;Elektro;101;Příjem zboží na objednávku;S;177,150;KS;175,44;31079,20;CZK;;Ferona a.s.;;SN1570;;;;VESELAM;4010 Nákup
02.02.2026;02.02.2026;4900000668;1;1000;0001;1000218;Manžeta 40x54;Těsnění a guma;101;Příjem zboží na objednávku;S;1168,860;KS;53,05;62008,02;CZK;;Elektro Cabel CZ;;SN5181;;;;SVOBODM;4010 Nákup
02.02.2026;02.02.2026;4900000779;1;2000;0001;1000238;Lak polyuretanový RAL 9005;Nátěry a chemie;101;Příjem zboží na objednávku;S;934,970;L;171,20;160066,86;CZK;;Trelleborg Bohemia;;SN4128;;;;VESELAM;4010 Nákup
02.02.2026;02.02.2026;4900000908;1;2000;0001;1000262;Plech Al 68 mm;Hliník;101;Příjem zboží na objednávku;S;704,240;KG;60,20;42395,25;CZK;;Trelleborg Bohemia;;SN1368;;;;KUCERAL;4010 Nákup
02.02.2026;02.02.2026;4900001041;1;2000;0001;1000287;Odmašťovač RAL 6011;Nátěry a chemie;101;Příjem zboží na objednávku;S;1375,570;L;273,08;375640,66;CZK;;Alumat s.r.o.;;SN7133;;;;KUCERAL;4010 Nákup
02.02.2026;02.02.2026;4900001114;1;2000;0001;1000300;Šroub M24x45;Spojovací materiál;101;Příjem zboží na objednávku;S;510,610;KS;2,77;1414,39;CZK;;Killich s.r.o.;;SN6926;;;;CERNAT;4010 Nákup
02.02.2026;02.02.2026;4900001149;1;1000;0001;1000306;Motor 8 kW;Elektro;101;Příjem zboží na objednávku;S;846,740;KS;611,12;517459,75;CZK;;Schneider Electric CZ;;SN3833;;;;KUCERAL;4010 Nákup
02.02.2026;02.02.2026;4900001231;1;2000;0001;1000321;Podložka 22;Spojovací materiál;101;Příjem zboží na objednávku;S;185,060;KS;13,53;2503,86;CZK;;Schneider Electric CZ;;SN6911;;;;DVORAKP;4010 Nákup
02.02.2026;02.02.2026;4900001256;1;2000;0001;1000325;Trubka Al 2 mm;Hliník;101;Příjem zboží na objednávku;S;1904,860;KG;72,94;138940,49;CZK;;Fabory CZ;;SN6919;;;;PROCHAZ;4010 Nákup
02.02.2026;02.02.2026;4900001382;1;2000;0001;1000348;Motor 108 kW;Elektro;101;Příjem zboží na objednávku;S;393,550;KS;739,67;291097,13;CZK;;Hennlich s.r.o.;;SN1298;;;;VESELAM;4010 Nákup
02.02.2026;02.02.2026;4900001430;1;2000;0001;1000358;Tlumič gumový 49;Těsnění a guma;101;Příjem zboží na objednávku;S;230,600;KS;45,51;10494,61;CZK;;Resinex CZ s.r.o.;;SN6109;;;;HORAKT;4010 Nákup
02.02.2026;02.02.2026;4900001444;1;2000;0001;1000361;Deska PP 28 mm;Plasty;101;Příjem zboží na objednávku;S;985,000;KG;68,57;67541,45;CZK;;Siemens s.r.o.;;SN8751;;;;HORAKT;4010 Nákup
02.02.2026;02.02.2026;4900001533;1;1000;0001;1000377;Kolík 82x4;Spojovací materiál;101;Příjem zboží na objednávku;S;1073,560;KS;4,28;4594,84;CZK;;ArcelorMittal Distribution;;SN2422;;;;VESELAM;4010 Nákup
02.02.2026;02.02.2026;4900001781;1;2000;0003;5000147;Kryt převodovky F636;Hotový výrobek;131;Příjem z výroby;S;22,000;KS;16341,87;359521,14;CZK;VZ400059;;;SV4486;;;;SVOBODM;5020 Výroba montáž
02.02.2026;02.02.2026;4900001823;1;1000;0003;5000102;Rám podvozkový C781;Hotový výrobek;131;Příjem z výroby;S;12,000;KS;8502,51;102030,12;CZK;VZ400079;;;SV1498;;;;CERNAT;5020 Výroba montáž
02.02.2026;02.02.2026;4900001870;1;2000;0001;1000269;Trubka Al 78 mm;Hliník;261;Výdej do výrobní zakázky;H;-26,500;KG;81,40;-2157,10;CZK;VZ400106;;;;;;;DVORAKP;5030 Výroba obrábění
02.02.2026;02.02.2026;4900001870;2;2000;0001;1000390;Frekvenční měnič 119 kW;Elektro;261;Výdej do výrobní zakázky;H;-43,500;KS;680,45;-29599,58;CZK;VZ400106;;;;;;;VESELAM;5030 Výroba obrábění
02.02.2026;02.02.2026;4900001870;3;2000;0001;1000358;Tlumič gumový 49;Těsnění a guma;261;Výdej do výrobní zakázky;H;-117,250;KS;45,51;-5336,05;CZK;VZ400106;;;;;;;SVOBODM;5030 Výroba obrábění
02.02.2026;02.02.2026;4900001870;4;2000;0001;1000117;Motor 72 kW;Elektro;261;Výdej do výrobní zakázky;H;-23,250;KS;660,38;-15353,83;CZK;VZ400106;;;;;;;CERNAT;5020 Výroba montáž
02.02.2026;02.02.2026;4900001870;5;2000;0001;1000179;Granulát ABS 25;Plasty;261;Výdej do výrobní zakázky;H;-176,500;KG;54,80;-9672,20;CZK;VZ400106;;;;;;;NOVAKJ;5020 Výroba montáž
02.02.2026;02.02.2026;4900001958;1;2000;0003;5000134;Dopravník pásový E794;Hotový výrobek;131;Příjem z výroby;S;19,000;KS;1976,93;37561,67;CZK;VZ400161;;;SV2221;;;;PROCHAZ;5020 Výroba montáž
02.02.2026;02.02.2026;4900002001;1;1000;0001;1000279;Šroub M112x31;Spojovací materiál;261;Výdej do výrobní zakázky;H;-132,960;KS;9,52;-1265,78;CZK;VZ400189;;;;;;;DVORAKP;5030 Výroba obrábění
02.02.2026;02.02.2026;4900002001;2;1000;0001;1000195;Kolík 20x27;Spojovací materiál;261;Výdej do výrobní zakázky;H;-8,800;KS;15,97;-140,54;CZK;VZ400189;;;;;;;HORAKT;5030 Výroba obrábění
02.02.2026;02.02.2026;4900002001;3;1000;0001;1000336;Základní barva RAL 7035;Nátěry a chemie;261;Výdej do výrobní zakázky;H;-48,480;L;119,31;-5784,15;CZK;VZ400189;;;;;;;KUCERAL;5030 Výroba obrábění
02.02.2026;02.02.2026;4900002001;4;1000;0001;1000321;Podložka 22;Spojovací materiál;261;Výdej do výrobní zakázky;H;-74,080;KS;13,53;-1002,30;CZK;VZ400189;;;;;;;DVORAKP;5020 Výroba montáž
02.02.2026;02.02.2026;4900002005;1;1000;0001;1000300;Šroub M24x45;Spojovací materiál;261;Výdej do výrobní zakázky;H;-216,890;KS;2,77;-600,79;CZK;VZ400191;;;;;;;KUCERAL;5020 Výroba montáž
02.02.2026;02.02.2026;4900002005;2;1000;0001;1000142;Plech ocelový 112 mm;Ocel;261;Výdej do výrobní zakázky;H;-37,030;KG;31,94;-1182,74;CZK;VZ400191;;;;;;;CERNAT;5030 Výroba obrábění
02.02.2026;02.02.2026;4900002005;3;1000;0001;1000172;Deska PE 85 mm;Plasty;261;Výdej do výrobní zakázky;H;-94,990;KG;44,67;-4243,20;CZK;VZ400191;;;;;;;DVORAKP;5020 Výroba montáž
02.02.2026;02.02.2026;4900002005;4;1000;0001;1000353;Trubka Al 94 mm;Hliník;261;Výdej do výrobní zakázky;H;-51,060;KG;92,49;-4722,54;CZK;VZ400191;;;;;;;PROCHAZ;5020 Výroba montáž
02.02.2026;02.02.2026;4900002005;5;1000;0001;1000154;Ředidlo S38;Nátěry a chemie;261;Výdej do výrobní zakázky;H;-155,480;L;298,27;-46375,02;CZK;VZ400191;;;;;;;SVOBODM;5030 Výroba obrábění
02.02.2026;02.02.2026;4900002005;6;1000;0001;1000264;Motor 26 kW;Elektro;261;Výdej do výrobní zakázky;H;-256,680;KS;733,69;-188323,55;CZK;VZ400191;;;;;;;PROCHAZ;5030 Výroba obrábění
02.02.2026;02.02.2026;4900002005;7;1000;0001;1000214;Deska PP 15 mm;Plasty;261;Výdej do výrobní zakázky;H;-37,030;KG;65,47;-2424,35;CZK;VZ400191;;;;;;;SVOBODM;5030 Výroba obrábění
02.02.2026;02.02.2026;4900002005;8;1000;0001;1000135;Jekl 3x3x76;Ocel;261;Výdej do výrobní zakázky;H;-154,100;KG;33,76;-5202,42;CZK;VZ400191;;;;;;;HORAKT;5020 Výroba montáž
02.02.2026;02.02.2026;4900002235;1;2000;0003;5000100;Čerpadlo odstředivé A594;Hotový výrobek;601;Výdej při dodání zákazníkovi;H;-10,000;KS;1079,41;-10794,10;CZK;;;Agrostroj Pelhřimov a.s.;SV9788;16804,09;10794,10;3626,86;SVOBODM;6010 Expedice
02.02.2026;02.02.2026;4900002248;1;1000;0003;5000102;Rám podvozkový C781;Hotový výrobek;601;Výdej při dodání zákazníkovi;H;-2,000;KS;8502,51;-17005,02;CZK;;;Bosch Diesel s.r.o.;SV3808;26199,69;17005,02;5085,84;HORAKT;6010 Expedice
02.02.2026;02.02.2026;4900002442;1;2000;0003;5000137;Kryt převodovky B734;Hotový výrobek;601;Výdej při dodání zákazníkovi;H;-5,000;KS;4419,44;-22097,20;CZK;;;Hanon Systems Autopal;SV9974;31146,28;22097,20;5909,25;NOVAKJ;6010 Expedice
03.02.2026;03.02.2026;4900000122;1;1000;0001;1000122;Trubka Al 54 mm;Hliník;101;Příjem zboží na objednávku;S;1030,500;KG;99,64;102679,02;CZK;;Hennlich s.r.o.;;SN6898;;;;NOVAKJ;4010 Nákup
03.02.2026;03.02.2026;4900000147;1;1000;0001;1000126;Ředidlo S84;Nátěry a chemie;101;Příjem zboží na objednávku;S;1984,110;L;237,05;470333,28;CZK;;Rubena a.s.;;SN3429;;;;DVORAKP;4010 Nákup
03.02.2026;03.02.2026;4900000158;1;2000;0001;1000128;Tyč kruhová 75 mm;Ocel;101;Příjem zboží na objednávku;S;1544,120;KG;24,82;38325,06;CZK;;Rubena a.s.;;SN7016;;;;VESELAM;4010 Nákup
03.02.2026;03.02.2026;4900000241;1;2000;0001;1000143;Plech Al 68 mm;Hliník;101;Příjem zboží na objednávku;S;663,680;KG;76,77;50950,71;CZK;;Haberkorn s.r.o.;;SN2088;;;;VESELAM;4010 Nákup
03.02.2026;03.02.2026;4900000286;1;2000;0001;1000151;Granulát PA6 7;Plasty;101;Příjem zboží na objednávku;S;612,790;KG;48,47;29701,93;CZK;;Plastika Nitra a.s.;;SN7019;;;;VESELAM;4010 Nákup
03.02.2026;03.02.2026;4900000317;1;2000;0001;1000156;Trubka ocelová 22x42;Ocel;101;Příjem zboží na objednávku;S;687,000;KG;38,26;26284,62;CZK;;Alumat s.r.o.;;SN4954;;;;CERNAT;4010 Nákup
03.02.2026;03.02.2026;4900000336;1;2000;0001;1000159;Čidlo indukční 23 mm;Elektro;101;Příjem zboží na objednávku;S;573,720;KS;206,10;118243,69;CZK;;Colorlak a.s.;;SN1088;;;;CERNAT;4010 Nákup
03.02.2026;03.02.2026;4900000358;1;2000;0001;1000163;Tyč kruhová 7 mm;Ocel;101;Příjem zboží na objednávku;S;152,320;KG;39,09;5954,19;CZK;;PPG Deco Czech;;SN9337;;;;CERNAT;4010 Nákup
03.02.2026;03.02.2026;4900000414;1;2000;0001;1000173;Čidlo indukční 108 mm;Elektro;101;Příjem zboží na objednávku;S;253,550;KS;435,84;110507,23;CZK;;Haberkorn s.r.o.;;SN6487;;;;SVOBODM;4010 Nákup
03.02.2026;03.02.2026;4900000447;1;1000;0001;1000178;Profil Al 34x34;Hliník;101;Příjem zboží na objednávku;S;910,900;KG;74,24;67625,22;CZK;;Siemens s.r.o.;;SN2092;;;;NOVAKJ;4010 Nákup
03.02.2026;03.02.2026;4900000487;1;1000;0001;1000185;Profil Al 28x35;Hliník;101;Příjem zboží na objednávku;S;2168,450;KG;71,24;154480,38;CZK;;Ferona a.s.;;SN7392;;;;CERNAT;4010 Nákup
03.02.2026;03.02.2026;4900000488;1;1000;0001;1000185;Profil Al 28x35;Hliník;101;Příjem zboží na objednávku;S;468,160;KG;71,24;33351,72;CZK;;Ferona a.s.;;SN9698;;;;PROCHAZ;4010 Nákup
03.02.2026;03.02.2026;4900000509;1;2000;0001;1000189;Lak polyuretanový RAL 6011;Nátěry a chemie;101;Příjem zboží na objednávku;S;1915,300;L;322,32;617339,50;CZK;;Alumat s.r.o.;;SN2541;;;;DVORAKP;4010 Nákup
03.02.2026;03.02.2026;4900000673;1;1000;0001;1000219;Jekl 28x28x58;Ocel;101;Příjem zboží na objednávku;S;1241,280;KG;22,30;27680,54;CZK;;ESSA Czech;;SN2309;;;;VESELAM;4010 Nákup
03.02.2026;03.02.2026;4900000677;1;1000;0001;1000220;Plech Al 60 mm;Hliník;101;Příjem zboží na objednávku;S;832,640;KG;117,61;97926,79;CZK;;Haberkorn s.r.o.;;SN9437;;;;DVORAKP;4010 Nákup
03.02.2026;03.02.2026;4900000804;1;1000;0001;1000242;Granulát PA6 14;Plasty;101;Příjem zboží na objednávku;S;1392,570;KG;54,05;75268,41;CZK;;Lapp Kabel s.r.o.;;SN4765;;;;DVORAKP;4010 Nákup
03.02.2026;03.02.2026;4900000819;1;2000;0001;1000245;Ředidlo S51;Nátěry a chemie;101;Příjem zboží na objednávku;S;1522,760;L;96,37;146748,38;CZK;;Lapp Kabel s.r.o.;;SN9720;;;;CERNAT;4010 Nákup
03.02.2026;03.02.2026;4900000826;1;1000;0001;1000246;Těsnění ploché 116 mm;Těsnění a guma;101;Příjem zboží na objednávku;S;1166,860;KS;47,79;55764,24;CZK;;Bibus s.r.o.;;SN5920;;;;PROCHAZ;4010 Nákup
03.02.2026;03.02.2026;4900001202;1;1000;0001;1000315;Ředidlo S67;Nátěry a chemie;101;Příjem zboží na objednávku;S;524,440;L;248,62;130386,27;CZK;;Elektro Cabel CZ;;SN7523;;;;SVOBODM;4010 Nákup
03.02.2026;03.02.2026;4900001364;1;2000;0001;1000345;Tyč kruhová 110 mm;Ocel;101;Příjem zboží na objednávku;S;362,120;KG;36,23;13119,61;CZK;;Killich s.r.o.;;SN4967;;;;PROCHAZ;4010 Nákup
03.02.2026;03.02.2026;4900001381;1;2000;0001;1000348;Motor 108 kW;Elektro;101;Příjem zboží na objednávku;S;123,390;KS;739,67;91267,88;CZK;;Colorlak a.s.;;SN1107;;;;DVORAKP;4010 Nákup
03.02.2026;03.02.2026;4900001409;1;2000;0001;1000354;Deska PP 23 mm;Plasty;101;Příjem zboží na objednávku;S;1542,350;KG;92,78;143099,23;CZK;;Hilti ČR s.r.o.;;SN5621;;;;KUCERAL;4010 Nákup
03.02.2026;03.02.2026;4900001484;1;1000;0001;1000367;Trubka Al 13 mm;Hliník;101;Příjem zboží na objednávku;S;1852,940;KG;97,83;181273,12;CZK;;Siemens s.r.o.;;SN4559;;;;KUCERAL;4010 Nákup
03.02.2026;03.02.2026;4900001495;1;2000;0001;1000369;Kabel CYKY 69x15;Elektro;101;Příjem zboží na objednávku;S;320,780;KS;47,42;15211,39;CZK;;ArcelorMittal Distribution;;SN9151;;;;KUCERAL;4010 Nákup
03.02.2026;03.02.2026;4900001504;1;2000;0001;1000370;Matice M98;Spojovací materiál;101;Příjem zboží na objednávku;S;609,040;KS;9,55;5816,33;CZK;;Killich s.r.o.;;SN5891;;;;CERNAT;4010 Nákup
03.02.2026;03.02.2026;4900001538;1;1000;0001;1000377;Kolík 82x4;Spojovací materiál;101;Příjem zboží na objednávku;S;384,200;KS;4,28;1644,38;CZK;;Killich s.r.o.;;SN5932;;;;VESELAM;4010 Nákup
03.02.2026;03.02.2026;4900001551;1;1000;0001;1000379;O-kroužek 24 mm;Těsnění a guma;101;Příjem zboží na objednávku;S;1069,840;KS;10,55;11286,81;CZK;;Alumat s.r.o.;;SN2591;;;;DVORAKP;4010 Nákup
03.02.2026;03.02.2026;4900001673;1;1000;0001;1000101;Profil Al 82x12;Hliník;261;Výdej do výrobní zakázky;H;-68,310;KG;126,57;-8646,00;CZK;VZ400008;;;;;;;SVOBODM;5030 Výroba obrábění
03.02.2026;03.02.2026;4900001673;2;1000;0001;1000324;Profil U 62;Ocel;261;Výdej do výrobní zakázky;H;-23,870;KG;40,88;-975,81;CZK;VZ400008;;;;;;;SVOBODM;5020 Výroba montáž
03.02.2026;03.02.2026;4900001673;3;1000;0001;1000397;Motor 114 kW;Elektro;261;Výdej do výrobní zakázky;H;-59,290;KS;710,22;-42108,94;CZK;VZ400008;;;;;;;VESELAM;5030 Výroba obrábění
03.02.2026;03.02.2026;4900001673;4;1000;0001;1000357;Ředidlo S101;Nátěry a chemie;261;Výdej do výrobní zakázky;H;-85,360;L;181,43;-15486,86;CZK;VZ400008;;;;;;;PROCHAZ;5020 Výroba montáž
03.02.2026;03.02.2026;4900001673;5;1000;0001;1000295;Těsnění ploché 61 mm;Těsnění a guma;261;Výdej do výrobní zakázky;H;-50,820;KS;18,17;-923,40;CZK;VZ400008;;;;;;;CERNAT;5020 Výroba montáž
03.02.2026;03.02.2026;4900001786;1;2000;0001;1000258;Kolík 6x58;Spojovací materiál;261;Výdej do výrobní zakázky;H;-186,120;KS;4,08;-759,37;CZK;VZ400062;;;;;;;DVORAKP;5020 Výroba montáž
03.02.2026;03.02.2026;4900001786;2;2000;0001;1000318;Plech Al 86 mm;Hliník;261;Výdej do výrobní zakázky;H;-281,160;KG;63,81;-17940,82;CZK;VZ400062;;;;;;;DVORAKP;5030 Výroba obrábění
03.02.2026;03.02.2026;4900001786;3;2000;0001;1000307;Matice M93;Spojovací materiál;261;Výdej do výrobní zakázky;H;-488,400;KS;6,22;-3037,85;CZK;VZ400062;;;;;;;PROCHAZ;5030 Výroba obrábění
03.02.2026;03.02.2026;4900001786;4;2000;0001;1000182;Ředidlo S111;Nátěry a chemie;261;Výdej do výrobní zakázky;H;-101,200;L;318,03;-32184,64;CZK;VZ400062;;;;;;;KUCERAL;5020 Výroba montáž
03.02.2026;03.02.2026;4900001786;5;2000;0001;1000166;Motor 76 kW;Elektro;261;Výdej do výrobní zakázky;H;-429,000;KS;333,01;-142861,29;CZK;VZ400062;;;;;;;NOVAKJ;5020 Výroba montáž
03.02.2026;03.02.2026;4900001786;6;2000;0001;1000359;Profil U 62;Ocel;261;Výdej do výrobní zakázky;H;-193,600;KG;43,72;-8464,19;CZK;VZ400062;;;;;;;CERNAT;5020 Výroba montáž
03.02.2026;03.02.2026;4900001786;7;2000;0001;1000139;Nýt 46x36;Spojovací materiál;261;Výdej do výrobní zakázky;H;-381,480;KS;4,20;-1602,22;CZK;VZ400062;;;;;;;KUCERAL;5020 Výroba montáž
03.02.2026;03.02.2026;4900001786;8;2000;0001;1000346;Trubka Al 104 mm;Hliník;261;Výdej do výrobní zakázky;H;-32,120;KG;119,78;-3847,33;CZK;VZ400062;;;;;;;SVOBODM;5020 Výroba montáž
03.02.2026;03.02.2026;4900001786;9;2000;0001;1000154;Ředidlo S38;Nátěry a chemie;261;Výdej do výrobní zakázky;H;-168,960;L;298,27;-50395,70;CZK;VZ400062;;;;;;;HORAKT;5030 Výroba obrábění
03.02.2026;03.02.2026;4900001787;1;2000;0001;1000166;Motor 76 kW;Elektro;551;Výdej do šrotu;H;-9,270;KS;333,01;-3087,00;CZK;VZ400062;;;;;;;SVOBODM;5030 Výroba obrábění
03.02.2026;03.02.2026;4900001866;1;1000;0001;1000291;Deska PP 108 mm;Plasty;261;Výdej do výrobní zakázky;H;-145,600;KG;68,24;-9935,74;CZK;VZ400104;;;;;;;KUCERAL;5030 Výroba obrábění
03.02.2026;03.02.2026;4900001866;2;1000;0001;1000366;Tyč kruhová 95 mm;Ocel;261;Výdej do výrobní zakázky;H;-119,000;KG;42,70;-5081,30;CZK;VZ400104;;;;;;;PROCHAZ;5030 Výroba obrábění
03.02.2026;03.02.2026;4900001866;3;1000;0001;1000256;Deska PE 94 mm;Plasty;261;Výdej do výrobní zakázky;H;-130,480;KG;65,89;-8597,33;CZK;VZ400104;;;;;;;NOVAKJ;5020 Výroba montáž
03.02.2026;03.02.2026;4900001866;4;1000;0001;1000266;Ředidlo S85;Nátěry a chemie;261;Výdej do výrobní zakázky;H;-50,680;L;292,77;-14837,58;CZK;VZ400104;;;;;;;CERNAT;5030 Výroba obrábění
03.02.2026;03.02.2026;4900001960;1;1000;0003;5000143;Skříň rozvaděče B530;Hotový výrobek;131;Příjem z výroby;S;17,000;KS;3905,26;66389,42;CZK;VZ400162;;;SV5228;;;;DVORAKP;5020 Výroba montáž
03.02.2026;03.02.2026;4900001990;1;2000;0003;5000109;Ventilová jednotka D945;Hotový výrobek;131;Příjem z výroby;S;7,000;KS;15315,80;107210,60;CZK;VZ400182;;;SV5916;;;;PROCHAZ;5020 Výroba montáž
03.02.2026;03.02.2026;4900002114;1;1000;0001;1000279;Šroub M112x31;Spojovací materiál;261;Výdej do výrobní zakázky;H;-74,790;KS;9,52;-712,00;CZK;VZ400277;;;;;;;CERNAT;5020 Výroba montáž
03.02.2026;03.02.2026;4900002114;2;1000;0001;1000195;Kolík 20x27;Spojovací materiál;261;Výdej do výrobní zakázky;H;-4,950;KS;15,97;-79,05;CZK;VZ400277;;;;;;;KUCERAL;5030 Výroba obrábění
03.02.2026;03.02.2026;4900002114;3;1000;0001;1000336;Základní barva RAL 7035;Nátěry a chemie;261;Výdej do výrobní zakázky;H;-27,270;L;119,31;-3253,58;CZK;VZ400277;;;;;;;SVOBODM;5030 Výroba obrábění
03.02.2026;03.02.2026;4900002114;4;1000;0001;1000321;Podložka 22;Spojovací materiál;261;Výdej do výrobní zakázky;H;-41,670;KS;13,53;-563,80;CZK;VZ400277;;;;;;;SVOBODM;5030 Výroba obrábění
03.02.2026;03.02.2026;4900002282;1;1000;0003;5000144;Dopravník pásový C168;Hotový výrobek;601;Výdej při dodání zákazníkovi;H;-16,000;KS;1636,34;-26181,44;CZK;;;Strojírny Prostějov a.s.;SV9725;35606,53;26181,44;6532,43;PROCHAZ;6010 Expedice
03.02.2026;03.02.2026;4900002303;1;2000;0003;5000123;Skříň rozvaděče F976;Hotový výrobek;601;Výdej při dodání zákazníkovi;H;-8,000;KS;9763,80;-78110,40;CZK;;;Bosch Diesel s.r.o.;SV3164;81439,93;78110,40;14357,63;VESELAM;6010 Expedice
04.02.2026;04.02.2026;4900000082;1;1000;0001;1000114;Jekl 107x107x78;Ocel;101;Příjem zboží na objednávku;S;664,990;KG;20,98;13951,49;CZK;;Plastika Nitra a.s.;;SN5490;;;;PROCHAZ;4010 Nákup
04.02.2026;04.02.2026;4900000126;1;1000;0001;1000122;Trubka Al 54 mm;Hliník;101;Příjem zboží na objednávku;S;2117,650;KG;99,64;211002,65;CZK;;Fabory CZ;;SN5760;;;;VESELAM;4010 Nákup
04.02.2026;04.02.2026;4900000148;1;1000;0001;1000126;Ředidlo S84;Nátěry a chemie;101;Příjem zboží na objednávku;S;759,570;L;237,05;180056,07;CZK;;Ferona a.s.;;SN7119;;;;DVORAKP;4010 Nákup
04.02.2026;04.02.2026;4900000184;1;2000;0001;1000133;Lak polyuretanový RAL 5010;Nátěry a chemie;101;Příjem zboží na objednávku;S;1699,750;L;132,80;225726,80;CZK;;PPG Deco Czech;;SN4509;;;;KUCERAL;4010 Nákup
04.02.2026;04.02.2026;4900000188;1;1000;0001;1000134;Těsnění ploché 105 mm;Těsnění a guma;101;Příjem zboží na objednávku;S;466,280;KS;31,91;14878,99;CZK;;Siemens s.r.o.;;SN9470;;;;HORAKT;4010 Nákup
04.02.2026;04.02.2026;4900000461;1;1000;0001;1000181;Matice M81;Spojovací materiál;101;Příjem zboží na objednávku;S;205,650;KS;15,28;3142,33;CZK;;ThyssenKrupp Ferrostal;;SN3934;;;;VESELAM;4010 Nákup
04.02.2026;04.02.2026;4900000492;1;2000;0001;1000186;Deska PP 63 mm;Plasty;101;Příjem zboží na objednávku;S;687,650;KG;66,21;45529,31;CZK;;PPG Deco Czech;;SN5316;;;;HORAKT;4010 Nákup
04.02.2026;04.02.2026;4900000623;1;1000;0001;1000210;Odmašťovač RAL 9005;Nátěry a chemie;101;Příjem zboží na objednávku;S;1192,510;L;166,86;198982,22;CZK;;ESSA Czech;;SN7688;;;;SVOBODM;4010 Nákup
04.02.2026;04.02.2026;4900000725;1;1000;0001;1000230;Kolík 14x73;Spojovací materiál;101;Příjem zboží na objednávku;S;1038,290;KS;9,78;10154,48;CZK;;Wurth s.r.o.;;SN6767;;;;PROCHAZ;4010 Nákup
04.02.2026;04.02.2026;4900000747;1;2000;0001;1000233;Trubka ocelová 70x56;Ocel;101;Příjem zboží na objednávku;S;1629,850;KG;20,71;33754,19;CZK;;Bibus s.r.o.;;SN7929;;;;VESELAM;4010 Nákup
04.02.2026;04.02.2026;4900000765;1;2000;0001;1000236;Stykač 75 A;Elektro;101;Příjem zboží na objednávku;S;621,440;KS;482,61;299913,16;CZK;;Alumat s.r.o.;;SN9675;;;;VESELAM;4010 Nákup
04.02.2026;04.02.2026;4900000783;1;1000;0001;1000239;Těsnění ploché 68 mm;Těsnění a guma;101;Příjem zboží na objednávku;S;914,980;KS;32,26;29517,25;CZK;;Trelleborg Bohemia;;SN7836;;;;PROCHAZ;4010 Nákup
04.02.2026;04.02.2026;4900001006;1;2000;0001;1000282;Plech ocelový 15 mm;Ocel;101;Příjem zboží na objednávku;S;1891,100;KG;32,61;61668,77;CZK;;Resinex CZ s.r.o.;;SN6439;;;;PROCHAZ;4010 Nákup
04.02.2026;04.02.2026;4900001169;1;2000;0001;1000310;Jekl 41x41x61;Ocel;101;Příjem zboží na objednávku;S;151,840;KG;25,01;3797,52;CZK;;Haberkorn s.r.o.;;SN2260;;;;DVORAKP;4010 Nákup
04.02.2026;04.02.2026;4900001263;1;1000;0001;1000327;Stykač 56 A;Elektro;101;Příjem zboží na objednávku;S;163,600;KS;238,71;39052,96;CZK;;Alumat s.r.o.;;SN6328;;;;CERNAT;4010 Nákup
04.02.2026;04.02.2026;4900001310;1;2000;0001;1000335;Šroub M70x57;Spojovací materiál;101;Příjem zboží na objednávku;S;864,560;KS;4,55;3933,75;CZK;;Ferona a.s.;;SN6729;;;;CERNAT;4010 Nákup
04.02.2026;04.02.2026;4900001410;1;2000;0001;1000355;Motor 65 kW;Elektro;101;Příjem zboží na objednávku;S;992,010;KS;794,20;787854,34;CZK;;Alumat s.r.o.;;SN2681;;;;HORAKT;4010 Nákup
04.02.2026;04.02.2026;4900001416;1;2000;0001;1000356;Podložka 42;Spojovací materiál;101;Příjem zboží na objednávku;S;455,840;KS;4,27;1946,44;CZK;;PPG Deco Czech;;SN9283;;;;NOVAKJ;4010 Nákup
04.02.2026;04.02.2026;4900001427;1;2000;0001;1000358;Tlumič gumový 49;Těsnění a guma;101;Příjem zboží na objednávku;S;252,100;KS;45,51;11473,07;CZK;;Hennlich s.r.o.;;SN7037;;;;PROCHAZ;4010 Nákup
04.02.2026;04.02.2026;4900001435;1;1000;0001;1000359;Profil U 62;Ocel;101;Příjem zboží na objednávku;S;1340,780;KG;43,72;58618,90;CZK;;Alumat s.r.o.;;SN3998;;;;KUCERAL;4010 Nákup
04.02.2026;04.02.2026;4900001583;1;1000;0001;1000385;Odmašťovač RAL 6011;Nátěry a chemie;101;Příjem zboží na objednávku;S;1526,390;L;320,08;488566,91;CZK;;Hilti ČR s.r.o.;;SN5187;;;;SVOBODM;4010 Nákup
04.02.2026;04.02.2026;4900001589;1;1000;0001;1000387;Trubka ocelová 55x68;Ocel;101;Příjem zboží na objednávku;S;1699,200;KG;29,33;49837,54;CZK;;Hennlich s.r.o.;;SN4581;;;;HORAKT;4010 Nákup
04.02.2026;04.02.2026;4900001605;1;2000;0001;1000389;Deska PE 67 mm;Plasty;101;Příjem zboží na objednávku;S;396,650;KG;59,43;23572,91;CZK;;Bossard CZ s.r.o.;;SN5914;;;;NOVAKJ;4010 Nákup
04.02.2026;04.02.2026;4900001699;1;1000;0001;1000397;Motor 114 kW;Elektro;261;Výdej do výrobní zakázky;H;-468,000;KS;710,22;-332382,96;CZK;VZ400021;;;;;;;DVORAKP;5020 Výroba montáž
04.02.2026;04.02.2026;4900001699;2;1000;0001;1000374;Plech Al 115 mm;Hliník;261;Výdej do výrobní zakázky;H;-54,400;KG;66,46;-3615,42;CZK;VZ400021;;;;;;;NOVAKJ;5020 Výroba montáž
04.02.2026;04.02.2026;4900001699;3;1000;0001;1000178;Profil Al 34x34;Hliník;261;Výdej do výrobní zakázky;H;-241,600;KG;74,24;-17936,38;CZK;VZ400021;;;;;;;DVORAKP;5030 Výroba obrábění
04.02.2026;04.02.2026;4900001699;4;1000;0001;1000313;Kabel CYKY 66x55;Elektro;261;Výdej do výrobní zakázky;H;-161,200;KS;566,73;-91356,88;CZK;VZ400021;;;;;;;KUCERAL;5030 Výroba obrábění
04.02.2026;04.02.2026;4900001699;5;1000;0001;1000150;Profil Al 3x49;Hliník;261;Výdej do výrobní zakázky;H;-145,200;KG;116,11;-16859,17;CZK;VZ400021;;;;;;;CERNAT;5020 Výroba montáž
04.02.2026;04.02.2026;4900001974;1;2000;0001;1000390;Frekvenční měnič 119 kW;Elektro;261;Výdej do výrobní zakázky;H;-141,300;KS;680,45;-96147,59;CZK;VZ400172;;;;;;;VESELAM;5030 Výroba obrábění
04.02.2026;04.02.2026;4900001974;2;2000;0001;1000391;Kolík 64x14;Spojovací materiál;261;Výdej do výrobní zakázky;H;-241,800;KS;15,07;-3643,93;CZK;VZ400172;;;;;;;CERNAT;5020 Výroba montáž
04.02.2026;04.02.2026;4900001974;3;2000;0001;1000378;Základní barva RAL 6011;Nátěry a chemie;261;Výdej do výrobní zakázky;H;-93,000;L;99,53;-9256,29;CZK;VZ400172;;;;;;;CERNAT;5030 Výroba obrábění
04.02.2026;04.02.2026;4900001974;4;2000;0001;1000181;Matice M81;Spojovací materiál;261;Výdej do výrobní zakázky;H;-359,700;KS;15,28;-5496,22;CZK;VZ400172;;;;;;;HORAKT;5030 Výroba obrábění
04.02.2026;04.02.2026;4900002006;1;1000;0003;5000145;Hydraulický agregát D249;Hotový výrobek;131;Příjem z výroby;S;23,000;KS;13840,02;318320,46;CZK;VZ400191;;;SV2560;;;;HORAKT;5020 Výroba montáž
04.02.2026;04.02.2026;4900002115;1;1000;0003;5000116;Svařenec nosný E926;Hotový výrobek;131;Příjem z výroby;S;9,000;KS;635,56;5720,04;CZK;VZ400277;;;SV6235;;;;SVOBODM;5020 Výroba montáž
04.02.2026;04.02.2026;4900002186;1;2000;0003;5000117;Kryt převodovky F393;Hotový výrobek;601;Výdej při dodání zákazníkovi;H;-11,000;KS;6197,29;-68170,19;CZK;;;Strojírny Prostějov a.s.;SV4605;99051,25;68170,19;21691,83;KUCERAL;6010 Expedice
04.02.2026;04.02.2026;4900002273;1;2000;0003;5000147;Kryt převodovky F636;Hotový výrobek;601;Výdej při dodání zákazníkovi;H;-13,000;KS;16341,87;-212444,31;CZK;;;Brose CZ spol. s r.o.;SV2057;312819,04;212444,31;61912,92;DVORAKP;6010 Expedice
04.02.2026;04.02.2026;4900002443;1;2000;0003;5000137;Kryt převodovky B734;Hotový výrobek;601;Výdej při dodání zákazníkovi;H;-8,000;KS;4419,44;-35355,52;CZK;;;Strojírny Prostějov a.s.;SV9093;52393,38;35355,52;9847,34;KUCERAL;6010 Expedice
04.02.2026;04.02.2026;4900002477;1;2000;0003;5000132;Rám podvozkový C802;Hotový výrobek;601;Výdej při dodání zákazníkovi;H;-5,000;KS;1980,08;-9900,40;CZK;;;Bosch Diesel s.r.o.;SV2932;14720,54;9900,40;3047,82;NOVAKJ;6010 Expedice
05.02.2026;05.02.2026;4900000098;1;2000;0001;1000117;Motor 72 kW;Elektro;101;Příjem zboží na objednávku;S;605,100;KS;660,38;399595,94;CZK;;Rubena a.s.;;SN2612;;;;VESELAM;4010 Nákup
05.02.2026;05.02.2026;4900000175;1;2000;0001;1000131;Čidlo indukční 113 mm;Elektro;101;Příjem zboží na objednávku;S;936,780;KS;756,41;708589,76;CZK;;Fabory CZ;;SN7936;;;;NOVAKJ;4010 Nákup
05.02.2026;05.02.2026;4900000236;1;2000;0001;1000142;Plech ocelový 112 mm;Ocel;101;Příjem zboží na objednávku;S;1363,770;KG;31,94;43558,81;CZK;;Fabory CZ;;SN4741;;;;CERNAT;4010 Nákup
05.02.2026;05.02.2026;4900000237;1;2000;0001;1000143;Plech Al 68 mm;Hliník;101;Příjem zboží na objednávku;S;1618,360;KG;76,77;124241,50;CZK;;Hennlich s.r.o.;;SN7289;;;;VESELAM;4010 Nákup
05.02.2026;05.02.2026;4900000354;1;2000;0001;1000163;Tyč kruhová 7 mm;Ocel;101;Příjem zboží na objednávku;S;307,660;KG;39,09;12026,43;CZK;;ABB s.r.o.;;SN9270;;;;NOVAKJ;4010 Nákup
05.02.2026;05.02.2026;4900000393;1;1000;0001;1000169;O-kroužek 90 mm;Těsnění a guma;101;Příjem zboží na objednávku;S;1017,190;KS;8,34;8483,36;CZK;;Killich s.r.o.;;SN7893;;;;SVOBODM;4010 Nákup
05.02.2026;05.02.2026;4900000446;1;2000;0001;1000177;Plech ocelový 91 mm;Ocel;101;Příjem zboží na objednávku;S;2193,350;KG;41,14;90234,42;CZK;;Killich s.r.o.;;SN5424;;;;VESELAM;4010 Nákup
05.02.2026;05.02.2026;4900000472;1;1000;0001;1000183;O-kroužek 107 mm;Těsnění a guma;101;Příjem zboží na objednávku;S;673,760;KS;51,09;34422,40;CZK;;Ferona a.s.;;SN3311;;;;KUCERAL;4010 Nákup
05.02.2026;05.02.2026;4900000504;1;2000;0001;1000189;Lak polyuretanový RAL 6011;Nátěry a chemie;101;Příjem zboží na objednávku;S;683,360;L;322,32;220260,60;CZK;;ESSA Czech;;SN7480;;;;CERNAT;4010 Nákup
05.02.2026;05.02.2026;4900000662;1;1000;0001;1000217;Odmašťovač RAL 6011;Nátěry a chemie;101;Příjem zboží na objednávku;S;153,300;L;302,81;46420,77;CZK;;Bossard CZ s.r.o.;;SN4278;;;;SVOBODM;4010 Nákup
05.02.2026;05.02.2026;4900000820;1;1000;0001;1000246;Těsnění ploché 116 mm;Těsnění a guma;101;Příjem zboží na objednávku;S;995,880;KS;47,79;47593,11;CZK;;ESSA Czech;;SN4918;;;;SVOBODM;4010 Nákup
05.02.2026;05.02.2026;4900001017;1;1000;0001;1000283;Profil Al 57x50;Hliník;101;Příjem zboží na objednávku;S;973,220;KG;117,06;113925,13;CZK;;Hilti ČR s.r.o.;;SN1848;;;;HORAKT;4010 Nákup
05.02.2026;05.02.2026;4900001020;1;1000;0001;1000284;Granulát PA6 17;Plasty;101;Příjem zboží na objednávku;S;940,970;KG;68,56;64512,90;CZK;;Killich s.r.o.;;SN8864;;;;VESELAM;4010 Nákup
05.02.2026;05.02.2026;4900001051;1;1000;0001;1000289;Plech ocelový 110 mm;Ocel;101;Příjem zboží na objednávku;S;593,420;KG;23,40;13886,03;CZK;;Metalšrot Tlumačov;;SN6919;;;;KUCERAL;4010 Nákup
05.02.2026;05.02.2026;4900001071;1;1000;0001;1000293;Matice M3;Spojovací materiál;101;Příjem zboží na objednávku;S;571,910;KS;10,49;5999,34;CZK;;Resinex CZ s.r.o.;;SN1527;;;;SVOBODM;4010 Nákup
05.02.2026;05.02.2026;4900001111;1;1000;0001;1000299;Čidlo indukční 99 mm;Elektro;101;Příjem zboží na objednávku;S;394,190;KS;576,77;227356,97;CZK;;Resinex CZ s.r.o.;;SN4951;;;;HORAKT;4010 Nákup
05.02.2026;05.02.2026;4900001186;1;1000;0001;1000313;Kabel CYKY 66x55;Elektro;101;Příjem zboží na objednávku;S;1172,670;KS;566,73;664587,27;CZK;;Schneider Electric CZ;;SN8982;;;;KUCERAL;4010 Nákup
05.02.2026;05.02.2026;4900001240;1;1000;0001;1000323;O-kroužek 81 mm;Těsnění a guma;101;Příjem zboží na objednávku;S;665,930;KS;15,08;10042,22;CZK;;PPG Deco Czech;;SN9736;;;;PROCHAZ;4010 Nákup
05.02.2026;05.02.2026;4900001308;1;2000;0001;1000335;Šroub M70x57;Spojovací materiál;101;Příjem zboží na objednávku;S;99,830;KS;4,55;454,23;CZK;;Rubena a.s.;;SN2055;;;;KUCERAL;4010 Nákup
05.02.2026;05.02.2026;4900001322;1;1000;0001;1000338;Jekl 47x47x4;Ocel;101;Příjem zboží na objednávku;S;2066,570;KG;41,33;85411,34;CZK;;Alumat s.r.o.;;SN5139;;;;SVOBODM;4010 Nákup
05.02.2026;05.02.2026;4900001329;1;1000;0001;1000339;Profil Al 7x33;Hliník;101;Příjem zboží na objednávku;S;1274,350;KG;91,34;116399,13;CZK;;Metalšrot Tlumačov;;SN7418;;;;NOVAKJ;4010 Nákup
05.02.2026;05.02.2026;4900001432;1;1000;0001;1000359;Profil U 62;Ocel;101;Příjem zboží na objednávku;S;1453,140;KG;43,72;63531,28;CZK;;Metalšrot Tlumačov;;SN8864;;;;HORAKT;4010 Nákup
05.02.2026;05.02.2026;4900001678;1;1000;0003;5000101;Převodovka šneková B301;Hotový výrobek;131;Příjem z výroby;S;21,000;KS;9813,50;206083,50;CZK;VZ400010;;;SV6615;;;;NOVAKJ;5020 Výroba montáž
05.02.2026;05.02.2026;4900001832;1;1000;0001;1000313;Kabel CYKY 66x55;Elektro;261;Výdej do výrobní zakázky;H;-253,200;KS;566,73;-143496,04;CZK;VZ400084;;;;;;;KUCERAL;5020 Výroba montáž
05.02.2026;05.02.2026;4900001832;2;1000;0001;1000179;Granulát ABS 25;Plasty;261;Výdej do výrobní zakázky;H;-264,800;KG;54,80;-14511,04;CZK;VZ400084;;;;;;;CERNAT;5020 Výroba montáž
05.02.2026;05.02.2026;4900001832;3;1000;0001;1000215;Motor 73 kW;Elektro;261;Výdej do výrobní zakázky;H;-297,600;KS;175,44;-52210,94;CZK;VZ400084;;;;;;;KUCERAL;5030 Výroba obrábění
05.02.2026;05.02.2026;4900001832;4;1000;0001;1000387;Trubka ocelová 55x68;Ocel;261;Výdej do výrobní zakázky;H;-292,000;KG;29,33;-8564,36;CZK;VZ400084;;;;;;;VESELAM;5030 Výroba obrábění
05.02.2026;05.02.2026;4900001832;5;1000;0001;1000371;Lak polyuretanový RAL 5010;Nátěry a chemie;261;Výdej do výrobní zakázky;H;-102,800;L;210,04;-21592,11;CZK;VZ400084;;;;;;;NOVAKJ;5030 Výroba obrábění
05.02.2026;05.02.2026;4900001832;6;1000;0001;1000374;Plech Al 115 mm;Hliník;261;Výdej do výrobní zakázky;H;-61,200;KG;66,46;-4067,35;CZK;VZ400084;;;;;;;KUCERAL;5020 Výroba montáž
05.02.2026;05.02.2026;4900001832;7;1000;0001;1000258;Kolík 6x58;Spojovací materiál;261;Výdej do výrobní zakázky;H;-398,400;KS;4,08;-1625,47;CZK;VZ400084;;;;;;;DVORAKP;5020 Výroba montáž
05.02.2026;05.02.2026;4900001832;8;1000;0001;1000165;Deska PE 38 mm;Plasty;261;Výdej do výrobní zakázky;H;-273,200;KG;43,33;-11837,76;CZK;VZ400084;;;;;;;PROCHAZ;5030 Výroba obrábění
05.02.2026;05.02.2026;4900001832;9;1000;0001;1000335;Šroub M70x57;Spojovací materiál;261;Výdej do výrobní zakázky;H;-430,800;KS;4,55;-1960,14;CZK;VZ400084;;;;;;;NOVAKJ;5020 Výroba montáž
05.02.2026;05.02.2026;4900001904;1;1000;0001;1000109;Granulát PA6 108;Plasty;261;Výdej do výrobní zakázky;H;-48,800;KG;65,68;-3205,18;CZK;VZ400126;;;;;;;HORAKT;5030 Výroba obrábění
05.02.2026;05.02.2026;4900001904;2;1000;0001;1000179;Granulát ABS 25;Plasty;261;Výdej do výrobní zakázky;H;-6,160;KG;54,80;-337,57;CZK;VZ400126;;;;;;;NOVAKJ;5030 Výroba obrábění
05.02.2026;05.02.2026;4900001904;3;1000;0001;1000358;Tlumič gumový 49;Těsnění a guma;261;Výdej do výrobní zakázky;H;-28,000;KS;45,51;-1274,28;CZK;VZ400126;;;;;;;SVOBODM;5030 Výroba obrábění
05.02.2026;05.02.2026;4900001904;4;1000;0001;1000138;Frekvenční měnič 18 kW;Elektro;261;Výdej do výrobní zakázky;H;-87,680;KS;423,21;-37107,05;CZK;VZ400126;;;;;;;KUCERAL;5030 Výroba obrábění
05.02.2026;05.02.2026;4900001904;5;1000;0001;1000348;Motor 108 kW;Elektro;261;Výdej do výrobní zakázky;H;-8,960;KS;739,67;-6627,44;CZK;VZ400126;;;;;;;DVORAKP;5020 Výroba montáž
05.02.2026;05.02.2026;4900002156;1;1000;0003;5000141;Převodovka šneková F508;Hotový výrobek;601;Výdej při dodání zákazníkovi;H;-6,000;KS;1789,06;-10734,36;CZK;;;Koyo Bearings ČR;SV2747;11812,29;10734,36;2590,14;SVOBODM;6010 Expedice
06.02.2026;06.02.2026;4900000319;1;2000;0001;1000156;Trubka ocelová 22x42;Ocel;101;Příjem zboží na objednávku;S;1226,470;KG;38,26;46924,74;CZK;;Trelleborg Bohemia;;SN8879;;;;HORAKT;4010 Nákup
06.02.2026;06.02.2026;4900000348;1;1000;0001;1000162;Manžeta 19x29;Těsnění a guma;101;Příjem zboží na objednávku;S;611,070;KS;19,44;11879,20;CZK;;ThyssenKrupp Ferrostal;;SN7900;;;;PROCHAZ;4010 Nákup
06.02.2026;06.02.2026;4900000420;1;2000;0001;1000173;Čidlo indukční 108 mm;Elektro;101;Příjem zboží na objednávku;S;954,890;KS;435,84;416179,26;CZK;;Hilti ČR s.r.o.;;SN2424;;;;PROCHAZ;4010 Nákup
06.02.2026;06.02.2026;4900000531;1;2000;0001;1000194;Stykač 41 A;Elektro;101;Příjem zboží na objednávku;S;816,940;KS;573,85;468801,02;CZK;;Hilti ČR s.r.o.;;SN6751;;;;PROCHAZ;4010 Nákup
06.02.2026;06.02.2026;4900000569;1;1000;0001;1000200;Deska PE 42 mm;Plasty;101;Příjem zboží na objednávku;S;1164,480;KG;93,92;109367,96;CZK;;Haberkorn s.r.o.;;SN7218;;;;SVOBODM;4010 Nákup
06.02.2026;06.02.2026;4900000726;1;1000;0001;1000230;Kolík 14x73;Spojovací materiál;101;Příjem zboží na objednávku;S;829,260;KS;9,78;8110,16;CZK;;Alumat s.r.o.;;SN7703;;;;HORAKT;4010 Nákup
06.02.2026;06.02.2026;4900000850;1;1000;0001;1000250;Kabel CYKY 34x42;Elektro;101;Příjem zboží na objednávku;S;686,580;KS;795,46;546146,93;CZK;;ArcelorMittal Distribution;;SN6923;;;;KUCERAL;4010 Nákup
06.02.2026;06.02.2026;4900000857;1;2000;0001;1000252;Ředidlo S24;Nátěry a chemie;101;Příjem zboží na objednávku;S;444,830;L;270,93;120517,79;CZK;;ABB s.r.o.;;SN9889;;;;KUCERAL;4010 Nákup
06.02.2026;06.02.2026;4900000922;1;1000;0001;1000264;Motor 26 kW;Elektro;101;Příjem zboží na objednávku;S;217,270;KS;733,69;159408,83;CZK;;Haberkorn s.r.o.;;SN3076;;;;DVORAKP;4010 Nákup
06.02.2026;06.02.2026;4900000986;1;2000;0001;1000278;Frekvenční měnič 11 kW;Elektro;101;Příjem zboží na objednávku;S;670,600;KS;659,54;442287,52;CZK;;Fabory CZ;;SN9712;;;;KUCERAL;4010 Nákup
06.02.2026;06.02.2026;4900001021;1;1000;0001;1000284;Granulát PA6 17;Plasty;101;Příjem zboží na objednávku;S;1969,960;KG;68,56;135060,46;CZK;;Fabory CZ;;SN2806;;;;VESELAM;4010 Nákup
06.02.2026;06.02.2026;4900001117;1;2000;0001;1000301;Lak polyuretanový RAL 5010;Nátěry a chemie;101;Příjem zboží na objednávku;S;1904,550;L;339,05;645737,68;CZK;;ABB s.r.o.;;SN8252;;;;VESELAM;4010 Nákup
06.02.2026;06.02.2026;4900001134;1;2000;0001;1000303;Tyč kruhová 68 mm;Ocel;101;Příjem zboží na objednávku;S;898,720;KG;35,56;31958,48;CZK;;Alumat s.r.o.;;SN5495;;;;HORAKT;4010 Nákup
06.02.2026;06.02.2026;4900001156;1;2000;0001;1000307;Matice M93;Spojovací materiál;101;Příjem zboží na objednávku;S;814,290;KS;6,22;5064,88;CZK;;Trelleborg Bohemia;;SN7273;;;;NOVAKJ;4010 Nákup
06.02.2026;06.02.2026;4900001259;1;1000;0001;1000326;Deska PE 12 mm;Plasty;101;Příjem zboží na objednávku;S;2145,250;KG;79,39;170311,40;CZK;;Wurth s.r.o.;;SN3955;;;;KUCERAL;4010 Nákup
06.02.2026;06.02.2026;4900001374;1;2000;0001;1000347;Granulát ABS 90;Plasty;101;Příjem zboží na objednávku;S;1172,630;KG;65,34;76619,64;CZK;;Plastika Nitra a.s.;;SN8029;;;;CERNAT;4010 Nákup
06.02.2026;06.02.2026;4900001485;1;1000;0001;1000367;Trubka Al 13 mm;Hliník;101;Příjem zboží na objednávku;S;582,090;KG;97,83;56945,86;CZK;;Schneider Electric CZ;;SN1045;;;;CERNAT;4010 Nákup
06.02.2026;06.02.2026;4900001513;1;1000;0001;1000373;Tyč kruhová 44 mm;Ocel;101;Příjem zboží na objednávku;S;2120,850;KG;31,69;67209,74;CZK;;ArcelorMittal Distribution;;SN9673;;;;DVORAKP;4010 Nákup
06.02.2026;06.02.2026;4900001588;1;1000;0001;1000387;Trubka ocelová 55x68;Ocel;101;Příjem zboží na objednávku;S;871,350;KG;29,33;25556,70;CZK;;ESSA Czech;;SN7808;;;;PROCHAZ;4010 Nákup
06.02.2026;06.02.2026;4900001613;1;2000;0001;1000390;Frekvenční měnič 119 kW;Elektro;101;Příjem zboží na objednávku;S;417,030;KS;680,45;283768,06;CZK;;Hennlich s.r.o.;;SN5932;;;;HORAKT;4010 Nákup
06.02.2026;06.02.2026;4900001674;1;1000;0003;5000130;Čerpadlo odstředivé A643;Hotový výrobek;131;Příjem z výroby;S;11,000;KS;7168,49;78853,39;CZK;VZ400008;;;SV8720;;;;KUCERAL;5020 Výroba montáž
06.02.2026;06.02.2026;4900001728;1;2000;0001;1000264;Motor 26 kW;Elektro;261;Výdej do výrobní zakázky;H;-88,640;KS;733,69;-65034,28;CZK;VZ400035;;;;;;;VESELAM;5020 Výroba montáž
06.02.2026;06.02.2026;4900001728;2;2000;0001;1000203;Základní barva RAL 5010;Nátěry a chemie;261;Výdej do výrobní zakázky;H;-130,560;L;222,00;-28984,32;CZK;VZ400035;;;;;;;VESELAM;5020 Výroba montáž
06.02.2026;06.02.2026;4900001728;3;2000;0001;1000347;Granulát ABS 90;Plasty;261;Výdej do výrobní zakázky;H;-84,480;KG;65,34;-5519,92;CZK;VZ400035;;;;;;;NOVAKJ;5020 Výroba montáž
06.02.2026;06.02.2026;4900001728;4;2000;0001;1000152;Frekvenční měnič 74 kW;Elektro;261;Výdej do výrobní zakázky;H;-321,600;KS;607,08;-195236,93;CZK;VZ400035;;;;;;;KUCERAL;5020 Výroba montáž
06.02.2026;06.02.2026;4900001728;5;2000;0001;1000389;Deska PE 67 mm;Plasty;261;Výdej do výrobní zakázky;H;-53,120;KG;59,43;-3156,92;CZK;VZ400035;;;;;;;SVOBODM;5030 Výroba obrábění
06.02.2026;06.02.2026;4900001728;6;2000;0001;1000233;Trubka ocelová 70x56;Ocel;261;Výdej do výrobní zakázky;H;-164,800;KG;20,71;-3413,01;CZK;VZ400035;;;;;;;DVORAKP;5020 Výroba montáž
06.02.2026;06.02.2026;4900001788;1;2000;0003;5000135;Hydraulický agregát F221;Hotový výrobek;131;Příjem z výroby;S;44,000;KS;7365,30;324073,20;CZK;VZ400062;;;SV9038;;;;CERNAT;5020 Výroba montáž
06.02.2026;06.02.2026;4900002030;1;2000;0001;1000289;Plech ocelový 110 mm;Ocel;261;Výdej do výrobní zakázky;H;-17,460;KG;23,40;-408,56;CZK;VZ400209;;;;;;;HORAKT;5030 Výroba obrábění
06.02.2026;06.02.2026;4900002030;2;2000;0001;1000202;Kolík 46x32;Spojovací materiál;261;Výdej do výrobní zakázky;H;-47,580;KS;2,81;-133,70;CZK;VZ400209;;;;;;;NOVAKJ;5030 Výroba obrábění
06.02.2026;06.02.2026;4900002030;3;2000;0001;1000309;Tlumič gumový 24;Těsnění a guma;261;Výdej do výrobní zakázky;H;-66,300;KS;42,90;-2844,27;CZK;VZ400209;;;;;;;DVORAKP;5020 Výroba montáž
06.02.2026;06.02.2026;4900002030;4;2000;0001;1000223;Šroub M2x48;Spojovací materiál;261;Výdej do výrobní zakázky;H;-37,920;KS;10,18;-386,03;CZK;VZ400209;;;;;;;HORAKT;5030 Výroba obrábění
06.02.2026;06.02.2026;4900002030;5;2000;0001;1000330;O-kroužek 39 mm;Těsnění a guma;261;Výdej do výrobní zakázky;H;-4,260;KS;18,43;-78,51;CZK;VZ400209;;;;;;;PROCHAZ;5020 Výroba montáž
06.02.2026;06.02.2026;4900002030;6;2000;0001;1000381;Trubka Al 117 mm;Hliník;261;Výdej do výrobní zakázky;H;-38,520;KG;64,58;-2487,62;CZK;VZ400209;;;;;;;KUCERAL;5020 Výroba montáž
06.02.2026;06.02.2026;4900002030;7;2000;0001;1000319;Granulát PA6 44;Plasty;261;Výdej do výrobní zakázky;H;-19,140;KG;71,64;-1371,19;CZK;VZ400209;;;;;;;KUCERAL;5030 Výroba obrábění
06.02.2026;06.02.2026;4900002030;8;2000;0001;1000344;Tlumič gumový 31;Těsnění a guma;261;Výdej do výrobní zakázky;H;-53,820;KS;11,20;-602,78;CZK;VZ400209;;;;;;;PROCHAZ;5020 Výroba montáž
06.02.2026;06.02.2026;4900002030;9;2000;0001;1000209;Matice M37;Spojovací materiál;261;Výdej do výrobní zakázky;H;-65,340;KS;14,07;-919,33;CZK;VZ400209;;;;;;;NOVAKJ;5020 Výroba montáž
06.02.2026;06.02.2026;4900002031;1;2000;0001;1000202;Kolík 46x32;Spojovací materiál;551;Výdej do šrotu;H;-8,570;KS;2,81;-24,08;CZK;VZ400209;;;;;;;PROCHAZ;5030 Výroba obrábění
06.02.2026;06.02.2026;4900002118;1;1000;0001;1000380;Profil U 111;Ocel;261;Výdej do výrobní zakázky;H;-58,240;KG;24,59;-1432,12;CZK;VZ400281;;;;;;;CERNAT;5030 Výroba obrábění
06.02.2026;06.02.2026;4900002118;2;1000;0001;1000215;Motor 73 kW;Elektro;261;Výdej do výrobní zakázky;H;-209,160;KS;175,44;-36695,03;CZK;VZ400281;;;;;;;SVOBODM;5030 Výroba obrábění
06.02.2026;06.02.2026;4900002118;3;1000;0001;1000325;Trubka Al 2 mm;Hliník;261;Výdej do výrobní zakázky;H;-23,520;KG;72,94;-1715,55;CZK;VZ400281;;;;;;;DVORAKP;5030 Výroba obrábění
06.02.2026;06.02.2026;4900002118;4;1000;0001;1000280;Lak polyuretanový RAL 5010;Nátěry a chemie;261;Výdej do výrobní zakázky;H;-144,480;L;269,15;-38886,79;CZK;VZ400281;;;;;;;CERNAT;5030 Výroba obrábění
06.02.2026;06.02.2026;4900002118;5;1000;0001;1000165;Deska PE 38 mm;Plasty;261;Výdej do výrobní zakázky;H;-27,440;KG;43,33;-1188,98;CZK;VZ400281;;;;;;;NOVAKJ;5030 Výroba obrábění
06.02.2026;06.02.2026;4900002118;6;1000;0001;1000224;Lak polyuretanový RAL 6011;Nátěry a chemie;261;Výdej do výrobní zakázky;H;-73,920;L;165,51;-12234,50;CZK;VZ400281;;;;;;;VESELAM;5020 Výroba montáž
06.02.2026;06.02.2026;4900002207;1;2000;0003;5000105;Hydraulický agregát F685;Hotový výrobek;601;Výdej při dodání zákazníkovi;H;-14,000;KS;5566,06;-77924,84;CZK;;;Škoda Auto a.s.;SV8370;102922,20;77924,84;23530,49;VESELAM;6010 Expedice
06.02.2026;06.02.2026;4900002236;1;2000;0003;5000100;Čerpadlo odstředivé A594;Hotový výrobek;601;Výdej při dodání zákazníkovi;H;-9,000;KS;1079,41;-9714,69;CZK;;;Magna Exteriors Bohemia;SV7784;14686,65;9714,69;2572,51;HORAKT;6010 Expedice
06.02.2026;06.02.2026;4900002263;1;1000;0003;5000148;Konzole montážní A793;Hotový výrobek;601;Výdej při dodání zákazníkovi;H;-9,000;KS;7570,47;-68134,23;CZK;;;Hella Autotechnik Nova;SV2822;88993,02;68134,23;18706,38;SVOBODM;6010 Expedice
06.02.2026;06.02.2026;4900002441;1;2000;0003;5000137;Kryt převodovky B734;Hotový výrobek;601;Výdej při dodání zákazníkovi;H;-14,000;KS;4419,44;-61872,16;CZK;;;Hanon Systems Autopal;SV7558;88032,77;61872,16;19627,54;HORAKT;6010 Expedice
09.02.2026;09.02.2026;4900000042;1;1000;0001;1000107;Profil U 83;Ocel;101;Příjem zboží na objednávku;S;1600,510;KG;26,39;42237,46;CZK;;Killich s.r.o.;;SN9633;;;;HORAKT;4010 Nákup
09.02.2026;09.02.2026;4900000095;1;2000;0001;1000117;Motor 72 kW;Elektro;101;Příjem zboží na objednávku;S;893,910;KS;660,38;590320,29;CZK;;Schneider Electric CZ;;SN4219;;;;SVOBODM;4010 Nákup
09.02.2026;09.02.2026;4900000183;1;2000;0001;1000133;Lak polyuretanový RAL 5010;Nátěry a chemie;101;Příjem zboží na objednávku;S;1771,280;L;132,80;235225,98;CZK;;Plastika Nitra a.s.;;SN9285;;;;NOVAKJ;4010 Nákup
09.02.2026;09.02.2026;4900000324;1;2000;0001;1000157;Trubka Al 95 mm;Hliník;101;Příjem zboží na objednávku;S;1851,600;KG;85,98;159200,57;CZK;;Siemens s.r.o.;;SN9949;;;;KUCERAL;4010 Nákup
09.02.2026;09.02.2026;4900000466;1;1000;0001;1000181;Matice M81;Spojovací materiál;101;Příjem zboží na objednávku;S;556,770;KS;15,28;8507,45;CZK;;Rubena a.s.;;SN9789;;;;DVORAKP;4010 Nákup
09.02.2026;09.02.2026;4900000639;1;1000;0001;1000213;Plech Al 20 mm;Hliník;101;Příjem zboží na objednávku;S;290,390;KG;115,47;33531,33;CZK;;PPG Deco Czech;;SN2484;;;;KUCERAL;4010 Nákup
09.02.2026;09.02.2026;4900000713;1;1000;0001;1000227;Profil Al 118x69;Hliník;101;Příjem zboží na objednávku;S;1581,320;KG;60,93;96349,83;CZK;;Colorlak a.s.;;SN2840;;;;CERNAT;4010 Nákup
09.02.2026;09.02.2026;4900000882;1;2000;0001;1000257;Kabel CYKY 73x66;Elektro;101;Příjem zboží na objednávku;S;444,150;KS;863,64;383585,71;CZK;;Schneider Electric CZ;;SN5217;;;;DVORAKP;4010 Nákup
09.02.2026;09.02.2026;4900001032;1;1000;0001;1000286;Kolík 71x53;Spojovací materiál;101;Příjem zboží na objednávku;S;199,940;KS;3,28;655,80;CZK;;Hennlich s.r.o.;;SN2838;;;;NOVAKJ;4010 Nákup
09.02.2026;09.02.2026;4900001152;1;1000;0001;1000306;Motor 8 kW;Elektro;101;Příjem zboží na objednávku;S;1186,140;KS;611,12;724873,88;CZK;;Siemens s.r.o.;;SN5730;;;;NOVAKJ;4010 Nákup
09.02.2026;09.02.2026;4900001188;1;1000;0001;1000313;Kabel CYKY 66x55;Elektro;101;Příjem zboží na objednávku;S;449,430;KS;566,73;254705,46;CZK;;Wurth s.r.o.;;SN2463;;;;SVOBODM;4010 Nákup
09.02.2026;09.02.2026;4900001222;1;2000;0001;1000318;Plech Al 86 mm;Hliník;101;Příjem zboží na objednávku;S;160,370;KG;63,81;10233,21;CZK;;Killich s.r.o.;;SN7144;;;;PROCHAZ;4010 Nákup
09.02.2026;09.02.2026;4900001294;1;2000;0001;1000331;Tyč kruhová 92 mm;Ocel;101;Příjem zboží na objednávku;S;210,810;KG;40,62;8563,10;CZK;;Bibus s.r.o.;;SN5438;;;;VESELAM;4010 Nákup
09.02.2026;09.02.2026;4900001350;1;2000;0001;1000343;Odmašťovač RAL 5010;Nátěry a chemie;101;Příjem zboží na objednávku;S;164,090;L;156,59;25694,85;CZK;;Plastika Nitra a.s.;;SN7512;;;;HORAKT;4010 Nákup
09.02.2026;09.02.2026;4900001404;1;1000;0001;1000353;Trubka Al 94 mm;Hliník;101;Příjem zboží na objednávku;S;1804,670;KG;92,49;166913,93;CZK;;Resinex CZ s.r.o.;;SN1637;;;;SVOBODM;4010 Nákup
09.02.2026;09.02.2026;4900001502;1;2000;0001;1000370;Matice M98;Spojovací materiál;101;Příjem zboží na objednávku;S;1008,410;KS;9,55;9630,32;CZK;;Colorlak a.s.;;SN8683;;;;CERNAT;4010 Nákup
09.02.2026;09.02.2026;4900001530;1;2000;0001;1000376;Kabel CYKY 40x24;Elektro;101;Příjem zboží na objednávku;S;424,350;KS;338,22;143523,66;CZK;;Bossard CZ s.r.o.;;SN4445;;;;HORAKT;4010 Nákup
09.02.2026;09.02.2026;4900001547;1;2000;0001;1000378;Základní barva RAL 6011;Nátěry a chemie;101;Příjem zboží na objednávku;S;166,250;L;99,53;16546,86;CZK;;Lapp Kabel s.r.o.;;SN3596;;;;SVOBODM;4010 Nákup
09.02.2026;09.02.2026;4900001867;1;1000;0003;5000149;Ventilová jednotka B989;Hotový výrobek;131;Příjem z výroby;S;28,000;KS;1674,23;46878,44;CZK;VZ400104;;;SV1785;;;;PROCHAZ;5020 Výroba montáž
09.02.2026;09.02.2026;4900001871;1;2000;0003;5000128;Konzole montážní E878;Hotový výrobek;131;Příjem z výroby;S;25,000;KS;2954,77;73869,25;CZK;VZ400106;;;SV2406;;;;PROCHAZ;5020 Výroba montáž
09.02.2026;09.02.2026;4900001905;1;1000;0003;5000142;Rám podvozkový A874;Hotový výrobek;131;Příjem z výroby;S;8,000;KS;7208,74;57669,92;CZK;VZ400126;;;SV1963;;;;HORAKT;5020 Výroba montáž
09.02.2026;09.02.2026;4900001949;1;1000;0001;1000109;Granulát PA6 108;Plasty;261;Výdej do výrobní zakázky;H;-134,200;KG;65,68;-8814,26;CZK;VZ400157;;;;;;;DVORAKP;5030 Výroba obrábění
09.02.2026;09.02.2026;4900001949;2;1000;0001;1000179;Granulát ABS 25;Plasty;261;Výdej do výrobní zakázky;H;-16,940;KG;54,80;-928,31;CZK;VZ400157;;;;;;;VESELAM;5020 Výroba montáž
09.02.2026;09.02.2026;4900001949;3;1000;0001;1000358;Tlumič gumový 49;Těsnění a guma;261;Výdej do výrobní zakázky;H;-77,000;KS;45,51;-3504,27;CZK;VZ400157;;;;;;;SVOBODM;5030 Výroba obrábění
09.02.2026;09.02.2026;4900001949;4;1000;0001;1000138;Frekvenční měnič 18 kW;Elektro;261;Výdej do výrobní zakázky;H;-241,120;KS;423,21;-102044,40;CZK;VZ400157;;;;;;;DVORAKP;5020 Výroba montáž
09.02.2026;09.02.2026;4900001949;5;1000;0001;1000348;Motor 108 kW;Elektro;261;Výdej do výrobní zakázky;H;-24,640;KS;739,67;-18225,47;CZK;VZ400157;;;;;;;CERNAT;5030 Výroba obrábění
09.02.2026;09.02.2026;4900001972;1;1000;0001;1000172;Deska PE 85 mm;Plasty;261;Výdej do výrobní zakázky;H;-79,550;KG;44,67;-3553,50;CZK;VZ400170;;;;;;;PROCHAZ;5030 Výroba obrábění
09.02.2026;09.02.2026;4900001972;2;1000;0001;1000109;Granulát PA6 108;Plasty;261;Výdej do výrobní zakázky;H;-181,030;KG;65,68;-11890,05;CZK;VZ400170;;;;;;;VESELAM;5020 Výroba montáž
09.02.2026;09.02.2026;4900001972;3;1000;0001;1000240;Profil U 62;Ocel;261;Výdej do výrobní zakázky;H;-282,510;KG;20,67;-5839,48;CZK;VZ400170;;;;;;;VESELAM;5030 Výroba obrábění
09.02.2026;09.02.2026;4900001972;4;1000;0001;1000219;Jekl 28x28x58;Ocel;261;Výdej do výrobní zakázky;H;-37,410;KG;22,30;-834,24;CZK;VZ400170;;;;;;;SVOBODM;5030 Výroba obrábění
09.02.2026;09.02.2026;4900001972;5;1000;0001;1000275;Jekl 98x98x65;Ocel;261;Výdej do výrobní zakázky;H;-289,820;KG;34,85;-10100,23;CZK;VZ400170;;;;;;;HORAKT;5030 Výroba obrábění
09.02.2026;09.02.2026;4900001972;6;1000;0001;1000317;Plech ocelový 81 mm;Ocel;261;Výdej do výrobní zakázky;H;-133,300;KG;28,83;-3843,04;CZK;VZ400170;;;;;;;HORAKT;5020 Výroba montáž
09.02.2026;09.02.2026;4900001972;7;1000;0001;1000183;O-kroužek 107 mm;Těsnění a guma;261;Výdej do výrobní zakázky;H;-388,720;KS;51,09;-19859,70;CZK;VZ400170;;;;;;;HORAKT;5030 Výroba obrábění
09.02.2026;09.02.2026;4900001972;8;1000;0001;1000389;Deska PE 67 mm;Plasty;261;Výdej do výrobní zakázky;H;-168,130;KG;59,43;-9991,97;CZK;VZ400170;;;;;;;CERNAT;5030 Výroba obrábění
09.02.2026;09.02.2026;4900001972;9;1000;0001;1000396;Granulát PA6 20;Plasty;261;Výdej do výrobní zakázky;H;-78,690;KG;82,13;-6462,81;CZK;VZ400170;;;;;;;CERNAT;5020 Výroba montáž
09.02.2026;09.02.2026;4900001975;1;2000;0003;5000137;Kryt převodovky B734;Hotový výrobek;131;Příjem z výroby;S;30,000;KS;4419,44;132583,20;CZK;VZ400172;;;SV2114;;;;DVORAKP;5020 Výroba montáž
09.02.2026;09.02.2026;4900002002;1;1000;0003;5000116;Svařenec nosný E926;Hotový výrobek;131;Příjem z výroby;S;16,000;KS;635,56;10168,96;CZK;VZ400189;;;SV3054;;;;PROCHAZ;5020 Výroba montáž
09.02.2026;09.02.2026;4900002064;1;2000;0001;1000264;Motor 26 kW;Elektro;261;Výdej do výrobní zakázky;H;-99,720;KS;733,69;-73163,57;CZK;VZ400235;;;;;;;NOVAKJ;5020 Výroba montáž
09.02.2026;09.02.2026;4900002064;2;2000;0001;1000203;Základní barva RAL 5010;Nátěry a chemie;261;Výdej do výrobní zakázky;H;-146,880;L;222,00;-32607,36;CZK;VZ400235;;;;;;;DVORAKP;5030 Výroba obrábění
09.02.2026;09.02.2026;4900002064;3;2000;0001;1000347;Granulát ABS 90;Plasty;261;Výdej do výrobní zakázky;H;-95,040;KG;65,34;-6209,91;CZK;VZ400235;;;;;;;KUCERAL;5030 Výroba obrábění
09.02.2026;09.02.2026;4900002064;4;2000;0001;1000152;Frekvenční měnič 74 kW;Elektro;261;Výdej do výrobní zakázky;H;-361,800;KS;607,08;-219641,54;CZK;VZ400235;;;;;;;DVORAKP;5020 Výroba montáž
09.02.2026;09.02.2026;4900002064;5;2000;0001;1000389;Deska PE 67 mm;Plasty;261;Výdej do výrobní zakázky;H;-59,760;KG;59,43;-3551,54;CZK;VZ400235;;;;;;;SVOBODM;5030 Výroba obrábění
09.02.2026;09.02.2026;4900002064;6;2000;0001;1000233;Trubka ocelová 70x56;Ocel;261;Výdej do výrobní zakázky;H;-185,400;KG;20,71;-3839,63;CZK;VZ400235;;;;;;;SVOBODM;5020 Výroba montáž
09.02.2026;09.02.2026;4900002129;1;2000;0001;1000268;Tyč kruhová 82 mm;Ocel;261;Výdej do výrobní zakázky;H;-30,940;KG;20,79;-643,24;CZK;VZ400288;;;;;;;HORAKT;5030 Výroba obrábění
09.02.2026;09.02.2026;4900002129;2;2000;0001;1000217;Odmašťovač RAL 6011;Nátěry a chemie;261;Výdej do výrobní zakázky;H;-81,510;L;302,81;-24682,04;CZK;VZ400288;;;;;;;HORAKT;5020 Výroba montáž
09.02.2026;09.02.2026;4900002129;3;2000;0001;1000314;Šroub M107x51;Spojovací materiál;261;Výdej do výrobní zakázky;H;-86,190;KS;7,91;-681,76;CZK;VZ400288;;;;;;;VESELAM;5020 Výroba montáž
09.02.2026;09.02.2026;4900002129;4;2000;0001;1000301;Lak polyuretanový RAL 5010;Nátěry a chemie;261;Výdej do výrobní zakázky;H;-97,630;L;339,05;-33101,45;CZK;VZ400288;;;;;;;CERNAT;5030 Výroba obrábění
09.02.2026;09.02.2026;4900002154;1;1000;0003;5000141;Převodovka šneková F508;Hotový výrobek;601;Výdej při dodání zákazníkovi;H;-26,000;KS;1789,06;-46515,56;CZK;;;Witte Automotive;SV7844;51753,92;46515,56;10772,41;DVORAKP;6010 Expedice
09.02.2026;09.02.2026;4900002196;1;2000;0003;5000124;Dopravník pásový A794;Hotový výrobek;601;Výdej při dodání zákazníkovi;H;-10,000;KS;1487,77;-14877,70;CZK;;;Brose CZ spol. s r.o.;SV1657;20659,72;14877,70;4202,99;DVORAKP;6010 Expedice
09.02.2026;09.02.2026;4900002275;1;2000;0003;5000147;Kryt převodovky F636;Hotový výrobek;601;Výdej při dodání zákazníkovi;H;-5,000;KS;16341,87;-81709,35;CZK;;;Bonatrans Group a.s.;SV4335;122017,26;81709,35;27388,57;KUCERAL;6010 Expedice
10.02.2026;10.02.2026;4900000251;1;1000;0001;1000144;Deska PP 104 mm;Plasty;101;Příjem zboží na objednávku;S;2070,210;KG;75,68;156673,49;CZK;;Schneider Electric CZ;;SN8498;;;;KUCERAL;4010 Nákup
10.02.2026;10.02.2026;4900000349;1;1000;0001;1000162;Manžeta 19x29;Těsnění a guma;101;Příjem zboží na objednávku;S;692,840;KS;19,44;13468,81;CZK;;Hilti ČR s.r.o.;;SN7989;;;;CERNAT;4010 Nákup
10.02.2026;10.02.2026;4900000384;1;1000;0001;1000168;Základní barva RAL 3020;Nátěry a chemie;101;Příjem zboží na objednávku;S;1374,540;L;115,98;159419,15;CZK;;ArcelorMittal Distribution;;SN3196;;;;VESELAM;4010 Nákup
10.02.2026;10.02.2026;4900000493;1;2000;0001;1000186;Deska PP 63 mm;Plasty;101;Příjem zboží na objednávku;S;2145,990;KG;66,21;142086,00;CZK;;Siemens s.r.o.;;SN5253;;;;NOVAKJ;4010 Nákup
10.02.2026;10.02.2026;4900000818;1;2000;0001;1000245;Ředidlo S51;Nátěry a chemie;101;Příjem zboží na objednávku;S;1265,020;L;96,37;121909,98;CZK;;Ferona a.s.;;SN6892;;;;NOVAKJ;4010 Nákup
10.02.2026;10.02.2026;4900000902;1;1000;0001;1000260;Těsnění ploché 87 mm;Těsnění a guma;101;Příjem zboží na objednávku;S;482,650;KS;22,51;10864,45;CZK;;PPG Deco Czech;;SN2354;;;;HORAKT;4010 Nákup
10.02.2026;10.02.2026;4900000994;1;2000;0001;1000280;Lak polyuretanový RAL 5010;Nátěry a chemie;101;Příjem zboží na objednávku;S;2196,940;L;269,15;591306,40;CZK;;Trelleborg Bohemia;;SN3551;;;;SVOBODM;4010 Nákup
10.02.2026;10.02.2026;4900001159;1;2000;0001;1000308;Ředidlo S29;Nátěry a chemie;101;Příjem zboží na objednávku;S;668,990;L;132,91;88915,46;CZK;;Trelleborg Bohemia;;SN6760;;;;CERNAT;4010 Nákup
10.02.2026;10.02.2026;4900001235;1;2000;0001;1000322;Lak polyuretanový RAL 7035;Nátěry a chemie;101;Příjem zboží na objednávku;S;295,170;L;219,04;64654,04;CZK;;Lapp Kabel s.r.o.;;SN1995;;;;NOVAKJ;4010 Nákup
10.02.2026;10.02.2026;4900001363;1;2000;0001;1000345;Tyč kruhová 110 mm;Ocel;101;Příjem zboží na objednávku;S;1676,250;KG;36,23;60730,54;CZK;;Siemens s.r.o.;;SN3095;;;;CERNAT;4010 Nákup
10.02.2026;10.02.2026;4900001417;1;2000;0001;1000356;Podložka 42;Spojovací materiál;101;Příjem zboží na objednávku;S;480,830;KS;4,27;2053,14;CZK;;Metalšrot Tlumačov;;SN1182;;;;KUCERAL;4010 Nákup
10.02.2026;10.02.2026;4900001465;1;2000;0001;1000364;Lak polyuretanový RAL 7035;Nátěry a chemie;101;Příjem zboží na objednávku;S;226,120;L;309,04;69880,12;CZK;;Elektro Cabel CZ;;SN5004;;;;HORAKT;4010 Nákup
10.02.2026;10.02.2026;4900001566;1;2000;0001;1000383;Motor 69 kW;Elektro;101;Příjem zboží na objednávku;S;1196,980;KS;150,72;180408,83;CZK;;ThyssenKrupp Ferrostal;;SN8450;;;;VESELAM;4010 Nákup
10.02.2026;10.02.2026;4900001700;1;1000;0003;5000136;Svařenec nosný A321;Hotový výrobek;131;Příjem z výroby;S;40,000;KS;13945,05;557802,00;CZK;VZ400021;;;SV4923;;;;HORAKT;5020 Výroba montáž
10.02.2026;10.02.2026;4900001898;1;1000;0001;1000212;Jekl 92x92x7;Ocel;261;Výdej do výrobní zakázky;H;-275,100;KG;44,23;-12167,67;CZK;VZ400122;;;;;;;SVOBODM;5030 Výroba obrábění
10.02.2026;10.02.2026;4900001898;2;1000;0001;1000390;Frekvenční měnič 119 kW;Elektro;261;Výdej do výrobní zakázky;H;-362,040;KS;680,45;-246350,12;CZK;VZ400122;;;;;;;PROCHAZ;5030 Výroba obrábění
10.02.2026;10.02.2026;4900001898;3;1000;0001;1000357;Ředidlo S101;Nátěry a chemie;261;Výdej do výrobní zakázky;H;-22,680;L;181,43;-4114,83;CZK;VZ400122;;;;;;;NOVAKJ;5020 Výroba montáž
10.02.2026;10.02.2026;4900001898;4;1000;0001;1000292;Kabel CYKY 10x22;Elektro;261;Výdej do výrobní zakázky;H;-39,900;KS;573,52;-22883,45;CZK;VZ400122;;;;;;;DVORAKP;5030 Výroba obrábění
10.02.2026;10.02.2026;4900001898;5;1000;0001;1000258;Kolík 6x58;Spojovací materiál;261;Výdej do výrobní zakázky;H;-404,880;KS;4,08;-1651,91;CZK;VZ400122;;;;;;;KUCERAL;5030 Výroba obrábění
10.02.2026;10.02.2026;4900001926;1;1000;0001;1000155;Těsnění ploché 95 mm;Těsnění a guma;261;Výdej do výrobní zakázky;H;-54,520;KS;30,84;-1681,40;CZK;VZ400142;;;;;;;VESELAM;5030 Výroba obrábění
10.02.2026;10.02.2026;4900001926;2;1000;0001;1000179;Granulát ABS 25;Plasty;261;Výdej do výrobní zakázky;H;-209,670;KG;54,80;-11489,92;CZK;VZ400142;;;;;;;CERNAT;5030 Výroba obrábění
10.02.2026;10.02.2026;4900001926;3;1000;0001;1000250;Kabel CYKY 34x42;Elektro;261;Výdej do výrobní zakázky;H;-241,570;KS;795,46;-192159,27;CZK;VZ400142;;;;;;;HORAKT;5030 Výroba obrábění
10.02.2026;10.02.2026;4900001926;4;1000;0001;1000162;Manžeta 19x29;Těsnění a guma;261;Výdej do výrobní zakázky;H;-278,400;KS;19,44;-5412,10;CZK;VZ400142;;;;;;;PROCHAZ;5020 Výroba montáž
10.02.2026;10.02.2026;4900001926;5;1000;0001;1000369;Kabel CYKY 69x15;Elektro;261;Výdej do výrobní zakázky;H;-182,700;KS;47,42;-8663,63;CZK;VZ400142;;;;;;;VESELAM;5030 Výroba obrábění
10.02.2026;10.02.2026;4900001926;6;1000;0001;1000260;Těsnění ploché 87 mm;Těsnění a guma;261;Výdej do výrobní zakázky;H;-198,070;KS;22,51;-4458,56;CZK;VZ400142;;;;;;;CERNAT;5030 Výroba obrábění
10.02.2026;10.02.2026;4900001926;7;1000;0001;1000382;Deska PE 55 mm;Plasty;261;Výdej do výrobní zakázky;H;-38,570;KG;70,90;-2734,61;CZK;VZ400142;;;;;;;KUCERAL;5030 Výroba obrábění
10.02.2026;10.02.2026;4900002032;1;2000;0003;5000113;Skříň rozvaděče B363;Hotový výrobek;131;Příjem z výroby;S;6,000;KS;1821,81;10930,86;CZK;VZ400209;;;SV2244;;;;PROCHAZ;5020 Výroba montáž
10.02.2026;10.02.2026;4900002047;1;2000;0001;1000269;Trubka Al 78 mm;Hliník;261;Výdej do výrobní zakázky;H;-9,540;KG;81,40;-776,56;CZK;VZ400218;;;;;;;SVOBODM;5020 Výroba montáž
10.02.2026;10.02.2026;4900002047;2;2000;0001;1000390;Frekvenční měnič 119 kW;Elektro;261;Výdej do výrobní zakázky;H;-15,660;KS;680,45;-10655,85;CZK;VZ400218;;;;;;;SVOBODM;5030 Výroba obrábění
10.02.2026;10.02.2026;4900002047;3;2000;0001;1000358;Tlumič gumový 49;Těsnění a guma;261;Výdej do výrobní zakázky;H;-42,210;KS;45,51;-1920,98;CZK;VZ400218;;;;;;;KUCERAL;5020 Výroba montáž
10.02.2026;10.02.2026;4900002047;4;2000;0001;1000117;Motor 72 kW;Elektro;261;Výdej do výrobní zakázky;H;-8,370;KS;660,38;-5527,38;CZK;VZ400218;;;;;;;SVOBODM;5020 Výroba montáž
10.02.2026;10.02.2026;4900002047;5;2000;0001;1000179;Granulát ABS 25;Plasty;261;Výdej do výrobní zakázky;H;-63,540;KG;54,80;-3481,99;CZK;VZ400218;;;;;;;KUCERAL;5030 Výroba obrábění
10.02.2026;10.02.2026;4900002082;1;2000;0001;1000269;Trubka Al 78 mm;Hliník;261;Výdej do výrobní zakázky;H;-6,360;KG;81,40;-517,70;CZK;VZ400249;;;;;;;NOVAKJ;5020 Výroba montáž
10.02.2026;10.02.2026;4900002082;2;2000;0001;1000390;Frekvenční měnič 119 kW;Elektro;261;Výdej do výrobní zakázky;H;-10,440;KS;680,45;-7103,90;CZK;VZ400249;;;;;;;PROCHAZ;5030 Výroba obrábění
10.02.2026;10.02.2026;4900002082;3;2000;0001;1000358;Tlumič gumový 49;Těsnění a guma;261;Výdej do výrobní zakázky;H;-28,140;KS;45,51;-1280,65;CZK;VZ400249;;;;;;;PROCHAZ;5020 Výroba montáž
10.02.2026;10.02.2026;4900002082;4;2000;0001;1000117;Motor 72 kW;Elektro;261;Výdej do výrobní zakázky;H;-5,580;KS;660,38;-3684,92;CZK;VZ400249;;;;;;;PROCHAZ;5020 Výroba montáž
10.02.2026;10.02.2026;4900002082;5;2000;0001;1000179;Granulát ABS 25;Plasty;261;Výdej do výrobní zakázky;H;-42,360;KG;54,80;-2321,33;CZK;VZ400249;;;;;;;NOVAKJ;5030 Výroba obrábění
10.02.2026;10.02.2026;4900002112;1;1000;0001;1000380;Profil U 111;Ocel;261;Výdej do výrobní zakázky;H;-14,560;KG;24,59;-358,03;CZK;VZ400276;;;;;;;HORAKT;5030 Výroba obrábění
10.02.2026;10.02.2026;4900002112;2;1000;0001;1000215;Motor 73 kW;Elektro;261;Výdej do výrobní zakázky;H;-52,290;KS;175,44;-9173,76;CZK;VZ400276;;;;;;;HORAKT;5020 Výroba montáž
10.02.2026;10.02.2026;4900002112;3;1000;0001;1000325;Trubka Al 2 mm;Hliník;261;Výdej do výrobní zakázky;H;-5,880;KG;72,94;-428,89;CZK;VZ400276;;;;;;;NOVAKJ;5030 Výroba obrábění
10.02.2026;10.02.2026;4900002112;4;1000;0001;1000280;Lak polyuretanový RAL 5010;Nátěry a chemie;261;Výdej do výrobní zakázky;H;-36,120;L;269,15;-9721,70;CZK;VZ400276;;;;;;;PROCHAZ;5020 Výroba montáž
10.02.2026;10.02.2026;4900002112;5;1000;0001;1000165;Deska PE 38 mm;Plasty;261;Výdej do výrobní zakázky;H;-6,860;KG;43,33;-297,24;CZK;VZ400276;;;;;;;PROCHAZ;5030 Výroba obrábění
10.02.2026;10.02.2026;4900002112;6;1000;0001;1000224;Lak polyuretanový RAL 6011;Nátěry a chemie;261;Výdej do výrobní zakázky;H;-18,480;L;165,51;-3058,62;CZK;VZ400276;;;;;;;SVOBODM;5020 Výroba montáž
10.02.2026;10.02.2026;4900002197;1;2000;0003;5000124;Dopravník pásový A794;Hotový výrobek;601;Výdej při dodání zákazníkovi;H;-7,000;KS;1487,77;-10414,39;CZK;;;Brose CZ spol. s r.o.;SV2113;14817,29;10414,39;2836,78;KUCERAL;6010 Expedice
11.02.2026;11.02.2026;4900000083;1;1000;0001;1000115;Profil Al 44x37;Hliník;101;Příjem zboží na objednávku;S;1927,510;KG;75,99;146471,48;CZK;;Elektro Cabel CZ;;SN2383;;;;KUCERAL;4010 Nákup
11.02.2026;11.02.2026;4900000108;1;2000;0001;1000119;Ředidlo S11;Nátěry a chemie;101;Příjem zboží na objednávku;S;1789,000;L;174,34;311894,26;CZK;;Bossard CZ s.r.o.;;SN6401;;;;HORAKT;4010 Nákup
11.02.2026;11.02.2026;4900000176;1;2000;0001;1000131;Čidlo indukční 113 mm;Elektro;101;Příjem zboží na objednávku;S;505,090;KS;756,41;382055,13;CZK;;Wurth s.r.o.;;SN3221;;;;VESELAM;4010 Nákup
11.02.2026;11.02.2026;4900000270;1;2000;0001;1000147;Lak polyuretanový RAL 9005;Nátěry a chemie;101;Příjem zboží na objednávku;S;1995,650;L;140,57;280528,52;CZK;;ThyssenKrupp Ferrostal;;SN5196;;;;NOVAKJ;4010 Nákup
11.02.2026;11.02.2026;4900000345;1;2000;0001;1000161;Lak polyuretanový RAL 9005;Nátěry a chemie;101;Příjem zboží na objednávku;S;1841,630;L;126,83;233573,93;CZK;;Resinex CZ s.r.o.;;SN7260;;;;NOVAKJ;4010 Nákup
11.02.2026;11.02.2026;4900000365;1;1000;0001;1000164;Profil Al 16x61;Hliník;101;Příjem zboží na objednávku;S;483,760;KG;109,59;53015,26;CZK;;Rubena a.s.;;SN9560;;;;KUCERAL;4010 Nákup
11.02.2026;11.02.2026;4900000419;1;2000;0001;1000173;Čidlo indukční 108 mm;Elektro;101;Příjem zboží na objednávku;S;875,040;KS;435,84;381377,43;CZK;;ArcelorMittal Distribution;;SN3297;;;;PROCHAZ;4010 Nákup
11.02.2026;11.02.2026;4900000604;1;1000;0001;1000207;Granulát PA6 54;Plasty;101;Příjem zboží na objednávku;S;1764,700;KG;68,70;121234,89;CZK;;Plastika Nitra a.s.;;SN6146;;;;CERNAT;4010 Nákup
11.02.2026;11.02.2026;4900000617;1;1000;0001;1000208;Stykač 43 A;Elektro;101;Příjem zboží na objednávku;S;450,840;KS;687,68;310033,65;CZK;;Trelleborg Bohemia;;SN3531;;;;DVORAKP;4010 Nákup
11.02.2026;11.02.2026;4900000724;1;2000;0001;1000229;Motor 76 kW;Elektro;101;Příjem zboží na objednávku;S;452,740;KS;140,38;63555,64;CZK;;Trelleborg Bohemia;;SN3591;;;;CERNAT;4010 Nákup
11.02.2026;11.02.2026;4900000773;1;2000;0001;1000237;Kolík 80x54;Spojovací materiál;101;Příjem zboží na objednávku;S;439,620;KS;4,33;1903,55;CZK;;ABB s.r.o.;;SN2425;;;;PROCHAZ;4010 Nákup
11.02.2026;11.02.2026;4900000811;1;1000;0001;1000244;Podložka 93;Spojovací materiál;101;Příjem zboží na objednávku;S;168,990;KS;14,76;2494,29;CZK;;PPG Deco Czech;;SN6555;;;;NOVAKJ;4010 Nákup
11.02.2026;11.02.2026;4900000836;1;1000;0001;1000249;Granulát PA6 112;Plasty;101;Příjem zboží na objednávku;S;661,910;KG;71,02;47008,85;CZK;;Siemens s.r.o.;;SN9270;;;;KUCERAL;4010 Nákup
11.02.2026;11.02.2026;4900000868;1;2000;0001;1000254;Tyč kruhová 76 mm;Ocel;101;Příjem zboží na objednávku;S;1176,960;KG;34,35;40428,58;CZK;;Elektro Cabel CZ;;SN5512;;;;SVOBODM;4010 Nákup
11.02.2026;11.02.2026;4900001025;1;2000;0001;1000285;Čidlo indukční 55 mm;Elektro;101;Příjem zboží na objednávku;S;328,520;KS;424,53;139466,60;CZK;;Lapp Kabel s.r.o.;;SN1142;;;;HORAKT;4010 Nákup
11.02.2026;11.02.2026;4900001087;1;2000;0001;1000295;Těsnění ploché 61 mm;Těsnění a guma;101;Příjem zboží na objednávku;S;1002,480;KS;18,17;18215,06;CZK;;Wurth s.r.o.;;SN3899;;;;VESELAM;4010 Nákup
11.02.2026;11.02.2026;4900001107;1;1000;0001;1000298;Granulát PA6 97;Plasty;101;Příjem zboží na objednávku;S;1908,550;KG;78,04;148943,24;CZK;;Trelleborg Bohemia;;SN7764;;;;VESELAM;4010 Nákup
11.02.2026;11.02.2026;4900001128;1;2000;0001;1000303;Tyč kruhová 68 mm;Ocel;101;Příjem zboží na objednávku;S;1336,060;KG;35,56;47510,29;CZK;;Haberkorn s.r.o.;;SN1580;;;;NOVAKJ;4010 Nákup
11.02.2026;11.02.2026;4900001703;1;2000;0001;1000175;Odmašťovač RAL 7035;Nátěry a chemie;261;Výdej do výrobní zakázky;H;-335,280;L;263,16;-88232,28;CZK;VZ400023;;;;;;;VESELAM;5030 Výroba obrábění
11.02.2026;11.02.2026;4900001703;2;2000;0001;1000237;Kolík 80x54;Spojovací materiál;261;Výdej do výrobní zakázky;H;-32,120;KS;4,33;-139,08;CZK;VZ400023;;;;;;;DVORAKP;5020 Výroba montáž
11.02.2026;11.02.2026;4900001703;3;2000;0001;1000356;Podložka 42;Spojovací materiál;261;Výdej do výrobní zakázky;H;-212,960;KS;4,27;-909,34;CZK;VZ400023;;;;;;;KUCERAL;5030 Výroba obrábění
11.02.2026;11.02.2026;4900001703;4;2000;0001;1000277;Granulát ABS 15;Plasty;261;Výdej do výrobní zakázky;H;-192,280;KG;36,41;-7000,91;CZK;VZ400023;;;;;;;KUCERAL;5020 Výroba montáž
11.02.2026;11.02.2026;4900001703;5;2000;0001;1000295;Těsnění ploché 61 mm;Těsnění a guma;261;Výdej do výrobní zakázky;H;-498,080;KS;18,17;-9050,11;CZK;VZ400023;;;;;;;NOVAKJ;5030 Výroba obrábění
11.02.2026;11.02.2026;4900001703;6;2000;0001;1000217;Odmašťovač RAL 6011;Nátěry a chemie;261;Výdej do výrobní zakázky;H;-312,840;L;302,81;-94731,08;CZK;VZ400023;;;;;;;KUCERAL;5020 Výroba montáž
11.02.2026;11.02.2026;4900001729;1;2000;0003;5000120;Čerpadlo odstředivé C541;Hotový výrobek;131;Příjem z výroby;S;32,000;KS;10850,00;347200,00;CZK;VZ400035;;;SV7165;;;;NOVAKJ;5020 Výroba montáž
11.02.2026;11.02.2026;4900001838;1;1000;0001;1000162;Manžeta 19x29;Těsnění a guma;261;Výdej do výrobní zakázky;H;-143,430;KS;19,44;-2788,28;CZK;VZ400087;;;;;;;KUCERAL;5030 Výroba obrábění
11.02.2026;11.02.2026;4900001838;2;1000;0001;1000305;Granulát ABS 54;Plasty;261;Výdej do výrobní zakázky;H;-160,230;KG;83,28;-13343,95;CZK;VZ400087;;;;;;;DVORAKP;5020 Výroba montáž
11.02.2026;11.02.2026;4900001838;3;1000;0001;1000205;Trubka ocelová 6x21;Ocel;261;Výdej do výrobní zakázky;H;-76,650;KG;20,71;-1587,42;CZK;VZ400087;;;;;;;KUCERAL;5030 Výroba obrábění
11.02.2026;11.02.2026;4900001838;4;1000;0001;1000246;Těsnění ploché 116 mm;Těsnění a guma;261;Výdej do výrobní zakázky;H;-130,830;KS;47,79;-6252,37;CZK;VZ400087;;;;;;;VESELAM;5030 Výroba obrábění
11.02.2026;11.02.2026;4900001838;5;1000;0001;1000280;Lak polyuretanový RAL 5010;Nátěry a chemie;261;Výdej do výrobní zakázky;H;-25,620;L;269,15;-6895,62;CZK;VZ400087;;;;;;;PROCHAZ;5030 Výroba obrábění
11.02.2026;11.02.2026;4900001927;1;1000;0003;5000101;Převodovka šneková B301;Hotový výrobek;131;Příjem z výroby;S;29,000;KS;9813,50;284591,50;CZK;VZ400142;;;SV7509;;;;NOVAKJ;5020 Výroba montáž
11.02.2026;11.02.2026;4900002093;1;2000;0001;1000269;Trubka Al 78 mm;Hliník;261;Výdej do výrobní zakázky;H;-22,260;KG;81,40;-1811,96;CZK;VZ400258;;;;;;;NOVAKJ;5030 Výroba obrábění
11.02.2026;11.02.2026;4900002093;2;2000;0001;1000390;Frekvenční měnič 119 kW;Elektro;261;Výdej do výrobní zakázky;H;-36,540;KS;680,45;-24863,64;CZK;VZ400258;;;;;;;DVORAKP;5030 Výroba obrábění
11.02.2026;11.02.2026;4900002093;3;2000;0001;1000358;Tlumič gumový 49;Těsnění a guma;261;Výdej do výrobní zakázky;H;-98,490;KS;45,51;-4482,28;CZK;VZ400258;;;;;;;VESELAM;5030 Výroba obrábění
11.02.2026;11.02.2026;4900002093;4;2000;0001;1000117;Motor 72 kW;Elektro;261;Výdej do výrobní zakázky;H;-19,530;KS;660,38;-12897,22;CZK;VZ400258;;;;;;;KUCERAL;5030 Výroba obrábění
11.02.2026;11.02.2026;4900002093;5;2000;0001;1000179;Granulát ABS 25;Plasty;261;Výdej do výrobní zakázky;H;-148,260;KG;54,80;-8124,65;CZK;VZ400258;;;;;;;NOVAKJ;5020 Výroba montáž
11.02.2026;11.02.2026;4900002130;1;2000;0003;5000105;Hydraulický agregát F685;Hotový výrobek;131;Příjem z výroby;S;13,000;KS;5566,06;72358,78;CZK;VZ400288;;;SV6382;;;;NOVAKJ;5020 Výroba montáž
11.02.2026;11.02.2026;4900002209;1;2000;0003;5000105;Hydraulický agregát F685;Hotový výrobek;601;Výdej při dodání zákazníkovi;H;-6,000;KS;5566,06;-33396,36;CZK;;;Koyo Bearings ČR;SV2540;46214,96;33396,36;10028,27;NOVAKJ;6010 Expedice
11.02.2026;11.02.2026;4900002274;1;2000;0003;5000147;Kryt převodovky F636;Hotový výrobek;601;Výdej při dodání zákazníkovi;H;-4,000;KS;16341,87;-65367,48;CZK;;;Witte Automotive;SV4982;96539,52;65367,48;17841,78;CERNAT;6010 Expedice
11.02.2026;11.02.2026;4900002302;1;2000;0003;5000123;Skříň rozvaděče F976;Hotový výrobek;601;Výdej při dodání zákazníkovi;H;-14,000;KS;9763,80;-136693,20;CZK;;;Škoda Auto a.s.;SV2315;139435,10;136693,20;26142,57;HORAKT;6010 Expedice
11.02.2026;11.02.2026;4900002377;1;1000;0003;5000111;Převodovka šneková F683;Hotový výrobek;601;Výdej při dodání zákazníkovi;H;-14,000;KS;6903,87;-96654,18;CZK;;;Škoda Auto a.s.;SV3336;143496,95;96654,18;32786,25;HORAKT;6010 Expedice
12.02.2026;12.02.2026;4900000017;1;2000;0001;1000103;Čidlo indukční 32 mm;Elektro;101;Příjem zboží na objednávku;S;932,770;KS;26,60;24811,68;CZK;;Resinex CZ s.r.o.;;SN2246;;;;VESELAM;4010 Nákup
12.02.2026;12.02.2026;4900000164;1;1000;0001;1000129;Profil Al 107x59;Hliník;101;Příjem zboží na objednávku;S;860,240;KG;63,91;54977,94;CZK;;Fabory CZ;;SN7480;;;;NOVAKJ;4010 Nákup
12.02.2026;12.02.2026;4900000206;1;1000;0001;1000137;Deska PE 65 mm;Plasty;101;Příjem zboží na objednávku;S;911,690;KG;63,92;58275,22;CZK;;Plastika Nitra a.s.;;SN6396;;;;CERNAT;4010 Nákup
12.02.2026;12.02.2026;4900000213;1;1000;0001;1000139;Nýt 46x36;Spojovací materiál;101;Příjem zboží na objednávku;S;821,630;KS;4,20;3450,85;CZK;;Fabory CZ;;SN8166;;;;SVOBODM;4010 Nákup
12.02.2026;12.02.2026;4900000370;1;2000;0001;1000165;Deska PE 38 mm;Plasty;101;Příjem zboží na objednávku;S;421,360;KG;43,33;18257,53;CZK;;Rubena a.s.;;SN6515;;;;DVORAKP;4010 Nákup
12.02.2026;12.02.2026;4900000439;1;1000;0001;1000176;O-kroužek 27 mm;Těsnění a guma;101;Příjem zboží na objednávku;S;171,550;KS;39,62;6796,81;CZK;;Plastika Nitra a.s.;;SN5944;;;;HORAKT;4010 Nákup
12.02.2026;12.02.2026;4900000449;1;1000;0001;1000178;Profil Al 34x34;Hliník;101;Příjem zboží na objednávku;S;1822,720;KG;74,24;135318,73;CZK;;Wurth s.r.o.;;SN9830;;;;HORAKT;4010 Nákup
12.02.2026;12.02.2026;4900000513;1;2000;0001;1000190;Manžeta 92x78;Těsnění a guma;101;Příjem zboží na objednávku;S;432,870;KS;8,95;3874,19;CZK;;Colorlak a.s.;;SN3943;;;;CERNAT;4010 Nákup
12.02.2026;12.02.2026;4900000574;1;1000;0001;1000201;Motor 5 kW;Elektro;101;Příjem zboží na objednávku;S;439,950;KS;658,47;289693,88;CZK;;Trelleborg Bohemia;;SN3307;;;;PROCHAZ;4010 Nákup
12.02.2026;12.02.2026;4900000924;1;1000;0001;1000265;Šroub M101x50;Spojovací materiál;101;Příjem zboží na objednávku;S;1060,580;KS;0,76;806,04;CZK;;Metalšrot Tlumačov;;SN1694;;;;VESELAM;4010 Nákup
12.02.2026;12.02.2026;4900000948;1;1000;0001;1000270;Granulát PA6 87;Plasty;101;Příjem zboží na objednávku;S;771,110;KG;90,82;70032,21;CZK;;ArcelorMittal Distribution;;SN7986;;;;SVOBODM;4010 Nákup
12.02.2026;12.02.2026;4900000988;1;2000;0001;1000278;Frekvenční měnič 11 kW;Elektro;101;Příjem zboží na objednávku;S;935,000;KS;659,54;616669,90;CZK;;Trelleborg Bohemia;;SN4405;;;;PROCHAZ;4010 Nákup
12.02.2026;12.02.2026;4900001047;1;1000;0001;1000289;Plech ocelový 110 mm;Ocel;101;Příjem zboží na objednávku;S;279,190;KG;23,40;6533,05;CZK;;Lapp Kabel s.r.o.;;SN9329;;;;PROCHAZ;4010 Nákup
12.02.2026;12.02.2026;4900001236;1;2000;0001;1000322;Lak polyuretanový RAL 7035;Nátěry a chemie;101;Příjem zboží na objednávku;S;400,630;L;219,04;87754,00;CZK;;Bibus s.r.o.;;SN9100;;;;CERNAT;4010 Nákup
12.02.2026;12.02.2026;4900001356;1;2000;0001;1000344;Tlumič gumový 31;Těsnění a guma;101;Příjem zboží na objednávku;S;273,310;KS;11,20;3061,07;CZK;;Trelleborg Bohemia;;SN5967;;;;CERNAT;4010 Nákup
12.02.2026;12.02.2026;4900001483;1;1000;0001;1000367;Trubka Al 13 mm;Hliník;101;Příjem zboží na objednávku;S;1315,730;KG;97,83;128717,87;CZK;;ArcelorMittal Distribution;;SN8654;;;;CERNAT;4010 Nákup
12.02.2026;12.02.2026;4900001549;1;1000;0001;1000379;O-kroužek 24 mm;Těsnění a guma;101;Příjem zboží na objednávku;S;573,200;KS;10,55;6047,26;CZK;;Lapp Kabel s.r.o.;;SN7001;;;;NOVAKJ;4010 Nákup
12.02.2026;12.02.2026;4900001833;1;1000;0003;5000148;Konzole montážní A793;Hotový výrobek;131;Příjem z výroby;S;40,000;KS;7570,47;302818,80;CZK;VZ400084;;;SV5105;;;;HORAKT;5020 Výroba montáž
12.02.2026;12.02.2026;4900001899;1;1000;0003;5000102;Rám podvozkový C781;Hotový výrobek;131;Příjem z výroby;S;42,000;KS;8502,51;357105,42;CZK;VZ400122;;;SV7768;;;;SVOBODM;5020 Výroba montáž
12.02.2026;12.02.2026;4900001950;1;1000;0003;5000142;Rám podvozkový A874;Hotový výrobek;131;Příjem z výroby;S;22,000;KS;7208,74;158592,28;CZK;VZ400157;;;SV2204;;;;DVORAKP;5020 Výroba montáž
12.02.2026;12.02.2026;4900002025;1;2000;0001;1000201;Motor 5 kW;Elektro;261;Výdej do výrobní zakázky;H;-335,790;KS;658,47;-221107,64;CZK;VZ400207;;;;;;;PROCHAZ;5030 Výroba obrábění
12.02.2026;12.02.2026;4900002025;2;2000;0001;1000227;Profil Al 118x69;Hliník;261;Výdej do výrobní zakázky;H;-319,800;KG;60,93;-19485,41;CZK;VZ400207;;;;;;;VESELAM;5020 Výroba montáž
12.02.2026;12.02.2026;4900002025;3;2000;0001;1000327;Stykač 56 A;Elektro;261;Výdej do výrobní zakázky;H;-292,330;KS;238,71;-69782,09;CZK;VZ400207;;;;;;;PROCHAZ;5030 Výroba obrábění
12.02.2026;12.02.2026;4900002025;4;2000;0001;1000339;Profil Al 7x33;Hliník;261;Výdej do výrobní zakázky;H;-167,690;KG;91,34;-15316,80;CZK;VZ400207;;;;;;;SVOBODM;5020 Výroba montáž
12.02.2026;12.02.2026;4900002026;1;2000;0001;1000227;Profil Al 118x69;Hliník;551;Výdej do šrotu;H;-17,370;KG;60,93;-1058,35;CZK;VZ400207;;;;;;;DVORAKP;5030 Výroba obrábění
12.02.2026;12.02.2026;4900002083;1;2000;0003;5000128;Konzole montážní E878;Hotový výrobek;131;Příjem z výroby;S;6,000;KS;2954,77;17728,62;CZK;VZ400249;;;SV6974;;;;KUCERAL;5020 Výroba montáž
12.02.2026;12.02.2026;4900002246;1;1000;0003;5000102;Rám podvozkový C781;Hotový výrobek;601;Výdej při dodání zákazníkovi;H;-4,000;KS;8502,51;-34010,04;CZK;;;Brose CZ spol. s r.o.;SV3857;52591,59;34010,04;10613,97;NOVAKJ;6010 Expedice
12.02.2026;12.02.2026;4900002250;1;2000;0003;5000106;Svařenec nosný A522;Hotový výrobek;601;Výdej při dodání zákazníkovi;H;-17,000;KS;2684,98;-45644,66;CZK;;;Tatra Trucks a.s.;SV7322;59805,50;45644,66;12084,02;SVOBODM;6010 Expedice
12.02.2026;12.02.2026;4900002298;1;2000;0003;5000124;Dopravník pásový A794;Hotový výrobek;601;Výdej při dodání zákazníkovi;H;-10,000;KS;1487,77;-14877,70;CZK;;;Vítkovice Machinery;SV1594;20750,34;14877,70;4161,70;HORAKT;6010 Expedice
12.02.2026;12.02.2026;4900002301;1;2000;0003;5000123;Skříň rozvaděče F976;Hotový výrobek;601;Výdej při dodání zákazníkovi;H;-23,000;KS;9763,80;-224567,40;CZK;;;Bonatrans Group a.s.;SV1302;231439,15;224567,40;40093,28;VESELAM;6010 Expedice
12.02.2026;12.02.2026;4900002531;1;1000;0003;5000101;Převodovka šneková B301;Hotový výrobek;601;Výdej při dodání zákazníkovi;H;-15,000;KS;9813,50;-147202,50;CZK;;;Continental Automotive;SV4255;210490,15;147202,50;42319,16;KUCERAL;6010 Expedice
13.02.2026;13.02.2026;4900000171;1;1000;0001;1000130;Deska PE 105 mm;Plasty;101;Příjem zboží na objednávku;S;788,640;KG;64,17;50607,03;CZK;;Lapp Kabel s.r.o.;;SN4261;;;;KUCERAL;4010 Nákup
13.02.2026;13.02.2026;4900000330;1;2000;0001;1000158;Deska PP 31 mm;Plasty;101;Příjem zboží na objednávku;S;2186,080;KG;75,68;165442,53;CZK;;Elektro Cabel CZ;;SN6523;;;;CERNAT;4010 Nákup
13.02.2026;13.02.2026;4900000615;1;1000;0001;1000208;Stykač 43 A;Elektro;101;Příjem zboží na objednávku;S;83,860;KS;687,68;57668,84;CZK;;Alumat s.r.o.;;SN1585;;;;KUCERAL;4010 Nákup
13.02.2026;13.02.2026;4900000619;1;1000;0001;1000209;Matice M37;Spojovací materiál;101;Příjem zboží na objednávku;S;425,480;KS;14,07;5986,50;CZK;;Hilti ČR s.r.o.;;SN1859;;;;CERNAT;4010 Nákup
13.02.2026;13.02.2026;4900000651;1;1000;0001;1000216;Podložka 26;Spojovací materiál;101;Příjem zboží na objednávku;S;250,710;KS;12,61;3161,45;CZK;;PPG Deco Czech;;SN2701;;;;SVOBODM;4010 Nákup
13.02.2026;13.02.2026;4900000761;1;2000;0001;1000236;Stykač 75 A;Elektro;101;Příjem zboží na objednávku;S;264,440;KS;482,61;127621,39;CZK;;Rubena a.s.;;SN5382;;;;DVORAKP;4010 Nákup
13.02.2026;13.02.2026;4900000778;1;2000;0001;1000238;Lak polyuretanový RAL 9005;Nátěry a chemie;101;Příjem zboží na objednávku;S;341,650;L;171,20;58490,48;CZK;;Hilti ČR s.r.o.;;SN3040;;;;SVOBODM;4010 Nákup
13.02.2026;13.02.2026;4900000845;1;1000;0001;1000250;Kabel CYKY 34x42;Elektro;101;Příjem zboží na objednávku;S;1199,390;KS;795,46;954066,77;CZK;;PPG Deco Czech;;SN7172;;;;VESELAM;4010 Nákup
13.02.2026;13.02.2026;4900000904;1;1000;0001;1000261;Profil U 10;Ocel;101;Příjem zboží na objednávku;S;1276,380;KG;33,90;43269,28;CZK;;Siemens s.r.o.;;SN5074;;;;HORAKT;4010 Nákup
13.02.2026;13.02.2026;4900000936;1;1000;0001;1000268;Tyč kruhová 82 mm;Ocel;101;Příjem zboží na objednávku;S;451,250;KG;20,79;9381,49;CZK;;Killich s.r.o.;;SN9182;;;;DVORAKP;4010 Nákup
13.02.2026;13.02.2026;4900000974;1;2000;0001;1000275;Jekl 98x98x65;Ocel;101;Příjem zboží na objednávku;S;2136,250;KG;34,85;74448,31;CZK;;Colorlak a.s.;;SN3873;;;;SVOBODM;4010 Nákup
13.02.2026;13.02.2026;4900001066;1;1000;0001;1000292;Kabel CYKY 10x22;Elektro;101;Příjem zboží na objednávku;S;912,060;KS;573,52;523084,65;CZK;;Resinex CZ s.r.o.;;SN6380;;;;HORAKT;4010 Nákup
13.02.2026;13.02.2026;4900001354;1;2000;0001;1000343;Odmašťovač RAL 5010;Nátěry a chemie;101;Příjem zboží na objednávku;S;1711,230;L;156,59;267961,51;CZK;;Lapp Kabel s.r.o.;;SN2130;;;;HORAKT;4010 Nákup
13.02.2026;13.02.2026;4900001379;1;2000;0001;1000348;Motor 108 kW;Elektro;101;Příjem zboží na objednávku;S;1094,780;KS;739,67;809775,92;CZK;;Killich s.r.o.;;SN7884;;;;PROCHAZ;4010 Nákup
13.02.2026;13.02.2026;4900001402;1;1000;0001;1000353;Trubka Al 94 mm;Hliník;101;Příjem zboží na objednávku;S;637,220;KG;92,49;58936,48;CZK;;Metalšrot Tlumačov;;SN9441;;;;DVORAKP;4010 Nákup
13.02.2026;13.02.2026;4900001671;1;2000;0001;1000122;Trubka Al 54 mm;Hliník;261;Výdej do výrobní zakázky;H;-119,610;KG;99,64;-11917,94;CZK;VZ400007;;;;;;;PROCHAZ;5020 Výroba montáž
13.02.2026;13.02.2026;4900001671;2;2000;0001;1000198;Trubka ocelová 56x45;Ocel;261;Výdej do výrobní zakázky;H;-174,150;KG;20,95;-3648,44;CZK;VZ400007;;;;;;;SVOBODM;5020 Výroba montáž
13.02.2026;13.02.2026;4900001671;3;2000;0001;1000207;Granulát PA6 54;Plasty;261;Výdej do výrobní zakázky;H;-165,510;KG;68,70;-11370,54;CZK;VZ400007;;;;;;;HORAKT;5020 Výroba montáž
13.02.2026;13.02.2026;4900001671;4;2000;0001;1000233;Trubka ocelová 70x56;Ocel;261;Výdej do výrobní zakázky;H;-161,730;KG;20,71;-3349,43;CZK;VZ400007;;;;;;;NOVAKJ;5020 Výroba montáž
13.02.2026;13.02.2026;4900001671;5;2000;0001;1000247;Profil U 55;Ocel;261;Výdej do výrobní zakázky;H;-85,320;KG;23,08;-1969,19;CZK;VZ400007;;;;;;;VESELAM;5030 Výroba obrábění
13.02.2026;13.02.2026;4900001914;1;2000;0001;1000198;Trubka ocelová 56x45;Ocel;261;Výdej do výrobní zakázky;H;-58,910;KG;20,95;-1234,16;CZK;VZ400133;;;;;;;HORAKT;5030 Výroba obrábění
13.02.2026;13.02.2026;4900001914;2;2000;0001;1000174;Nýt 118x78;Spojovací materiál;261;Výdej do výrobní zakázky;H;-163,400;KS;11,72;-1915,05;CZK;VZ400133;;;;;;;NOVAKJ;5030 Výroba obrábění
13.02.2026;13.02.2026;4900001914;3;2000;0001;1000274;Těsnění ploché 75 mm;Těsnění a guma;261;Výdej do výrobní zakázky;H;-341,420;KS;26,80;-9150,06;CZK;VZ400133;;;;;;;CERNAT;5020 Výroba montáž
13.02.2026;13.02.2026;4900001914;4;2000;0001;1000345;Tyč kruhová 110 mm;Ocel;261;Výdej do výrobní zakázky;H;-92,880;KG;36,23;-3365,04;CZK;VZ400133;;;;;;;DVORAKP;5030 Výroba obrábění
13.02.2026;13.02.2026;4900001914;5;2000;0001;1000167;Nýt 105x50;Spojovací materiál;261;Výdej do výrobní zakázky;H;-87,720;KS;10,11;-886,85;CZK;VZ400133;;;;;;;NOVAKJ;5030 Výroba obrábění
13.02.2026;13.02.2026;4900001914;6;2000;0001;1000262;Plech Al 68 mm;Hliník;261;Výdej do výrobní zakázky;H;-300,570;KG;60,20;-18094,31;CZK;VZ400133;;;;;;;CERNAT;5030 Výroba obrábění
13.02.2026;13.02.2026;4900001914;7;2000;0001;1000208;Stykač 43 A;Elektro;261;Výdej do výrobní zakázky;H;-48,590;KS;687,68;-33414,37;CZK;VZ400133;;;;;;;DVORAKP;5030 Výroba obrábění
13.02.2026;13.02.2026;4900001914;8;2000;0001;1000293;Matice M3;Spojovací materiál;261;Výdej do výrobní zakázky;H;-375,390;KS;10,49;-3937,84;CZK;VZ400133;;;;;;;CERNAT;5030 Výroba obrábění
13.02.2026;13.02.2026;4900001943;1;1000;0001;1000313;Kabel CYKY 66x55;Elektro;261;Výdej do výrobní zakázky;H;-82,290;KS;566,73;-46636,21;CZK;VZ400153;;;;;;;CERNAT;5030 Výroba obrábění
13.02.2026;13.02.2026;4900001943;2;1000;0001;1000179;Granulát ABS 25;Plasty;261;Výdej do výrobní zakázky;H;-86,060;KG;54,80;-4716,09;CZK;VZ400153;;;;;;;VESELAM;5020 Výroba montáž
13.02.2026;13.02.2026;4900001943;3;1000;0001;1000215;Motor 73 kW;Elektro;261;Výdej do výrobní zakázky;H;-96,720;KS;175,44;-16968,56;CZK;VZ400153;;;;;;;DVORAKP;5030 Výroba obrábění
13.02.2026;13.02.2026;4900001943;4;1000;0001;1000387;Trubka ocelová 55x68;Ocel;261;Výdej do výrobní zakázky;H;-94,900;KG;29,33;-2783,42;CZK;VZ400153;;;;;;;DVORAKP;5030 Výroba obrábění
13.02.2026;13.02.2026;4900001943;5;1000;0001;1000371;Lak polyuretanový RAL 5010;Nátěry a chemie;261;Výdej do výrobní zakázky;H;-33,410;L;210,04;-7017,44;CZK;VZ400153;;;;;;;HORAKT;5020 Výroba montáž
13.02.2026;13.02.2026;4900001943;6;1000;0001;1000374;Plech Al 115 mm;Hliník;261;Výdej do výrobní zakázky;H;-19,890;KG;66,46;-1321,89;CZK;VZ400153;;;;;;;SVOBODM;5030 Výroba obrábění
13.02.2026;13.02.2026;4900001943;7;1000;0001;1000258;Kolík 6x58;Spojovací materiál;261;Výdej do výrobní zakázky;H;-129,480;KS;4,08;-528,28;CZK;VZ400153;;;;;;;DVORAKP;5020 Výroba montáž
13.02.2026;13.02.2026;4900001943;8;1000;0001;1000165;Deska PE 38 mm;Plasty;261;Výdej do výrobní zakázky;H;-88,790;KG;43,33;-3847,27;CZK;VZ400153;;;;;;;KUCERAL;5030 Výroba obrábění
13.02.2026;13.02.2026;4900001943;9;1000;0001;1000335;Šroub M70x57;Spojovací materiál;261;Výdej do výrobní zakázky;H;-140,010;KS;4,55;-637,05;CZK;VZ400153;;;;;;;PROCHAZ;5030 Výroba obrábění
13.02.2026;13.02.2026;4900001973;1;1000;0003;5000115;Hydraulický agregát D743;Hotový výrobek;131;Příjem z výroby;S;43,000;KS;2017,76;86763,68;CZK;VZ400170;;;SV6524;;;;HORAKT;5020 Výroba montáž
13.02.2026;13.02.2026;4900002035;1;1000;0001;1000300;Šroub M24x45;Spojovací materiál;261;Výdej do výrobní zakázky;H;-84,870;KS;2,77;-235,09;CZK;VZ400211;;;;;;;NOVAKJ;5020 Výroba montáž
13.02.2026;13.02.2026;4900002035;2;1000;0001;1000142;Plech ocelový 112 mm;Ocel;261;Výdej do výrobní zakázky;H;-14,490;KG;31,94;-462,81;CZK;VZ400211;;;;;;;PROCHAZ;5020 Výroba montáž
13.02.2026;13.02.2026;4900002035;3;1000;0001;1000172;Deska PE 85 mm;Plasty;261;Výdej do výrobní zakázky;H;-37,170;KG;44,67;-1660,38;CZK;VZ400211;;;;;;;HORAKT;5030 Výroba obrábění
13.02.2026;13.02.2026;4900002035;4;1000;0001;1000353;Trubka Al 94 mm;Hliník;261;Výdej do výrobní zakázky;H;-19,980;KG;92,49;-1847,95;CZK;VZ400211;;;;;;;NOVAKJ;5020 Výroba montáž
13.02.2026;13.02.2026;4900002035;5;1000;0001;1000154;Ředidlo S38;Nátěry a chemie;261;Výdej do výrobní zakázky;H;-60,840;L;298,27;-18146,75;CZK;VZ400211;;;;;;;VESELAM;5020 Výroba montáž
13.02.2026;13.02.2026;4900002035;6;1000;0001;1000264;Motor 26 kW;Elektro;261;Výdej do výrobní zakázky;H;-100,440;KS;733,69;-73691,82;CZK;VZ400211;;;;;;;KUCERAL;5020 Výroba montáž
13.02.2026;13.02.2026;4900002035;7;1000;0001;1000214;Deska PP 15 mm;Plasty;261;Výdej do výrobní zakázky;H;-14,490;KG;65,47;-948,66;CZK;VZ400211;;;;;;;DVORAKP;5030 Výroba obrábění
13.02.2026;13.02.2026;4900002035;8;1000;0001;1000135;Jekl 3x3x76;Ocel;261;Výdej do výrobní zakázky;H;-60,300;KG;33,76;-2035,73;CZK;VZ400211;;;;;;;KUCERAL;5020 Výroba montáž
13.02.2026;13.02.2026;4900002065;1;2000;0003;5000120;Čerpadlo odstředivé C541;Hotový výrobek;131;Příjem z výroby;S;36,000;KS;10850,00;390600,00;CZK;VZ400235;;;SV6820;;;;KUCERAL;5020 Výroba montáž
13.02.2026;13.02.2026;4900002119;1;1000;0003;5000143;Skříň rozvaděče B530;Hotový výrobek;131;Příjem z výroby;S;28,000;KS;3905,26;109347,28;CZK;VZ400281;;;SV4974;;;;KUCERAL;5020 Výroba montáž
13.02.2026;13.02.2026;4900002249;1;2000;0003;5000106;Svařenec nosný A522;Hotový výrobek;601;Výdej při dodání zákazníkovi;H;-11,000;KS;2684,98;-29534,78;CZK;;;Vítkovice Machinery;SV7963;40894,33;29534,78;8389,12;CERNAT;6010 Expedice
13.02.2026;13.02.2026;4900002390;1;2000;0003;5000122;Rám podvozkový E427;Hotový výrobek;601;Výdej při dodání zákazníkovi;H;-5,000;KS;5207,47;-26037,35;CZK;;;Brose CZ spol. s r.o.;SV9452;35482,94;26037,35;6532,98;KUCERAL;6010 Expedice
13.02.2026;13.02.2026;4900002440;1;2000;0003;5000105;Hydraulický agregát F685;Hotový výrobek;601;Výdej při dodání zákazníkovi;H;-13,000;KS;5566,06;-72358,78;CZK;;;Bonatrans Group a.s.;SV9149;95680,58;72358,78;17174,68;HORAKT;6010 Expedice
13.02.2026;13.02.2026;4900002447;1;1000;0003;5000143;Skříň rozvaděče B530;Hotový výrobek;601;Výdej při dodání zákazníkovi;H;-12,000;KS;3905,26;-46863,12;CZK;;;Agrostroj Pelhřimov a.s.;SV6156;69430,79;46863,12;15217,99;CERNAT;6010 Expedice
13.02.2026;13.02.2026;4900002593;1;1000;0003;5000116;Svařenec nosný E926;Hotový výrobek;601;Výdej při dodání zákazníkovi;H;-9,000;KS;635,56;-5720,04;CZK;;;Witte Automotive;SV9334;8137,93;5720,04;1764,74;PROCHAZ;6010 Expedice
16.02.2026;16.02.2026;4900000166;1;1000;0001;1000129;Profil Al 107x59;Hliník;101;Příjem zboží na objednávku;S;586,600;KG;63,91;37489,61;CZK;;Killich s.r.o.;;SN1300;;;;PROCHAZ;4010 Nákup
16.02.2026;16.02.2026;4900000367;1;2000;0001;1000165;Deska PE 38 mm;Plasty;101;Příjem zboží na objednávku;S;1339,980;KG;43,33;58061,33;CZK;;ESSA Czech;;SN5120;;;;HORAKT;4010 Nákup
16.02.2026;16.02.2026;4900000391;1;1000;0001;1000168;Základní barva RAL 3020;Nátěry a chemie;101;Příjem zboží na objednávku;S;987,820;L;115,98;114567,36;CZK;;ArcelorMittal Distribution;;SN5724;;;;KUCERAL;4010 Nákup
16.02.2026;16.02.2026;4900000402;1;1000;0001;1000171;Plech Al 110 mm;Hliník;101;Příjem zboží na objednávku;S;2152,160;KG;73,80;158829,41;CZK;;Bibus s.r.o.;;SN1775;;;;PROCHAZ;4010 Nákup
16.02.2026;16.02.2026;4900000491;1;2000;0001;1000186;Deska PP 63 mm;Plasty;101;Příjem zboží na objednávku;S;539,650;KG;66,21;35730,23;CZK;;Colorlak a.s.;;SN8615;;;;VESELAM;4010 Nákup
16.02.2026;16.02.2026;4900000630;1;1000;0001;1000212;Jekl 92x92x7;Ocel;101;Příjem zboží na objednávku;S;550,480;KG;44,23;24347,73;CZK;;ArcelorMittal Distribution;;SN8760;;;;HORAKT;4010 Nákup
16.02.2026;16.02.2026;4900000670;1;1000;0001;1000219;Jekl 28x28x58;Ocel;101;Příjem zboží na objednávku;S;1199,110;KG;22,30;26740,15;CZK;;Wurth s.r.o.;;SN9365;;;;PROCHAZ;4010 Nákup
16.02.2026;16.02.2026;4900000776;1;2000;0001;1000238;Lak polyuretanový RAL 9005;Nátěry a chemie;101;Příjem zboží na objednávku;S;1719,200;L;171,20;294327,04;CZK;;Lapp Kabel s.r.o.;;SN2683;;;;DVORAKP;4010 Nákup
16.02.2026;16.02.2026;4900000814;1;1000;0001;1000244;Podložka 93;Spojovací materiál;101;Příjem zboží na objednávku;S;182,510;KS;14,76;2693,85;CZK;;ThyssenKrupp Ferrostal;;SN3851;;;;PROCHAZ;4010 Nákup
16.02.2026;16.02.2026;4900000888;1;1000;0001;1000258;Kolík 6x58;Spojovací materiál;101;Příjem zboží na objednávku;S;188,960;KS;4,08;770,96;CZK;;Hilti ČR s.r.o.;;SN5580;;;;NOVAKJ;4010 Nákup
16.02.2026;16.02.2026;4900001085;1;2000;0001;1000295;Těsnění ploché 61 mm;Těsnění a guma;101;Příjem zboží na objednávku;S;900,630;KS;18,17;16364,45;CZK;;Hilti ČR s.r.o.;;SN1195;;;;VESELAM;4010 Nákup
16.02.2026;16.02.2026;4900001242;1;1000;0001;1000323;O-kroužek 81 mm;Těsnění a guma;101;Příjem zboží na objednávku;S;541,790;KS;15,08;8170,19;CZK;;Schneider Electric CZ;;SN8508;;;;SVOBODM;4010 Nákup
16.02.2026;16.02.2026;4900001343;1;2000;0001;1000342;Kolík 101x36;Spojovací materiál;101;Příjem zboží na objednávku;S;931,560;KS;0,90;838,40;CZK;;ArcelorMittal Distribution;;SN2071;;;;SVOBODM;4010 Nákup
16.02.2026;16.02.2026;4900001375;1;2000;0001;1000347;Granulát ABS 90;Plasty;101;Příjem zboží na objednávku;S;367,410;KG;65,34;24006,57;CZK;;Alumat s.r.o.;;SN5284;;;;HORAKT;4010 Nákup
16.02.2026;16.02.2026;4900001658;1;1000;0001;1000348;Motor 108 kW;Elektro;261;Výdej do výrobní zakázky;H;-384,420;KS;739,67;-284343,94;CZK;VZ400001;;;;;;;KUCERAL;5030 Výroba obrábění
16.02.2026;16.02.2026;4900001658;2;1000;0001;1000302;Tlumič gumový 20;Těsnění a guma;261;Výdej do výrobní zakázky;H;-308,310;KS;4,51;-1390,48;CZK;VZ400001;;;;;;;NOVAKJ;5030 Výroba obrábění
16.02.2026;16.02.2026;4900001658;3;1000;0001;1000373;Tyč kruhová 44 mm;Ocel;261;Výdej do výrobní zakázky;H;-51,600;KG;31,69;-1635,20;CZK;VZ400001;;;;;;;CERNAT;5030 Výroba obrábění
16.02.2026;16.02.2026;4900001658;4;1000;0001;1000108;Plech Al 76 mm;Hliník;261;Výdej do výrobní zakázky;H;-199,520;KG;68,38;-13643,18;CZK;VZ400001;;;;;;;NOVAKJ;5020 Výroba montáž
16.02.2026;16.02.2026;4900001658;5;1000;0001;1000205;Trubka ocelová 6x21;Ocel;261;Výdej do výrobní zakázky;H;-95,460;KG;20,71;-1976,98;CZK;VZ400001;;;;;;;DVORAKP;5030 Výroba obrábění
16.02.2026;16.02.2026;4900001658;6;1000;0001;1000218;Manžeta 40x54;Těsnění a guma;261;Výdej do výrobní zakázky;H;-287,670;KS;53,05;-15260,89;CZK;VZ400001;;;;;;;PROCHAZ;5020 Výroba montáž
16.02.2026;16.02.2026;4900001658;7;1000;0001;1000295;Těsnění ploché 61 mm;Těsnění a guma;261;Výdej do výrobní zakázky;H;-170,710;KS;18,17;-3101,80;CZK;VZ400001;;;;;;;NOVAKJ;5020 Výroba montáž
16.02.2026;16.02.2026;4900001658;8;1000;0001;1000300;Šroub M24x45;Spojovací materiál;261;Výdej do výrobní zakázky;H;-42,570;KS;2,77;-117,92;CZK;VZ400001;;;;;;;SVOBODM;5020 Výroba montáž
16.02.2026;16.02.2026;4900001704;1;2000;0003;5000122;Rám podvozkový E427;Hotový výrobek;131;Příjem z výroby;S;44,000;KS;5207,47;229128,68;CZK;VZ400023;;;SV4944;;;;NOVAKJ;5020 Výroba montáž
16.02.2026;16.02.2026;4900001730;1;2000;0001;1000201;Motor 5 kW;Elektro;261;Výdej do výrobní zakázky;H;-122,850;KS;658,47;-80893,04;CZK;VZ400036;;;;;;;CERNAT;5020 Výroba montáž
16.02.2026;16.02.2026;4900001730;2;2000;0001;1000227;Profil Al 118x69;Hliník;261;Výdej do výrobní zakázky;H;-117,000;KG;60,93;-7128,81;CZK;VZ400036;;;;;;;KUCERAL;5030 Výroba obrábění
16.02.2026;16.02.2026;4900001730;3;2000;0001;1000327;Stykač 56 A;Elektro;261;Výdej do výrobní zakázky;H;-106,950;KS;238,71;-25530,03;CZK;VZ400036;;;;;;;PROCHAZ;5030 Výroba obrábění
16.02.2026;16.02.2026;4900001730;4;2000;0001;1000339;Profil Al 7x33;Hliník;261;Výdej do výrobní zakázky;H;-61,350;KG;91,34;-5603,71;CZK;VZ400036;;;;;;;KUCERAL;5020 Výroba montáž
16.02.2026;16.02.2026;4900001862;1;2000;0001;1000115;Profil Al 44x37;Hliník;261;Výdej do výrobní zakázky;H;-92,820;KG;75,99;-7053,39;CZK;VZ400100;;;;;;;NOVAKJ;5030 Výroba obrábění
16.02.2026;16.02.2026;4900001862;2;2000;0001;1000129;Profil Al 107x59;Hliník;261;Výdej do výrobní zakázky;H;-35,750;KG;63,91;-2284,78;CZK;VZ400100;;;;;;;VESELAM;5030 Výroba obrábění
16.02.2026;16.02.2026;4900001862;3;2000;0001;1000319;Granulát PA6 44;Plasty;261;Výdej do výrobní zakázky;H;-35,750;KG;71,64;-2561,13;CZK;VZ400100;;;;;;;PROCHAZ;5020 Výroba montáž
16.02.2026;16.02.2026;4900001862;4;2000;0001;1000100;Trubka ocelová 100x79;Ocel;261;Výdej do výrobní zakázky;H;-31,200;KG;34,31;-1070,47;CZK;VZ400100;;;;;;;NOVAKJ;5020 Výroba montáž
16.02.2026;16.02.2026;4900001862;5;2000;0001;1000139;Nýt 46x36;Spojovací materiál;261;Výdej do výrobní zakázky;H;-101,920;KS;4,20;-428,06;CZK;VZ400100;;;;;;;NOVAKJ;5030 Výroba obrábění
16.02.2026;16.02.2026;4900001862;6;2000;0001;1000198;Trubka ocelová 56x45;Ocel;261;Výdej do výrobní zakázky;H;-17,290;KG;20,95;-362,23;CZK;VZ400100;;;;;;;PROCHAZ;5020 Výroba montáž
16.02.2026;16.02.2026;4900001862;7;2000;0001;1000339;Profil Al 7x33;Hliník;261;Výdej do výrobní zakázky;H;-73,060;KG;91,34;-6673,30;CZK;VZ400100;;;;;;;VESELAM;5020 Výroba montáž
16.02.2026;16.02.2026;4900001915;1;2000;0003;5000132;Rám podvozkový C802;Hotový výrobek;131;Příjem z výroby;S;43,000;KS;1980,08;85143,44;CZK;VZ400133;;;SV9703;;;;NOVAKJ;5020 Výroba montáž
16.02.2026;16.02.2026;4900002027;1;2000;0003;5000123;Skříň rozvaděče F976;Hotový výrobek;131;Příjem z výroby;S;41,000;KS;9763,80;400315,80;CZK;VZ400207;;;SV9226;;;;VESELAM;5020 Výroba montáž
16.02.2026;16.02.2026;4900002048;1;2000;0003;5000128;Konzole montážní E878;Hotový výrobek;131;Příjem z výroby;S;9,000;KS;2954,77;26592,93;CZK;VZ400218;;;SV9890;;;;NOVAKJ;5020 Výroba montáž
16.02.2026;16.02.2026;4900002090;1;2000;0001;1000145;Stykač 108 A;Elektro;261;Výdej do výrobní zakázky;H;-53,340;KS;646,65;-34492,31;CZK;VZ400256;;;;;;;SVOBODM;5020 Výroba montáž
16.02.2026;16.02.2026;4900002090;2;2000;0001;1000275;Jekl 98x98x65;Ocel;261;Výdej do výrobní zakázky;H;-20,580;KG;34,85;-717,21;CZK;VZ400256;;;;;;;HORAKT;5020 Výroba montáž
16.02.2026;16.02.2026;4900002090;3;2000;0001;1000345;Tyč kruhová 110 mm;Ocel;261;Výdej do výrobní zakázky;H;-16,940;KG;36,23;-613,74;CZK;VZ400256;;;;;;;HORAKT;5030 Výroba obrábění
16.02.2026;16.02.2026;4900002090;4;2000;0001;1000328;Nýt 37x12;Spojovací materiál;261;Výdej do výrobní zakázky;H;-131,460;KS;6,41;-842,66;CZK;VZ400256;;;;;;;VESELAM;5020 Výroba montáž
16.02.2026;16.02.2026;4900002090;5;2000;0001;1000340;Deska PP 90 mm;Plasty;261;Výdej do výrobní zakázky;H;-69,440;KG;80,19;-5568,39;CZK;VZ400256;;;;;;;DVORAKP;5030 Výroba obrábění
16.02.2026;16.02.2026;4900002090;6;2000;0001;1000136;Trubka Al 19 mm;Hliník;261;Výdej do výrobní zakázky;H;-57,540;KG;71,14;-4093,40;CZK;VZ400256;;;;;;;VESELAM;5020 Výroba montáž
16.02.2026;16.02.2026;4900002090;7;2000;0001;1000382;Deska PE 55 mm;Plasty;261;Výdej do výrobní zakázky;H;-9,380;KG;70,90;-665,04;CZK;VZ400256;;;;;;;VESELAM;5020 Výroba montáž
16.02.2026;16.02.2026;4900002091;1;2000;0001;1000345;Tyč kruhová 110 mm;Ocel;551;Výdej do šrotu;H;-0,810;KG;36,23;-29,35;CZK;VZ400256;;;;;;;KUCERAL;5030 Výroba obrábění
16.02.2026;16.02.2026;4900002094;1;2000;0003;5000128;Konzole montážní E878;Hotový výrobek;131;Příjem z výroby;S;21,000;KS;2954,77;62050,17;CZK;VZ400258;;;SV7793;;;;NOVAKJ;5020 Výroba montáž
16.02.2026;16.02.2026;4900002208;1;2000;0003;5000105;Hydraulický agregát F685;Hotový výrobek;601;Výdej při dodání zákazníkovi;H;-2,000;KS;5566,06;-11132,12;CZK;;;Linet spol. s r.o.;SV6542;14928,15;11132,12;3110,50;HORAKT;6010 Expedice
16.02.2026;16.02.2026;4900002361;1;2000;0003;5000128;Konzole montážní E878;Hotový výrobek;601;Výdej při dodání zákazníkovi;H;-25,000;KS;2954,77;-73869,25;CZK;;;Juta a.s.;SV8524;119861,01;73869,25;21390,35;KUCERAL;6010 Expedice
16.02.2026;16.02.2026;4900002378;1;1000;0003;5000111;Převodovka šneková F683;Hotový výrobek;601;Výdej při dodání zákazníkovi;H;-13,000;KS;6903,87;-89750,31;CZK;;;Linet spol. s r.o.;SV6842;128948,49;89750,31;25842,59;SVOBODM;6010 Expedice
17.02.2026;17.02.2026;4900000060;1;2000;0001;1000110;Motor 70 kW;Elektro;101;Příjem zboží na objednávku;S;596,330;KS;215,98;128795,35;CZK;;Ferona a.s.;;SN5994;;;;CERNAT;4010 Nákup
17.02.2026;17.02.2026;4900000267;1;2000;0001;1000147;Lak polyuretanový RAL 9005;Nátěry a chemie;101;Příjem zboží na objednávku;S;1800,830;L;140,57;253142,67;CZK;;ThyssenKrupp Ferrostal;;SN9525;;;;HORAKT;4010 Nákup
17.02.2026;17.02.2026;4900000346;1;2000;0001;1000161;Lak polyuretanový RAL 9005;Nátěry a chemie;101;Příjem zboží na objednávku;S;1209,360;L;126,83;153383,13;CZK;;Alumat s.r.o.;;SN8795;;;;HORAKT;4010 Nákup
17.02.2026;17.02.2026;4900000583;1;2000;0001;1000203;Základní barva RAL 5010;Nátěry a chemie;101;Příjem zboží na objednávku;S;820,890;L;222,00;182237,58;CZK;;Metalšrot Tlumačov;;SN3195;;;;NOVAKJ;4010 Nákup
17.02.2026;17.02.2026;4900000702;1;2000;0001;1000226;Profil U 4;Ocel;101;Příjem zboží na objednávku;S;2171,190;KG;27,36;59403,76;CZK;;Siemens s.r.o.;;SN6131;;;;NOVAKJ;4010 Nákup
17.02.2026;17.02.2026;4900000789;1;1000;0001;1000239;Těsnění ploché 68 mm;Těsnění a guma;101;Příjem zboží na objednávku;S;765,900;KS;32,26;24707,93;CZK;;Rubena a.s.;;SN9184;;;;VESELAM;4010 Nákup
17.02.2026;17.02.2026;4900000823;1;1000;0001;1000246;Těsnění ploché 116 mm;Těsnění a guma;101;Příjem zboží na objednávku;S;1096,760;KS;47,79;52414,16;CZK;;PPG Deco Czech;;SN7556;;;;NOVAKJ;4010 Nákup
17.02.2026;17.02.2026;4900001245;1;1000;0001;1000323;O-kroužek 81 mm;Těsnění a guma;101;Příjem zboží na objednávku;S;967,560;KS;15,08;14590,80;CZK;;Ferona a.s.;;SN4115;;;;VESELAM;4010 Nákup
17.02.2026;17.02.2026;4900001561;1;2000;0001;1000382;Deska PE 55 mm;Plasty;101;Příjem zboží na objednávku;S;2013,670;KG;70,90;142769,20;CZK;;ArcelorMittal Distribution;;SN3917;;;;CERNAT;4010 Nákup
17.02.2026;17.02.2026;4900002092;1;2000;0003;5000139;Ventilová jednotka D215;Hotový výrobek;131;Příjem z výroby;S;14,000;KS;3887,14;54419,96;CZK;VZ400256;;;SV2742;;;;KUCERAL;5020 Výroba montáž
17.02.2026;17.02.2026;4900002113;1;1000;0003;5000143;Skříň rozvaděče B530;Hotový výrobek;131;Příjem z výroby;S;7,000;KS;3905,26;27336,82;CZK;VZ400276;;;SV2651;;;;NOVAKJ;5020 Výroba montáž
17.02.2026;17.02.2026;4900002297;1;2000;0003;5000124;Dopravník pásový A794;Hotový výrobek;601;Výdej při dodání zákazníkovi;H;-6,000;KS;1487,77;-8926,62;CZK;;;Brose CZ spol. s r.o.;SV6106;13090,22;8926,62;2572,64;NOVAKJ;6010 Expedice
17.02.2026;17.02.2026;4900002356;1;1000;0003;5000149;Ventilová jednotka B989;Hotový výrobek;601;Výdej při dodání zákazníkovi;H;-5,000;KS;1674,23;-8371,15;CZK;;;Hella Autotechnik Nova;SV6451;10499,54;8371,15;1973,43;HORAKT;6010 Expedice
17.02.2026;17.02.2026;4900002418;1;1000;0003;5000101;Převodovka šneková B301;Hotový výrobek;601;Výdej při dodání zákazníkovi;H;-9,000;KS;9813,50;-88321,50;CZK;;;Magna Exteriors Bohemia;SV9577;127191,22;88321,50;29152,57;PROCHAZ;6010 Expedice
17.02.2026;17.02.2026;4900002481;1;1000;0003;5000116;Svařenec nosný E926;Hotový výrobek;601;Výdej při dodání zákazníkovi;H;-16,000;KS;635,56;-10168,96;CZK;;;Juta a.s.;SV6714;14768,24;10168,96;3350,27;KUCERAL;6010 Expedice
17.02.2026;17.02.2026;4900002512;1;2000;0003;5000113;Skříň rozvaděče B363;Hotový výrobek;601;Výdej při dodání zákazníkovi;H;-2,000;KS;1821,81;-3643,62;CZK;;;Hanon Systems Autopal;SV4353;5760,24;3643,62;1001,06;DVORAKP;6010 Expedice
17.02.2026;17.02.2026;4900002561;1;2000;0003;5000128;Konzole montážní E878;Hotový výrobek;601;Výdej při dodání zákazníkovi;H;-3,000;KS;2954,77;-8864,31;CZK;;;Linet spol. s r.o.;SV7910;13589,15;8864,31;2335,72;VESELAM;6010 Expedice
18.02.2026;18.02.2026;4900000044;1;1000;0001;1000108;Plech Al 76 mm;Hliník;101;Příjem zboží na objednávku;S;1289,040;KG;68,38;88144,56;CZK;;Bossard CZ s.r.o.;;SN3297;;;;CERNAT;4010 Nákup
18.02.2026;18.02.2026;4900000137;1;1000;0001;1000124;Motor 43 kW;Elektro;101;Příjem zboží na objednávku;S;96,580;KS;477,15;46083,15;CZK;;Rubena a.s.;;SN4005;;;;HORAKT;4010 Nákup
18.02.2026;18.02.2026;4900000207;1;2000;0001;1000138;Frekvenční měnič 18 kW;Elektro;101;Příjem zboží na objednávku;S;151,260;KS;423,21;64014,74;CZK;;Ferona a.s.;;SN9843;;;;NOVAKJ;4010 Nákup
18.02.2026;18.02.2026;4900000408;1;1000;0001;1000171;Plech Al 110 mm;Hliník;101;Příjem zboží na objednávku;S;1563,170;KG;73,80;115361,95;CZK;;Metalšrot Tlumačov;;SN3439;;;;SVOBODM;4010 Nákup
18.02.2026;18.02.2026;4900000691;1;1000;0001;1000223;Šroub M2x48;Spojovací materiál;101;Příjem zboží na objednávku;S;128,630;KS;10,18;1309,45;CZK;;PPG Deco Czech;;SN4535;;;;SVOBODM;4010 Nákup
18.02.2026;18.02.2026;4900000839;1;1000;0001;1000249;Granulát PA6 112;Plasty;101;Příjem zboží na objednávku;S;660,260;KG;71,02;46891,67;CZK;;Bibus s.r.o.;;SN8259;;;;CERNAT;4010 Nákup
18.02.2026;18.02.2026;4900000957;1;2000;0001;1000272;Šroub M28x22;Spojovací materiál;101;Příjem zboží na objednávku;S;329,270;KS;8,82;2904,16;CZK;;Trelleborg Bohemia;;SN7180;;;;PROCHAZ;4010 Nákup
18.02.2026;18.02.2026;4900000998;1;2000;0001;1000281;Manžeta 90x49;Těsnění a guma;101;Příjem zboží na objednávku;S;171,640;KS;32,59;5593,75;CZK;;ArcelorMittal Distribution;;SN9831;;;;HORAKT;4010 Nákup
18.02.2026;18.02.2026;4900001118;1;2000;0001;1000301;Lak polyuretanový RAL 5010;Nátěry a chemie;101;Příjem zboží na objednávku;S;1805,990;L;339,05;612320,91;CZK;;Plastika Nitra a.s.;;SN2411;;;;KUCERAL;4010 Nákup
18.02.2026;18.02.2026;4900001232;1;2000;0001;1000321;Podložka 22;Spojovací materiál;101;Příjem zboží na objednávku;S;447,340;KS;13,53;6052,51;CZK;;Wurth s.r.o.;;SN8859;;;;HORAKT;4010 Nákup
18.02.2026;18.02.2026;4900001243;1;1000;0001;1000323;O-kroužek 81 mm;Těsnění a guma;101;Příjem zboží na objednávku;S;849,950;KS;15,08;12817,25;CZK;;Schneider Electric CZ;;SN3126;;;;DVORAKP;4010 Nákup
18.02.2026;18.02.2026;4900001367;1;2000;0001;1000345;Tyč kruhová 110 mm;Ocel;101;Příjem zboží na objednávku;S;1798,770;KG;36,23;65169,44;CZK;;Trelleborg Bohemia;;SN2200;;;;HORAKT;4010 Nákup
18.02.2026;18.02.2026;4900001839;1;1000;0003;5000141;Převodovka šneková F508;Hotový výrobek;131;Příjem z výroby;S;21,000;KS;1789,06;37570,26;CZK;VZ400087;;;SV6068;;;;PROCHAZ;5020 Výroba montáž
18.02.2026;18.02.2026;4900001863;1;2000;0003;5000134;Dopravník pásový E794;Hotový výrobek;131;Příjem z výroby;S;13,000;KS;1976,93;25700,09;CZK;VZ400100;;;SV6454;;;;KUCERAL;5020 Výroba montáž
18.02.2026;18.02.2026;4900002007;1;1000;0001;1000348;Motor 108 kW;Elektro;261;Výdej do výrobní zakázky;H;-134,100;KS;739,67;-99189,75;CZK;VZ400192;;;;;;;VESELAM;5020 Výroba montáž
18.02.2026;18.02.2026;4900002007;2;1000;0001;1000302;Tlumič gumový 20;Těsnění a guma;261;Výdej do výrobní zakázky;H;-107,550;KS;4,51;-485,05;CZK;VZ400192;;;;;;;CERNAT;5030 Výroba obrábění
18.02.2026;18.02.2026;4900002007;3;1000;0001;1000373;Tyč kruhová 44 mm;Ocel;261;Výdej do výrobní zakázky;H;-18,000;KG;31,69;-570,42;CZK;VZ400192;;;;;;;SVOBODM;5030 Výroba obrábění
18.02.2026;18.02.2026;4900002007;4;1000;0001;1000108;Plech Al 76 mm;Hliník;261;Výdej do výrobní zakázky;H;-69,600;KG;68,38;-4759,25;CZK;VZ400192;;;;;;;KUCERAL;5020 Výroba montáž
18.02.2026;18.02.2026;4900002007;5;1000;0001;1000205;Trubka ocelová 6x21;Ocel;261;Výdej do výrobní zakázky;H;-33,300;KG;20,71;-689,64;CZK;VZ400192;;;;;;;VESELAM;5030 Výroba obrábění
18.02.2026;18.02.2026;4900002007;6;1000;0001;1000218;Manžeta 40x54;Těsnění a guma;261;Výdej do výrobní zakázky;H;-100,350;KS;53,05;-5323,57;CZK;VZ400192;;;;;;;VESELAM;5030 Výroba obrábění
18.02.2026;18.02.2026;4900002007;7;1000;0001;1000295;Těsnění ploché 61 mm;Těsnění a guma;261;Výdej do výrobní zakázky;H;-59,550;KS;18,17;-1082,02;CZK;VZ400192;;;;;;;PROCHAZ;5020 Výroba montáž
18.02.2026;18.02.2026;4900002007;8;1000;0001;1000300;Šroub M24x45;Spojovací materiál;261;Výdej do výrobní zakázky;H;-14,850;KS;2,77;-41,13;CZK;VZ400192;;;;;;;PROCHAZ;5030 Výroba obrábění
18.02.2026;18.02.2026;4900002011;1;2000;0001;1000192;Plech Al 70 mm;Hliník;261;Výdej do výrobní zakázky;H;-104,160;KG;121,62;-12667,94;CZK;VZ400195;;;;;;;DVORAKP;5020 Výroba montáž
18.02.2026;18.02.2026;4900002011;2;2000;0001;1000259;Základní barva RAL 3020;Nátěry a chemie;261;Výdej do výrobní zakázky;H;-42,140;L;236,85;-9980,86;CZK;VZ400195;;;;;;;VESELAM;5020 Výroba montáž
18.02.2026;18.02.2026;4900002011;3;2000;0001;1000247;Profil U 55;Ocel;261;Výdej do výrobní zakázky;H;-65,660;KG;23,08;-1515,43;CZK;VZ400195;;;;;;;PROCHAZ;5030 Výroba obrábění
18.02.2026;18.02.2026;4900002011;4;2000;0001;1000309;Tlumič gumový 24;Těsnění a guma;261;Výdej do výrobní zakázky;H;-16,100;KS;42,90;-690,69;CZK;VZ400195;;;;;;;KUCERAL;5020 Výroba montáž
18.02.2026;18.02.2026;4900002011;5;2000;0001;1000362;Frekvenční měnič 17 kW;Elektro;261;Výdej do výrobní zakázky;H;-162,680;KS;512,26;-83334,46;CZK;VZ400195;;;;;;;PROCHAZ;5020 Výroba montáž
18.02.2026;18.02.2026;4900002011;6;2000;0001;1000380;Profil U 111;Ocel;261;Výdej do výrobní zakázky;H;-54,740;KG;24,59;-1346,06;CZK;VZ400195;;;;;;;KUCERAL;5030 Výroba obrábění
18.02.2026;18.02.2026;4900002011;7;2000;0001;1000130;Deska PE 105 mm;Plasty;261;Výdej do výrobní zakázky;H;-71,400;KG;64,17;-4581,74;CZK;VZ400195;;;;;;;NOVAKJ;5030 Výroba obrábění
18.02.2026;18.02.2026;4900002011;8;2000;0001;1000278;Frekvenční měnič 11 kW;Elektro;261;Výdej do výrobní zakázky;H;-16,800;KS;659,54;-11080,27;CZK;VZ400195;;;;;;;NOVAKJ;5030 Výroba obrábění
18.02.2026;18.02.2026;4900002015;1;2000;0001;1000264;Motor 26 kW;Elektro;261;Výdej do výrobní zakázky;H;-116,340;KS;733,69;-85357,49;CZK;VZ400199;;;;;;;VESELAM;5020 Výroba montáž
18.02.2026;18.02.2026;4900002015;2;2000;0001;1000203;Základní barva RAL 5010;Nátěry a chemie;261;Výdej do výrobní zakázky;H;-171,360;L;222,00;-38041,92;CZK;VZ400199;;;;;;;HORAKT;5030 Výroba obrábění
18.02.2026;18.02.2026;4900002015;3;2000;0001;1000347;Granulát ABS 90;Plasty;261;Výdej do výrobní zakázky;H;-110,880;KG;65,34;-7244,90;CZK;VZ400199;;;;;;;KUCERAL;5020 Výroba montáž
18.02.2026;18.02.2026;4900002015;4;2000;0001;1000152;Frekvenční měnič 74 kW;Elektro;261;Výdej do výrobní zakázky;H;-422,100;KS;607,08;-256248,47;CZK;VZ400199;;;;;;;PROCHAZ;5020 Výroba montáž
18.02.2026;18.02.2026;4900002015;5;2000;0001;1000389;Deska PE 67 mm;Plasty;261;Výdej do výrobní zakázky;H;-69,720;KG;59,43;-4143,46;CZK;VZ400199;;;;;;;PROCHAZ;5020 Výroba montáž
18.02.2026;18.02.2026;4900002015;6;2000;0001;1000233;Trubka ocelová 70x56;Ocel;261;Výdej do výrobní zakázky;H;-216,300;KG;20,71;-4479,57;CZK;VZ400199;;;;;;;KUCERAL;5020 Výroba montáž
18.02.2026;18.02.2026;4900002036;1;1000;0003;5000145;Hydraulický agregát D249;Hotový výrobek;131;Příjem z výroby;S;9,000;KS;13840,02;124560,18;CZK;VZ400211;;;SV4054;;;;DVORAKP;5020 Výroba montáž
18.02.2026;18.02.2026;4900002315;1;1000;0003;5000102;Rám podvozkový C781;Hotový výrobek;601;Výdej při dodání zákazníkovi;H;-8,000;KS;8502,51;-68020,08;CZK;;;Vítkovice Machinery;SV8152;105297,51;68020,08;23332,40;CERNAT;6010 Expedice
18.02.2026;18.02.2026;4900002324;1;1000;0003;5000148;Konzole montážní A793;Hotový výrobek;601;Výdej při dodání zákazníkovi;H;-19,000;KS;7570,47;-143838,93;CZK;;;Mubea CZ s.r.o.;SV9722;213744,32;143838,93;42983,60;SVOBODM;6010 Expedice
18.02.2026;18.02.2026;4900002389;1;1000;0003;5000102;Rám podvozkový C781;Hotový výrobek;601;Výdej při dodání zákazníkovi;H;-42,000;KS;8502,51;-357105,42;CZK;;;Hella Autotechnik Nova;SV8880;495918,28;357105,42;105669,12;VESELAM;6010 Expedice
18.02.2026;18.02.2026;4900002445;1;2000;0003;5000134;Dopravník pásový E794;Hotový výrobek;601;Výdej při dodání zákazníkovi;H;-10,000;KS;1976,93;-19769,30;CZK;;;Škoda Auto a.s.;SV1908;27886,23;19769,30;5194,74;HORAKT;6010 Expedice
18.02.2026;18.02.2026;4900002518;1;1000;0003;5000145;Hydraulický agregát D249;Hotový výrobek;601;Výdej při dodání zákazníkovi;H;-4,000;KS;13840,02;-55360,08;CZK;;;Strojírny Prostějov a.s.;SV1855;80834,96;55360,08;16956,90;NOVAKJ;6010 Expedice
18.02.2026;18.02.2026;4900002544;1;2000;0003;5000120;Čerpadlo odstředivé C541;Hotový výrobek;601;Výdej při dodání zákazníkovi;H;-15,000;KS;10850,00;-162750,00;CZK;;;Magna Exteriors Bohemia;SV5766;241412,60;162750,00;53936,18;SVOBODM;6010 Expedice
18.02.2026;18.02.2026;4900002560;1;2000;0003;5000128;Konzole montážní E878;Hotový výrobek;601;Výdej při dodání zákazníkovi;H;-2,000;KS;2954,77;-5909,54;CZK;;;Linet spol. s r.o.;SV5938;9401,19;5909,54;1731,25;DVORAKP;6010 Expedice
19.02.2026;19.02.2026;4900000006;1;1000;0001;1000100;Trubka ocelová 100x79;Ocel;101;Příjem zboží na objednávku;S;630,870;KG;34,31;21645,15;CZK;;Plastika Nitra a.s.;;SN1886;;;;SVOBODM;4010 Nákup
19.02.2026;19.02.2026;4900000298;1;2000;0001;1000153;Nýt 52x57;Spojovací materiál;101;Příjem zboží na objednávku;S;242,090;KS;13,98;3384,42;CZK;;Bossard CZ s.r.o.;;SN1260;;;;DVORAKP;4010 Nákup
19.02.2026;19.02.2026;4900000532;1;2000;0001;1000194;Stykač 41 A;Elektro;101;Příjem zboží na objednávku;S;459,350;KS;573,85;263598,00;CZK;;Lapp Kabel s.r.o.;;SN1882;;;;CERNAT;4010 Nákup
19.02.2026;19.02.2026;4900000695;1;1000;0001;1000224;Lak polyuretanový RAL 6011;Nátěry a chemie;101;Příjem zboží na objednávku;S;1889,270;L;165,51;312693,08;CZK;;ABB s.r.o.;;SN1370;;;;PROCHAZ;4010 Nákup
19.02.2026;19.02.2026;4900001212;1;1000;0001;1000317;Plech ocelový 81 mm;Ocel;101;Příjem zboží na objednávku;S;1400,150;KG;28,83;40366,32;CZK;;Resinex CZ s.r.o.;;SN4083;;;;CERNAT;4010 Nákup
19.02.2026;19.02.2026;4900001268;1;1000;0001;1000327;Stykač 56 A;Elektro;101;Příjem zboží na objednávku;S;1031,830;KS;238,71;246308,14;CZK;;Hilti ČR s.r.o.;;SN9885;;;;HORAKT;4010 Nákup
19.02.2026;19.02.2026;4900001358;1;2000;0001;1000344;Tlumič gumový 31;Těsnění a guma;101;Příjem zboží na objednávku;S;1083,600;KS;11,20;12136,32;CZK;;Hennlich s.r.o.;;SN9670;;;;NOVAKJ;4010 Nákup
19.02.2026;19.02.2026;4900001443;1;2000;0001;1000361;Deska PP 28 mm;Plasty;101;Příjem zboží na objednávku;S;1793,520;KG;68,57;122981,67;CZK;;Plastika Nitra a.s.;;SN4381;;;;HORAKT;4010 Nákup
19.02.2026;19.02.2026;4900001454;1;2000;0001;1000363;Kolík 119x35;Spojovací materiál;101;Příjem zboží na objednávku;S;1032,500;KS;5,72;5905,90;CZK;;Elektro Cabel CZ;;SN6013;;;;KUCERAL;4010 Nákup
19.02.2026;19.02.2026;4900001554;1;2000;0001;1000380;Profil U 111;Ocel;101;Příjem zboží na objednávku;S;280,580;KG;24,59;6899,46;CZK;;Schneider Electric CZ;;SN4520;;;;DVORAKP;4010 Nákup
19.02.2026;19.02.2026;4900001672;1;2000;0003;5000124;Dopravník pásový A794;Hotový výrobek;131;Příjem z výroby;S;27,000;KS;1487,77;40169,79;CZK;VZ400007;;;SV6164;;;;PROCHAZ;5020 Výroba montáž
19.02.2026;19.02.2026;4900001731;1;2000;0003;5000123;Skříň rozvaděče F976;Hotový výrobek;131;Příjem z výroby;S;15,000;KS;9763,80;146457,00;CZK;VZ400036;;;SV4381;;;;HORAKT;5020 Výroba montáž
19.02.2026;19.02.2026;4900001751;1;2000;0001;1000248;Trubka Al 51 mm;Hliník;261;Výdej do výrobní zakázky;H;-148,680;KG;67,47;-10031,44;CZK;VZ400046;;;;;;;CERNAT;5020 Výroba montáž
19.02.2026;19.02.2026;4900001751;2;2000;0001;1000307;Matice M93;Spojovací materiál;261;Výdej do výrobní zakázky;H;-173,880;KS;6,22;-1081,53;CZK;VZ400046;;;;;;;CERNAT;5030 Výroba obrábění
19.02.2026;19.02.2026;4900001751;3;2000;0001;1000286;Kolík 71x53;Spojovací materiál;261;Výdej do výrobní zakázky;H;-224,070;KS;3,28;-734,95;CZK;VZ400046;;;;;;;CERNAT;5020 Výroba montáž
19.02.2026;19.02.2026;4900001751;4;2000;0001;1000379;O-kroužek 24 mm;Těsnění a guma;261;Výdej do výrobní zakázky;H;-102,480;KS;10,55;-1081,16;CZK;VZ400046;;;;;;;VESELAM;5030 Výroba obrábění
19.02.2026;19.02.2026;4900001751;5;2000;0001;1000107;Profil U 83;Ocel;261;Výdej do výrobní zakázky;H;-146,790;KG;26,39;-3873,79;CZK;VZ400046;;;;;;;SVOBODM;5020 Výroba montáž
19.02.2026;19.02.2026;4900001751;6;2000;0001;1000184;Profil U 96;Ocel;261;Výdej do výrobní zakázky;H;-134,820;KG;20,09;-2708,53;CZK;VZ400046;;;;;;;KUCERAL;5030 Výroba obrábění
19.02.2026;19.02.2026;4900001784;1;1000;0001;1000301;Lak polyuretanový RAL 5010;Nátěry a chemie;261;Výdej do výrobní zakázky;H;-46,200;L;339,05;-15664,11;CZK;VZ400061;;;;;;;NOVAKJ;5030 Výroba obrábění
19.02.2026;19.02.2026;4900001784;2;1000;0001;1000373;Tyč kruhová 44 mm;Ocel;261;Výdej do výrobní zakázky;H;-192,850;KG;31,69;-6111,42;CZK;VZ400061;;;;;;;HORAKT;5020 Výroba montáž
19.02.2026;19.02.2026;4900001784;3;1000;0001;1000395;Profil Al 33x47;Hliník;261;Výdej do výrobní zakázky;H;-78,050;KG;128,86;-10057,52;CZK;VZ400061;;;;;;;CERNAT;5030 Výroba obrábění
19.02.2026;19.02.2026;4900001784;4;1000;0001;1000322;Lak polyuretanový RAL 7035;Nátěry a chemie;261;Výdej do výrobní zakázky;H;-270,200;L;219,04;-59184,61;CZK;VZ400061;;;;;;;NOVAKJ;5030 Výroba obrábění
19.02.2026;19.02.2026;4900001784;5;1000;0001;1000183;O-kroužek 107 mm;Těsnění a guma;261;Výdej do výrobní zakázky;H;-51,800;KS;51,09;-2646,46;CZK;VZ400061;;;;;;;CERNAT;5030 Výroba obrábění
19.02.2026;19.02.2026;4900001784;6;1000;0001;1000299;Čidlo indukční 99 mm;Elektro;261;Výdej do výrobní zakázky;H;-122,150;KS;576,77;-70452,46;CZK;VZ400061;;;;;;;VESELAM;5030 Výroba obrábění
19.02.2026;19.02.2026;4900001840;1;1000;0001;1000155;Těsnění ploché 95 mm;Těsnění a guma;261;Výdej do výrobní zakázky;H;-78,960;KS;30,84;-2435,13;CZK;VZ400088;;;;;;;DVORAKP;5030 Výroba obrábění
19.02.2026;19.02.2026;4900001840;2;1000;0001;1000179;Granulát ABS 25;Plasty;261;Výdej do výrobní zakázky;H;-303,660;KG;54,80;-16640,57;CZK;VZ400088;;;;;;;SVOBODM;5030 Výroba obrábění
19.02.2026;19.02.2026;4900001840;3;1000;0001;1000250;Kabel CYKY 34x42;Elektro;261;Výdej do výrobní zakázky;H;-349,860;KS;795,46;-278299,64;CZK;VZ400088;;;;;;;CERNAT;5030 Výroba obrábění
19.02.2026;19.02.2026;4900001840;4;1000;0001;1000162;Manžeta 19x29;Těsnění a guma;261;Výdej do výrobní zakázky;H;-403,200;KS;19,44;-7838,21;CZK;VZ400088;;;;;;;NOVAKJ;5030 Výroba obrábění
19.02.2026;19.02.2026;4900001840;5;1000;0001;1000369;Kabel CYKY 69x15;Elektro;261;Výdej do výrobní zakázky;H;-264,600;KS;47,42;-12547,33;CZK;VZ400088;;;;;;;PROCHAZ;5020 Výroba montáž
19.02.2026;19.02.2026;4900001840;6;1000;0001;1000260;Těsnění ploché 87 mm;Těsnění a guma;261;Výdej do výrobní zakázky;H;-286,860;KS;22,51;-6457,22;CZK;VZ400088;;;;;;;DVORAKP;5020 Výroba montáž
19.02.2026;19.02.2026;4900001840;7;1000;0001;1000382;Deska PE 55 mm;Plasty;261;Výdej do výrobní zakázky;H;-55,860;KG;70,90;-3960,47;CZK;VZ400088;;;;;;;HORAKT;5030 Výroba obrábění
19.02.2026;19.02.2026;4900001872;1;1000;0001;1000300;Šroub M24x45;Spojovací materiál;261;Výdej do výrobní zakázky;H;-141,450;KS;2,77;-391,82;CZK;VZ400107;;;;;;;SVOBODM;5020 Výroba montáž
19.02.2026;19.02.2026;4900001872;2;1000;0001;1000142;Plech ocelový 112 mm;Ocel;261;Výdej do výrobní zakázky;H;-24,150;KG;31,94;-771,35;CZK;VZ400107;;;;;;;PROCHAZ;5030 Výroba obrábění
19.02.2026;19.02.2026;4900001872;3;1000;0001;1000172;Deska PE 85 mm;Plasty;261;Výdej do výrobní zakázky;H;-61,950;KG;44,67;-2767,31;CZK;VZ400107;;;;;;;NOVAKJ;5020 Výroba montáž
19.02.2026;19.02.2026;4900001872;4;1000;0001;1000353;Trubka Al 94 mm;Hliník;261;Výdej do výrobní zakázky;H;-33,300;KG;92,49;-3079,92;CZK;VZ400107;;;;;;;VESELAM;5020 Výroba montáž
19.02.2026;19.02.2026;4900001872;5;1000;0001;1000154;Ředidlo S38;Nátěry a chemie;261;Výdej do výrobní zakázky;H;-101,400;L;298,27;-30244,58;CZK;VZ400107;;;;;;;DVORAKP;5030 Výroba obrábění
19.02.2026;19.02.2026;4900001872;6;1000;0001;1000264;Motor 26 kW;Elektro;261;Výdej do výrobní zakázky;H;-167,400;KS;733,69;-122819,71;CZK;VZ400107;;;;;;;DVORAKP;5030 Výroba obrábění
19.02.2026;19.02.2026;4900001872;7;1000;0001;1000214;Deska PP 15 mm;Plasty;261;Výdej do výrobní zakázky;H;-24,150;KG;65,47;-1581,10;CZK;VZ400107;;;;;;;PROCHAZ;5020 Výroba montáž
19.02.2026;19.02.2026;4900001872;8;1000;0001;1000135;Jekl 3x3x76;Ocel;261;Výdej do výrobní zakázky;H;-100,500;KG;33,76;-3392,88;CZK;VZ400107;;;;;;;HORAKT;5030 Výroba obrábění
19.02.2026;19.02.2026;4900001944;1;1000;0003;5000148;Konzole montážní A793;Hotový výrobek;131;Příjem z výroby;S;13,000;KS;7570,47;98416,11;CZK;VZ400153;;;SV2175;;;;PROCHAZ;5020 Výroba montáž
19.02.2026;19.02.2026;4900001993;1;1000;0001;1000380;Profil U 111;Ocel;261;Výdej do výrobní zakázky;H;-22,880;KG;24,59;-562,62;CZK;VZ400184;;;;;;;SVOBODM;5020 Výroba montáž
19.02.2026;19.02.2026;4900001993;2;1000;0001;1000215;Motor 73 kW;Elektro;261;Výdej do výrobní zakázky;H;-82,170;KS;175,44;-14415,90;CZK;VZ400184;;;;;;;NOVAKJ;5020 Výroba montáž
19.02.2026;19.02.2026;4900001993;3;1000;0001;1000325;Trubka Al 2 mm;Hliník;261;Výdej do výrobní zakázky;H;-9,240;KG;72,94;-673,97;CZK;VZ400184;;;;;;;DVORAKP;5020 Výroba montáž
19.02.2026;19.02.2026;4900001993;4;1000;0001;1000280;Lak polyuretanový RAL 5010;Nátěry a chemie;261;Výdej do výrobní zakázky;H;-56,760;L;269,15;-15276,95;CZK;VZ400184;;;;;;;HORAKT;5020 Výroba montáž
19.02.2026;19.02.2026;4900001993;5;1000;0001;1000165;Deska PE 38 mm;Plasty;261;Výdej do výrobní zakázky;H;-10,780;KG;43,33;-467,10;CZK;VZ400184;;;;;;;KUCERAL;5030 Výroba obrábění
19.02.2026;19.02.2026;4900001993;6;1000;0001;1000224;Lak polyuretanový RAL 6011;Nátěry a chemie;261;Výdej do výrobní zakázky;H;-29,040;L;165,51;-4806,41;CZK;VZ400184;;;;;;;DVORAKP;5030 Výroba obrábění
19.02.2026;19.02.2026;4900002195;1;2000;0003;5000124;Dopravník pásový A794;Hotový výrobek;601;Výdej při dodání zákazníkovi;H;-25,000;KS;1487,77;-37194,25;CZK;;;Vítkovice Machinery;SV4577;55260,25;37194,25;12418,88;KUCERAL;6010 Expedice
19.02.2026;19.02.2026;4900002379;1;1000;0003;5000111;Převodovka šneková F683;Hotový výrobek;601;Výdej při dodání zákazníkovi;H;-7,000;KS;6903,87;-48327,09;CZK;;;Juta a.s.;SV3358;70971,26;48327,09;16321,09;VESELAM;6010 Expedice
19.02.2026;19.02.2026;4900002400;1;1000;0003;5000115;Hydraulický agregát D743;Hotový výrobek;601;Výdej při dodání zákazníkovi;H;-44,000;KS;2017,76;-88781,44;CZK;;;Bosch Diesel s.r.o.;SV3620;130799,77;88781,44;28118,63;CERNAT;6010 Expedice
19.02.2026;19.02.2026;4900002478;1;2000;0003;5000132;Rám podvozkový C802;Hotový výrobek;601;Výdej při dodání zákazníkovi;H;-8,000;KS;1980,08;-15840,64;CZK;;;Brose CZ spol. s r.o.;SV5608;24624,10;15840,64;5358,08;PROCHAZ;6010 Expedice
19.02.2026;19.02.2026;4900002572;1;2000;0003;5000128;Konzole montážní E878;Hotový výrobek;601;Výdej při dodání zákazníkovi;H;-5,000;KS;2954,77;-14773,85;CZK;;;Mubea CZ s.r.o.;SV7744;23498,07;14773,85;4081,62;HORAKT;6010 Expedice
19.02.2026;19.02.2026;4900002625;1;1000;0001;1000100;Trubka ocelová 100x79;Ocel;102;Storno příjmu zboží;H;-630,870;KG;34,31;-21645,15;CZK;;Plastika Nitra a.s.;;SN1886;;;;SVOBODM;4010 Nákup
20.02.2026;20.02.2026;4900000065;1;1000;0001;1000111;Podložka 21;Spojovací materiál;101;Příjem zboží na objednávku;S;246,330;KS;16,00;3941,28;CZK;;Metalšrot Tlumačov;;SN1814;;;;PROCHAZ;4010 Nákup
20.02.2026;20.02.2026;4900000090;1;1000;0001;1000116;Deska PE 48 mm;Plasty;101;Příjem zboží na objednávku;S;1440,510;KG;75,62;108931,37;CZK;;Lapp Kabel s.r.o.;;SN7281;;;;VESELAM;4010 Nákup
20.02.2026;20.02.2026;4900000249;1;1000;0001;1000144;Deska PP 104 mm;Plasty;101;Příjem zboží na objednávku;S;1397,090;KG;75,68;105731,77;CZK;;Hilti ČR s.r.o.;;SN1788;;;;CERNAT;4010 Nákup
20.02.2026;20.02.2026;4900000250;1;1000;0001;1000144;Deska PP 104 mm;Plasty;101;Příjem zboží na objednávku;S;2141,320;KG;75,68;162055,10;CZK;;Elektro Cabel CZ;;SN5473;;;;CERNAT;4010 Nákup
20.02.2026;20.02.2026;4900000258;1;2000;0001;1000146;Kolík 36x56;Spojovací materiál;101;Příjem zboží na objednávku;S;649,350;KS;5,86;3805,19;CZK;;Metalšrot Tlumačov;;SN5810;;;;NOVAKJ;4010 Nákup
20.02.2026;20.02.2026;4900000339;1;2000;0001;1000159;Čidlo indukční 23 mm;Elektro;101;Příjem zboží na objednávku;S;838,820;KS;206,10;172880,80;CZK;;Killich s.r.o.;;SN8844;;;;VESELAM;4010 Nákup
20.02.2026;20.02.2026;4900000720;1;2000;0001;1000229;Motor 76 kW;Elektro;101;Příjem zboží na objednávku;S;754,510;KS;140,38;105918,11;CZK;;Siemens s.r.o.;;SN6951;;;;VESELAM;4010 Nákup
20.02.2026;20.02.2026;4900000863;1;1000;0001;1000253;Těsnění ploché 56 mm;Těsnění a guma;101;Příjem zboží na objednávku;S;297,760;KS;7,50;2233,20;CZK;;Metalšrot Tlumačov;;SN9630;;;;VESELAM;4010 Nákup
20.02.2026;20.02.2026;4900001007;1;2000;0001;1000282;Plech ocelový 15 mm;Ocel;101;Příjem zboží na objednávku;S;1445,360;KG;32,61;47133,19;CZK;;Colorlak a.s.;;SN7105;;;;DVORAKP;4010 Nákup
20.02.2026;20.02.2026;4900001076;1;1000;0001;1000293;Matice M3;Spojovací materiál;101;Příjem zboží na objednávku;S;670,820;KS;10,49;7036,90;CZK;;Rubena a.s.;;SN1424;;;;VESELAM;4010 Nákup
20.02.2026;20.02.2026;4900001204;1;1000;0001;1000316;Tlumič gumový 7;Těsnění a guma;101;Příjem zboží na objednávku;S;263,700;KS;67,08;17689,00;CZK;;Ferona a.s.;;SN1288;;;;NOVAKJ;4010 Nákup
20.02.2026;20.02.2026;4900001284;1;2000;0001;1000330;O-kroužek 39 mm;Těsnění a guma;101;Příjem zboží na objednávku;S;1148,020;KS;18,43;21158,01;CZK;;Hilti ČR s.r.o.;;SN5992;;;;DVORAKP;4010 Nákup
20.02.2026;20.02.2026;4900001318;1;1000;0001;1000338;Jekl 47x47x4;Ocel;101;Příjem zboží na objednávku;S;1535,900;KG;41,33;63478,75;CZK;;Resinex CZ s.r.o.;;SN2352;;;;NOVAKJ;4010 Nákup
20.02.2026;20.02.2026;4900001543;1;2000;0001;1000378;Základní barva RAL 6011;Nátěry a chemie;101;Příjem zboží na objednávku;S;286,000;L;99,53;28465,58;CZK;;PPG Deco Czech;;SN1750;;;;VESELAM;4010 Nákup
20.02.2026;20.02.2026;4900001785;1;1000;0003;5000129;Ventilová jednotka F138;Hotový výrobek;131;Příjem z výroby;S;35,000;KS;5816,31;203570,85;CZK;VZ400061;;;SV3394;;;;KUCERAL;5020 Výroba montáž
20.02.2026;20.02.2026;4900001826;1;2000;0001;1000192;Plech Al 70 mm;Hliník;261;Výdej do výrobní zakázky;H;-238,080;KG;121,62;-28955,29;CZK;VZ400081;;;;;;;DVORAKP;5020 Výroba montáž
20.02.2026;20.02.2026;4900001826;2;2000;0001;1000259;Základní barva RAL 3020;Nátěry a chemie;261;Výdej do výrobní zakázky;H;-96,320;L;236,85;-22813,39;CZK;VZ400081;;;;;;;PROCHAZ;5020 Výroba montáž
20.02.2026;20.02.2026;4900001826;3;2000;0001;1000247;Profil U 55;Ocel;261;Výdej do výrobní zakázky;H;-150,080;KG;23,08;-3463,85;CZK;VZ400081;;;;;;;PROCHAZ;5030 Výroba obrábění
20.02.2026;20.02.2026;4900001826;4;2000;0001;1000309;Tlumič gumový 24;Těsnění a guma;261;Výdej do výrobní zakázky;H;-36,800;KS;42,90;-1578,72;CZK;VZ400081;;;;;;;PROCHAZ;5020 Výroba montáž
20.02.2026;20.02.2026;4900001826;5;2000;0001;1000362;Frekvenční měnič 17 kW;Elektro;261;Výdej do výrobní zakázky;H;-371,840;KS;512,26;-190478,76;CZK;VZ400081;;;;;;;PROCHAZ;5030 Výroba obrábění
20.02.2026;20.02.2026;4900001826;6;2000;0001;1000380;Profil U 111;Ocel;261;Výdej do výrobní zakázky;H;-125,120;KG;24,59;-3076,70;CZK;VZ400081;;;;;;;CERNAT;5030 Výroba obrábění
20.02.2026;20.02.2026;4900001826;7;2000;0001;1000130;Deska PE 105 mm;Plasty;261;Výdej do výrobní zakázky;H;-163,200;KG;64,17;-10472,54;CZK;VZ400081;;;;;;;SVOBODM;5030 Výroba obrábění
20.02.2026;20.02.2026;4900001826;8;2000;0001;1000278;Frekvenční měnič 11 kW;Elektro;261;Výdej do výrobní zakázky;H;-38,400;KS;659,54;-25326,34;CZK;VZ400081;;;;;;;DVORAKP;5030 Výroba obrábění
20.02.2026;20.02.2026;4900001873;1;1000;0003;5000145;Hydraulický agregát D249;Hotový výrobek;131;Příjem z výroby;S;15,000;KS;13840,02;207600,30;CZK;VZ400107;;;SV8885;;;;KUCERAL;5020 Výroba montáž
20.02.2026;20.02.2026;4900001994;1;1000;0003;5000143;Skříň rozvaděče B530;Hotový výrobek;131;Příjem z výroby;S;11,000;KS;3905,26;42957,86;CZK;VZ400184;;;SV5312;;;;DVORAKP;5020 Výroba montáž
20.02.2026;20.02.2026;4900002009;1;1000;0001;1000155;Těsnění ploché 95 mm;Těsnění a guma;261;Výdej do výrobní zakázky;H;-7,520;KS;30,84;-231,92;CZK;VZ400193;;;;;;;NOVAKJ;5030 Výroba obrábění
20.02.2026;20.02.2026;4900002009;2;1000;0001;1000179;Granulát ABS 25;Plasty;261;Výdej do výrobní zakázky;H;-28,920;KG;54,80;-1584,82;CZK;VZ400193;;;;;;;SVOBODM;5020 Výroba montáž
20.02.2026;20.02.2026;4900002009;3;1000;0001;1000250;Kabel CYKY 34x42;Elektro;261;Výdej do výrobní zakázky;H;-33,320;KS;795,46;-26504,73;CZK;VZ400193;;;;;;;NOVAKJ;5020 Výroba montáž
20.02.2026;20.02.2026;4900002009;4;1000;0001;1000162;Manžeta 19x29;Těsnění a guma;261;Výdej do výrobní zakázky;H;-38,400;KS;19,44;-746,50;CZK;VZ400193;;;;;;;PROCHAZ;5020 Výroba montáž
20.02.2026;20.02.2026;4900002009;5;1000;0001;1000369;Kabel CYKY 69x15;Elektro;261;Výdej do výrobní zakázky;H;-25,200;KS;47,42;-1194,98;CZK;VZ400193;;;;;;;NOVAKJ;5020 Výroba montáž
20.02.2026;20.02.2026;4900002009;6;1000;0001;1000260;Těsnění ploché 87 mm;Těsnění a guma;261;Výdej do výrobní zakázky;H;-27,320;KS;22,51;-614,97;CZK;VZ400193;;;;;;;VESELAM;5020 Výroba montáž
20.02.2026;20.02.2026;4900002009;7;1000;0001;1000382;Deska PE 55 mm;Plasty;261;Výdej do výrobní zakázky;H;-5,320;KG;70,90;-377,19;CZK;VZ400193;;;;;;;NOVAKJ;5020 Výroba montáž
20.02.2026;20.02.2026;4900002225;1;2000;0003;5000123;Skříň rozvaděče F976;Hotový výrobek;601;Výdej při dodání zákazníkovi;H;-8,000;KS;9763,80;-78110,40;CZK;;;Vítkovice Machinery;SV1427;83685,94;78110,40;19147,99;NOVAKJ;6010 Expedice
20.02.2026;20.02.2026;4900002280;1;2000;0003;5000135;Hydraulický agregát F221;Hotový výrobek;601;Výdej při dodání zákazníkovi;H;-31,000;KS;7365,30;-228324,30;CZK;;;Vítkovice Machinery;SV3318;297034,08;228324,30;60629,51;DVORAKP;6010 Expedice
20.02.2026;20.02.2026;4900002391;1;2000;0003;5000122;Rám podvozkový E427;Hotový výrobek;601;Výdej při dodání zákazníkovi;H;-5,000;KS;5207,47;-26037,35;CZK;;;Witte Automotive;SV8347;37645,94;26037,35;6580,16;KUCERAL;6010 Expedice
20.02.2026;20.02.2026;4900002417;1;1000;0003;5000101;Převodovka šneková B301;Hotový výrobek;601;Výdej při dodání zákazníkovi;H;-5,000;KS;9813,50;-49067,50;CZK;;;Hella Autotechnik Nova;SV4509;62892,74;49067,50;13680,98;CERNAT;6010 Expedice
20.02.2026;20.02.2026;4900002510;1;2000;0003;5000123;Skříň rozvaděče F976;Hotový výrobek;601;Výdej při dodání zákazníkovi;H;-18,000;KS;9763,80;-175748,40;CZK;;;Hella Autotechnik Nova;SV9594;157474,48;175748,40;26819,39;SVOBODM;6010 Expedice
23.02.2026;23.02.2026;4900000072;1;1000;0001;1000113;Těsnění ploché 115 mm;Těsnění a guma;101;Příjem zboží na objednávku;S;215,990;KS;13,01;2810,03;CZK;;ABB s.r.o.;;SN4471;;;;SVOBODM;4010 Nákup
23.02.2026;23.02.2026;4900000105;1;1000;0001;1000118;Kolík 35x36;Spojovací materiál;101;Příjem zboží na objednávku;S;524,240;KS;6,62;3470,47;CZK;;Trelleborg Bohemia;;SN9997;;;;SVOBODM;4010 Nákup
23.02.2026;23.02.2026;4900000129;1;1000;0001;1000122;Trubka Al 54 mm;Hliník;101;Příjem zboží na objednávku;S;2152,130;KG;99,64;214438,23;CZK;;Fabory CZ;;SN2071;;;;CERNAT;4010 Nákup
23.02.2026;23.02.2026;4900000203;1;1000;0001;1000137;Deska PE 65 mm;Plasty;101;Příjem zboží na objednávku;S;594,090;KG;63,92;37974,23;CZK;;Rubena a.s.;;SN3357;;;;SVOBODM;4010 Nákup
23.02.2026;23.02.2026;4900000224;1;2000;0001;1000140;Lak polyuretanový RAL 3020;Nátěry a chemie;101;Příjem zboží na objednávku;S;658,980;L;129,92;85614,68;CZK;;Bibus s.r.o.;;SN9070;;;;KUCERAL;4010 Nákup
23.02.2026;23.02.2026;4900000264;1;2000;0001;1000147;Lak polyuretanový RAL 9005;Nátěry a chemie;101;Příjem zboží na objednávku;S;1753,220;L;140,57;246450,14;CZK;;Wurth s.r.o.;;SN3106;;;;CERNAT;4010 Nákup
23.02.2026;23.02.2026;4900000313;1;2000;0001;1000156;Trubka ocelová 22x42;Ocel;101;Příjem zboží na objednávku;S;1923,510;KG;38,26;73593,49;CZK;;Trelleborg Bohemia;;SN3067;;;;KUCERAL;4010 Nákup
23.02.2026;23.02.2026;4900000342;1;1000;0001;1000160;Podložka 6;Spojovací materiál;101;Příjem zboží na objednávku;S;169,830;KS;7,02;1192,21;CZK;;ABB s.r.o.;;SN9383;;;;HORAKT;4010 Nákup
23.02.2026;23.02.2026;4900000363;1;1000;0001;1000164;Profil Al 16x61;Hliník;101;Příjem zboží na objednávku;S;1075,500;KG;109,59;117864,04;CZK;;Ferona a.s.;;SN2373;;;;SVOBODM;4010 Nákup
23.02.2026;23.02.2026;4900000571;1;1000;0001;1000200;Deska PE 42 mm;Plasty;101;Příjem zboží na objednávku;S;2086,050;KG;93,92;195921,82;CZK;;Fabory CZ;;SN2559;;;;HORAKT;4010 Nákup
23.02.2026;23.02.2026;4900000705;1;2000;0001;1000226;Profil U 4;Ocel;101;Příjem zboží na objednávku;S;1953,960;KG;27,36;53460,35;CZK;;PPG Deco Czech;;SN1400;;;;HORAKT;4010 Nákup
23.02.2026;23.02.2026;4900000862;1;1000;0001;1000253;Těsnění ploché 56 mm;Těsnění a guma;101;Příjem zboží na objednávku;S;743,670;KS;7,50;5577,52;CZK;;Wurth s.r.o.;;SN8651;;;;SVOBODM;4010 Nákup
23.02.2026;23.02.2026;4900001172;1;2000;0001;1000310;Jekl 41x41x61;Ocel;101;Příjem zboží na objednávku;S;1864,650;KG;25,01;46634,90;CZK;;ESSA Czech;;SN3667;;;;PROCHAZ;4010 Nákup
23.02.2026;23.02.2026;4900001233;1;2000;0001;1000322;Lak polyuretanový RAL 7035;Nátěry a chemie;101;Příjem zboží na objednávku;S;834,460;L;219,04;182780,12;CZK;;Killich s.r.o.;;SN7813;;;;SVOBODM;4010 Nákup
23.02.2026;23.02.2026;4900001334;1;2000;0001;1000341;Motor 96 kW;Elektro;101;Příjem zboží na objednávku;S;497,140;KS;613,57;305030,19;CZK;;Schneider Electric CZ;;SN1421;;;;NOVAKJ;4010 Nákup
23.02.2026;23.02.2026;4900001376;1;2000;0001;1000347;Granulát ABS 90;Plasty;101;Příjem zboží na objednávku;S;832,890;KG;65,34;54421,03;CZK;;Resinex CZ s.r.o.;;SN5045;;;;SVOBODM;4010 Nákup
23.02.2026;23.02.2026;4900001490;1;1000;0001;1000368;Deska PE 52 mm;Plasty;101;Příjem zboží na objednávku;S;1518,880;KG;65,30;99182,86;CZK;;Colorlak a.s.;;SN5235;;;;SVOBODM;4010 Nákup
23.02.2026;23.02.2026;4900001610;1;2000;0001;1000390;Frekvenční měnič 119 kW;Elektro;101;Příjem zboží na objednávku;S;919,090;KS;680,45;625394,79;CZK;;Bossard CZ s.r.o.;;SN1564;;;;HORAKT;4010 Nákup
23.02.2026;23.02.2026;4900001659;1;1000;0003;5000103;Skříň rozvaděče D186;Hotový výrobek;131;Příjem z výroby;S;43,000;KS;8539,73;367208,39;CZK;VZ400001;;;SV9340;;;;CERNAT;5020 Výroba montáž
23.02.2026;23.02.2026;4900001827;1;2000;0003;5000131;Převodovka šneková B156;Hotový výrobek;131;Příjem z výroby;S;32,000;KS;10607,58;339442,56;CZK;VZ400081;;;SV9644;;;;HORAKT;5020 Výroba montáž
23.02.2026;23.02.2026;4900001841;1;1000;0003;5000101;Převodovka šneková B301;Hotový výrobek;131;Příjem z výroby;S;42,000;KS;9813,50;412167,00;CZK;VZ400088;;;SV6263;;;;VESELAM;5020 Výroba montáž
23.02.2026;23.02.2026;4900001916;1;1000;0001;1000155;Těsnění ploché 95 mm;Těsnění a guma;261;Výdej do výrobní zakázky;H;-20,680;KS;30,84;-637,77;CZK;VZ400134;;;;;;;NOVAKJ;5030 Výroba obrábění
23.02.2026;23.02.2026;4900001916;2;1000;0001;1000179;Granulát ABS 25;Plasty;261;Výdej do výrobní zakázky;H;-79,530;KG;54,80;-4358,24;CZK;VZ400134;;;;;;;PROCHAZ;5030 Výroba obrábění
23.02.2026;23.02.2026;4900001916;3;1000;0001;1000250;Kabel CYKY 34x42;Elektro;261;Výdej do výrobní zakázky;H;-91,630;KS;795,46;-72888,00;CZK;VZ400134;;;;;;;DVORAKP;5020 Výroba montáž
23.02.2026;23.02.2026;4900001916;4;1000;0001;1000162;Manžeta 19x29;Těsnění a guma;261;Výdej do výrobní zakázky;H;-105,600;KS;19,44;-2052,86;CZK;VZ400134;;;;;;;CERNAT;5030 Výroba obrábění
23.02.2026;23.02.2026;4900001916;5;1000;0001;1000369;Kabel CYKY 69x15;Elektro;261;Výdej do výrobní zakázky;H;-69,300;KS;47,42;-3286,21;CZK;VZ400134;;;;;;;DVORAKP;5030 Výroba obrábění
23.02.2026;23.02.2026;4900001916;6;1000;0001;1000260;Těsnění ploché 87 mm;Těsnění a guma;261;Výdej do výrobní zakázky;H;-75,130;KS;22,51;-1691,18;CZK;VZ400134;;;;;;;CERNAT;5030 Výroba obrábění
23.02.2026;23.02.2026;4900001916;7;1000;0001;1000382;Deska PE 55 mm;Plasty;261;Výdej do výrobní zakázky;H;-14,630;KG;70,90;-1037,27;CZK;VZ400134;;;;;;;PROCHAZ;5020 Výroba montáž
23.02.2026;23.02.2026;4900002008;1;1000;0003;5000103;Skříň rozvaděče D186;Hotový výrobek;131;Příjem z výroby;S;15,000;KS;8539,73;128095,95;CZK;VZ400192;;;SV8230;;;;NOVAKJ;5020 Výroba montáž
23.02.2026;23.02.2026;4900002016;1;2000;0003;5000120;Čerpadlo odstředivé C541;Hotový výrobek;131;Příjem z výroby;S;42,000;KS;10850,00;455700,00;CZK;VZ400199;;;SV2898;;;;DVORAKP;5020 Výroba montáž
23.02.2026;23.02.2026;4900002045;1;1000;0001;1000109;Granulát PA6 108;Plasty;261;Výdej do výrobní zakázky;H;-158,600;KG;65,68;-10416,85;CZK;VZ400217;;;;;;;DVORAKP;5030 Výroba obrábění
23.02.2026;23.02.2026;4900002045;2;1000;0001;1000179;Granulát ABS 25;Plasty;261;Výdej do výrobní zakázky;H;-20,020;KG;54,80;-1097,10;CZK;VZ400217;;;;;;;CERNAT;5020 Výroba montáž
23.02.2026;23.02.2026;4900002045;3;1000;0001;1000358;Tlumič gumový 49;Těsnění a guma;261;Výdej do výrobní zakázky;H;-91,000;KS;45,51;-4141,41;CZK;VZ400217;;;;;;;HORAKT;5020 Výroba montáž
23.02.2026;23.02.2026;4900002045;4;1000;0001;1000138;Frekvenční měnič 18 kW;Elektro;261;Výdej do výrobní zakázky;H;-284,960;KS;423,21;-120597,92;CZK;VZ400217;;;;;;;CERNAT;5030 Výroba obrábění
23.02.2026;23.02.2026;4900002045;5;1000;0001;1000348;Motor 108 kW;Elektro;261;Výdej do výrobní zakázky;H;-29,120;KS;739,67;-21539,19;CZK;VZ400217;;;;;;;HORAKT;5030 Výroba obrábění
23.02.2026;23.02.2026;4900002226;1;2000;0003;5000123;Skříň rozvaděče F976;Hotový výrobek;601;Výdej při dodání zákazníkovi;H;-7,000;KS;9763,80;-68346,60;CZK;;;Linet spol. s r.o.;SV4600;73983,65;68346,60;13194,86;NOVAKJ;6010 Expedice
23.02.2026;23.02.2026;4900002251;1;2000;0003;5000106;Svařenec nosný A522;Hotový výrobek;601;Výdej při dodání zákazníkovi;H;-9,000;KS;2684,98;-24164,82;CZK;;;Agrostroj Pelhřimov a.s.;SV3831;33282,02;24164,82;5670,01;PROCHAZ;6010 Expedice
23.02.2026;23.02.2026;4900002314;1;1000;0003;5000102;Rám podvozkový C781;Hotový výrobek;601;Výdej při dodání zákazníkovi;H;-4,000;KS;8502,51;-34010,04;CZK;;;Bosch Diesel s.r.o.;SV6764;54242,45;34010,04;12168,98;KUCERAL;6010 Expedice
23.02.2026;23.02.2026;4900002432;1;1000;0003;5000148;Konzole montážní A793;Hotový výrobek;601;Výdej při dodání zákazníkovi;H;-13,000;KS;7570,47;-98416,11;CZK;;;Juta a.s.;SV8625;148515,82;98416,11;25524,92;DVORAKP;6010 Expedice
23.02.2026;23.02.2026;4900002487;1;1000;0003;5000145;Hydraulický agregát D249;Hotový výrobek;601;Výdej při dodání zákazníkovi;H;-9,000;KS;13840,02;-124560,18;CZK;;;Vítkovice Machinery;SV8169;181825,38;124560,18;40135,28;PROCHAZ;6010 Expedice
23.02.2026;23.02.2026;4900002530;1;2000;0003;5000128;Konzole montážní E878;Hotový výrobek;601;Výdej při dodání zákazníkovi;H;-9,000;KS;2954,77;-26592,93;CZK;;;Škoda Auto a.s.;SV3227;42442,27;26592,93;9734,38;CERNAT;6010 Expedice
24.02.2026;24.02.2026;4900000059;1;2000;0001;1000110;Motor 70 kW;Elektro;101;Příjem zboží na objednávku;S;794,060;KS;215,98;171501,08;CZK;;ThyssenKrupp Ferrostal;;SN6612;;;;DVORAKP;4010 Nákup
24.02.2026;24.02.2026;4900000274;1;2000;0001;1000149;Trubka ocelová 66x16;Ocel;101;Příjem zboží na objednávku;S;1721,900;KG;25,21;43409,10;CZK;;Plastika Nitra a.s.;;SN7214;;;;NOVAKJ;4010 Nákup
24.02.2026;24.02.2026;4900000352;1;2000;0001;1000163;Tyč kruhová 7 mm;Ocel;101;Příjem zboží na objednávku;S;1333,490;KG;39,09;52126,12;CZK;;Schneider Electric CZ;;SN9250;;;;HORAKT;4010 Nákup
24.02.2026;24.02.2026;4900000359;1;1000;0001;1000164;Profil Al 16x61;Hliník;101;Příjem zboží na objednávku;S;1584,110;KG;109,59;173602,61;CZK;;Hilti ČR s.r.o.;;SN7342;;;;NOVAKJ;4010 Nákup
24.02.2026;24.02.2026;4900000423;1;1000;0001;1000174;Nýt 118x78;Spojovací materiál;101;Příjem zboží na objednávku;S;136,830;KS;11,72;1603,65;CZK;;Metalšrot Tlumačov;;SN6380;;;;KUCERAL;4010 Nákup
24.02.2026;24.02.2026;4900000780;1;2000;0001;1000238;Lak polyuretanový RAL 9005;Nátěry a chemie;101;Příjem zboží na objednávku;S;1771,690;L;171,20;303313,33;CZK;;ESSA Czech;;SN4500;;;;NOVAKJ;4010 Nákup
24.02.2026;24.02.2026;4900001057;1;2000;0001;1000291;Deska PP 108 mm;Plasty;101;Příjem zboží na objednávku;S;1732,630;KG;68,24;118234,67;CZK;;Killich s.r.o.;;SN3618;;;;KUCERAL;4010 Nákup
24.02.2026;24.02.2026;4900001137;1;2000;0001;1000304;Plech Al 29 mm;Hliník;101;Příjem zboží na objednávku;S;923,810;KG;84,08;77673,94;CZK;;ThyssenKrupp Ferrostal;;SN3953;;;;DVORAKP;4010 Nákup
24.02.2026;24.02.2026;4900001148;1;1000;0001;1000306;Motor 8 kW;Elektro;101;Příjem zboží na objednávku;S;1194,240;KS;611,12;729823,95;CZK;;Alumat s.r.o.;;SN4447;;;;DVORAKP;4010 Nákup
24.02.2026;24.02.2026;4900001173;1;2000;0001;1000310;Jekl 41x41x61;Ocel;101;Příjem zboží na objednávku;S;1652,590;KG;25,01;41331,28;CZK;;PPG Deco Czech;;SN9213;;;;DVORAKP;4010 Nákup
24.02.2026;24.02.2026;4900001315;1;1000;0001;1000337;Manžeta 46x18;Těsnění a guma;101;Příjem zboží na objednávku;S;205,010;KS;67,39;13815,62;CZK;;Siemens s.r.o.;;SN1899;;;;HORAKT;4010 Nákup
24.02.2026;24.02.2026;4900001501;1;2000;0001;1000369;Kabel CYKY 69x15;Elektro;101;Příjem zboží na objednávku;S;720,880;KS;47,42;34184,13;CZK;;Rubena a.s.;;SN5183;;;;KUCERAL;4010 Nákup
24.02.2026;24.02.2026;4900001584;1;1000;0001;1000386;Těsnění ploché 105 mm;Těsnění a guma;101;Příjem zboží na objednávku;S;232,610;KS;52,47;12205,05;CZK;;Bossard CZ s.r.o.;;SN9015;;;;VESELAM;4010 Nákup
24.02.2026;24.02.2026;4900001752;1;2000;0003;5000100;Čerpadlo odstředivé A594;Hotový výrobek;131;Příjem z výroby;S;21,000;KS;1079,41;22667,61;CZK;VZ400046;;;SV1549;;;;CERNAT;5020 Výroba montáž
24.02.2026;24.02.2026;4900002012;1;2000;0003;5000131;Převodovka šneková B156;Hotový výrobek;131;Příjem z výroby;S;14,000;KS;10607,58;148506,12;CZK;VZ400195;;;SV5716;;;;HORAKT;5020 Výroba montáž
24.02.2026;24.02.2026;4900002353;1;2000;0003;5000134;Dopravník pásový E794;Hotový výrobek;601;Výdej při dodání zákazníkovi;H;-7,000;KS;1976,93;-13838,51;CZK;;;Agrostroj Pelhřimov a.s.;SV9350;20379,12;13838,51;3625,31;KUCERAL;6010 Expedice
24.02.2026;24.02.2026;4900002355;1;1000;0003;5000149;Ventilová jednotka B989;Hotový výrobek;601;Výdej při dodání zákazníkovi;H;-15,000;KS;1674,23;-25113,45;CZK;;;Agrostroj Pelhřimov a.s.;SV6347;36176,09;25113,45;6882,09;HORAKT;6010 Expedice
24.02.2026;24.02.2026;4900002395;1;1000;0003;5000142;Rám podvozkový A874;Hotový výrobek;601;Výdej při dodání zákazníkovi;H;-3,000;KS;7208,74;-21626,22;CZK;;;Hanon Systems Autopal;SV2575;33122,80;21626,22;5663,95;DVORAKP;6010 Expedice
24.02.2026;24.02.2026;4900002446;1;1000;0003;5000143;Skříň rozvaděče B530;Hotový výrobek;601;Výdej při dodání zákazníkovi;H;-5,000;KS;3905,26;-19526,30;CZK;;;Škoda Auto a.s.;SV9878;28852,70;19526,30;6469,68;VESELAM;6010 Expedice
24.02.2026;24.02.2026;4900002459;1;2000;0003;5000137;Kryt převodovky B734;Hotový výrobek;601;Výdej při dodání zákazníkovi;H;-30,000;KS;4419,44;-132583,20;CZK;;;Linet spol. s r.o.;SV1931;193838,59;132583,20;37415,36;DVORAKP;6010 Expedice
24.02.2026;24.02.2026;4900002519;1;1000;0003;5000145;Hydraulický agregát D249;Hotový výrobek;601;Výdej při dodání zákazníkovi;H;-5,000;KS;13840,02;-69200,10;CZK;;;Hanon Systems Autopal;SV4068;96639,95;69200,10;20985,71;VESELAM;6010 Expedice
25.02.2026;25.02.2026;4900000003;1;1000;0001;1000100;Trubka ocelová 100x79;Ocel;101;Příjem zboží na objednávku;S;1265,870;KG;34,31;43432,00;CZK;;Plastika Nitra a.s.;;SN8913;;;;KUCERAL;4010 Nákup
25.02.2026;25.02.2026;4900000029;1;2000;0001;1000104;Nýt 57x11;Spojovací materiál;101;Příjem zboží na objednávku;S;1046,580;KS;5,48;5735,26;CZK;;Siemens s.r.o.;;SN8137;;;;VESELAM;4010 Nákup
25.02.2026;25.02.2026;4900000040;1;1000;0001;1000107;Profil U 83;Ocel;101;Příjem zboží na objednávku;S;910,810;KG;26,39;24036,28;CZK;;Siemens s.r.o.;;SN6150;;;;PROCHAZ;4010 Nákup
25.02.2026;25.02.2026;4900000230;1;2000;0001;1000141;Těsnění ploché 77 mm;Těsnění a guma;101;Příjem zboží na objednávku;S;999,370;KS;20,01;19997,39;CZK;;Resinex CZ s.r.o.;;SN7160;;;;CERNAT;4010 Nákup
25.02.2026;25.02.2026;4900000273;1;1000;0001;1000148;Tlumič gumový 44;Těsnění a guma;101;Příjem zboží na objednávku;S;267,780;KS;18,80;5034,26;CZK;;ArcelorMittal Distribution;;SN9474;;;;KUCERAL;4010 Nákup
25.02.2026;25.02.2026;4900000333;1;2000;0001;1000158;Deska PP 31 mm;Plasty;101;Příjem zboží na objednávku;S;1702,190;KG;75,68;128821,74;CZK;;ThyssenKrupp Ferrostal;;SN4796;;;;KUCERAL;4010 Nákup
25.02.2026;25.02.2026;4900000437;1;1000;0001;1000176;O-kroužek 27 mm;Těsnění a guma;101;Příjem zboží na objednávku;S;247,510;KS;39,62;9806,35;CZK;;Hilti ČR s.r.o.;;SN6878;;;;NOVAKJ;4010 Nákup
25.02.2026;25.02.2026;4900000562;1;2000;0001;1000199;Plech Al 25 mm;Hliník;101;Příjem zboží na objednávku;S;1433,290;KG;87,30;125126,22;CZK;;ArcelorMittal Distribution;;SN8210;;;;KUCERAL;4010 Nákup
25.02.2026;25.02.2026;4900000598;1;1000;0001;1000205;Trubka ocelová 6x21;Ocel;101;Příjem zboží na objednávku;S;1188,130;KG;20,71;24606,17;CZK;;Fabory CZ;;SN7445;;;;PROCHAZ;4010 Nákup
25.02.2026;25.02.2026;4900000901;1;1000;0001;1000260;Těsnění ploché 87 mm;Těsnění a guma;101;Příjem zboží na objednávku;S;892,020;KS;22,51;20079,37;CZK;;ThyssenKrupp Ferrostal;;SN7103;;;;CERNAT;4010 Nákup
25.02.2026;25.02.2026;4900000926;1;1000;0001;1000265;Šroub M101x50;Spojovací materiál;101;Příjem zboží na objednávku;S;312,040;KS;0,76;237,15;CZK;;Haberkorn s.r.o.;;SN7823;;;;NOVAKJ;4010 Nákup
25.02.2026;25.02.2026;4900000975;1;2000;0001;1000275;Jekl 98x98x65;Ocel;101;Příjem zboží na objednávku;S;1838,070;KG;34,85;64056,74;CZK;;Haberkorn s.r.o.;;SN1353;;;;CERNAT;4010 Nákup
25.02.2026;25.02.2026;4900000995;1;2000;0001;1000280;Lak polyuretanový RAL 5010;Nátěry a chemie;101;Příjem zboží na objednávku;S;213,600;L;269,15;57490,44;CZK;;Lapp Kabel s.r.o.;;SN2598;;;;PROCHAZ;4010 Nákup
25.02.2026;25.02.2026;4900001031;1;2000;0001;1000285;Čidlo indukční 55 mm;Elektro;101;Příjem zboží na objednávku;S;1194,760;KS;424,53;507211,46;CZK;;Alumat s.r.o.;;SN7933;;;;SVOBODM;4010 Nákup
25.02.2026;25.02.2026;4900001121;1;2000;0001;1000301;Lak polyuretanový RAL 5010;Nátěry a chemie;101;Příjem zboží na objednávku;S;1979,760;L;339,05;671237,63;CZK;;Schneider Electric CZ;;SN9751;;;;DVORAKP;4010 Nákup
25.02.2026;25.02.2026;4900001190;1;1000;0001;1000314;Šroub M107x51;Spojovací materiál;101;Příjem zboží na objednávku;S;555,380;KS;7,91;4393,06;CZK;;Lapp Kabel s.r.o.;;SN7994;;;;PROCHAZ;4010 Nákup
25.02.2026;25.02.2026;4900001394;1;2000;0001;1000351;O-kroužek 30 mm;Těsnění a guma;101;Příjem zboží na objednávku;S;612,030;KS;59,66;36513,71;CZK;;Siemens s.r.o.;;SN6969;;;;SVOBODM;4010 Nákup
25.02.2026;25.02.2026;4900001440;1;1000;0001;1000360;Profil Al 39x48;Hliník;101;Příjem zboží na objednávku;S;230,840;KG;81,97;18921,95;CZK;;Metalšrot Tlumačov;;SN8655;;;;PROCHAZ;4010 Nákup
25.02.2026;25.02.2026;4900001508;1;2000;0001;1000372;Těsnění ploché 33 mm;Těsnění a guma;101;Příjem zboží na objednávku;S;596,610;KS;46,29;27617,08;CZK;;Metalšrot Tlumačov;;SN3598;;;;CERNAT;4010 Nákup
25.02.2026;25.02.2026;4900001518;1;2000;0001;1000375;Deska PE 101 mm;Plasty;101;Příjem zboží na objednávku;S;1746,710;KG;63,57;111038,35;CZK;;Rubena a.s.;;SN6642;;;;CERNAT;4010 Nákup
25.02.2026;25.02.2026;4900001745;1;2000;0001;1000271;Čidlo indukční 75 mm;Elektro;261;Výdej do výrobní zakázky;H;-272,100;KS;119,80;-32597,58;CZK;VZ400043;;;;;;;DVORAKP;5030 Výroba obrábění
25.02.2026;25.02.2026;4900001745;2;2000;0001;1000382;Deska PE 55 mm;Plasty;261;Výdej do výrobní zakázky;H;-183,300;KG;70,90;-12995,97;CZK;VZ400043;;;;;;;KUCERAL;5020 Výroba montáž
25.02.2026;25.02.2026;4900001745;3;2000;0001;1000166;Motor 76 kW;Elektro;261;Výdej do výrobní zakázky;H;-333,300;KS;333,01;-110992,23;CZK;VZ400043;;;;;;;PROCHAZ;5030 Výroba obrábění
25.02.2026;25.02.2026;4900001745;4;2000;0001;1000345;Tyč kruhová 110 mm;Ocel;261;Výdej do výrobní zakázky;H;-15,300;KG;36,23;-554,32;CZK;VZ400043;;;;;;;HORAKT;5020 Výroba montáž
25.02.2026;25.02.2026;4900001745;5;2000;0001;1000351;O-kroužek 30 mm;Těsnění a guma;261;Výdej do výrobní zakázky;H;-60,900;KS;59,66;-3633,29;CZK;VZ400043;;;;;;;VESELAM;5020 Výroba montáž
25.02.2026;25.02.2026;4900001745;6;2000;0001;1000177;Plech ocelový 91 mm;Ocel;261;Výdej do výrobní zakázky;H;-24,000;KG;41,14;-987,36;CZK;VZ400043;;;;;;;PROCHAZ;5020 Výroba montáž
25.02.2026;25.02.2026;4900001868;1;1000;0001;1000120;Těsnění ploché 42 mm;Těsnění a guma;261;Výdej do výrobní zakázky;H;-41,220;KS;37,41;-1542,04;CZK;VZ400105;;;;;;;KUCERAL;5020 Výroba montáž
25.02.2026;25.02.2026;4900001868;2;1000;0001;1000103;Čidlo indukční 32 mm;Elektro;261;Výdej do výrobní zakázky;H;-40,590;KS;26,60;-1079,69;CZK;VZ400105;;;;;;;CERNAT;5030 Výroba obrábění
25.02.2026;25.02.2026;4900001868;3;1000;0001;1000286;Kolík 71x53;Spojovací materiál;261;Výdej do výrobní zakázky;H;-29,790;KS;3,28;-97,71;CZK;VZ400105;;;;;;;PROCHAZ;5030 Výroba obrábění
25.02.2026;25.02.2026;4900001868;4;1000;0001;1000361;Deska PP 28 mm;Plasty;261;Výdej do výrobní zakázky;H;-20,790;KG;68,57;-1425,57;CZK;VZ400105;;;;;;;CERNAT;5020 Výroba montáž
25.02.2026;25.02.2026;4900001868;5;1000;0001;1000271;Čidlo indukční 75 mm;Elektro;261;Výdej do výrobní zakázky;H;-60,930;KS;119,80;-7299,41;CZK;VZ400105;;;;;;;HORAKT;5020 Výroba montáž
25.02.2026;25.02.2026;4900001868;6;1000;0001;1000360;Profil Al 39x48;Hliník;261;Výdej do výrobní zakázky;H;-30,690;KG;81,97;-2515,66;CZK;VZ400105;;;;;;;VESELAM;5030 Výroba obrábění
25.02.2026;25.02.2026;4900001868;7;1000;0001;1000145;Stykač 108 A;Elektro;261;Výdej do výrobní zakázky;H;-77,040;KS;646,65;-49817,92;CZK;VZ400105;;;;;;;CERNAT;5020 Výroba montáž
25.02.2026;25.02.2026;4900001890;1;2000;0001;1000192;Plech Al 70 mm;Hliník;261;Výdej do výrobní zakázky;H;-297,600;KG;121,62;-36194,11;CZK;VZ400117;;;;;;;HORAKT;5020 Výroba montáž
25.02.2026;25.02.2026;4900001890;2;2000;0001;1000259;Základní barva RAL 3020;Nátěry a chemie;261;Výdej do výrobní zakázky;H;-120,400;L;236,85;-28516,74;CZK;VZ400117;;;;;;;VESELAM;5020 Výroba montáž
25.02.2026;25.02.2026;4900001890;3;2000;0001;1000247;Profil U 55;Ocel;261;Výdej do výrobní zakázky;H;-187,600;KG;23,08;-4329,81;CZK;VZ400117;;;;;;;HORAKT;5030 Výroba obrábění
25.02.2026;25.02.2026;4900001890;4;2000;0001;1000309;Tlumič gumový 24;Těsnění a guma;261;Výdej do výrobní zakázky;H;-46,000;KS;42,90;-1973,40;CZK;VZ400117;;;;;;;CERNAT;5030 Výroba obrábění
25.02.2026;25.02.2026;4900001890;5;2000;0001;1000362;Frekvenční měnič 17 kW;Elektro;261;Výdej do výrobní zakázky;H;-464,800;KS;512,26;-238098,45;CZK;VZ400117;;;;;;;VESELAM;5020 Výroba montáž
25.02.2026;25.02.2026;4900001890;6;2000;0001;1000380;Profil U 111;Ocel;261;Výdej do výrobní zakázky;H;-156,400;KG;24,59;-3845,88;CZK;VZ400117;;;;;;;VESELAM;5030 Výroba obrábění
25.02.2026;25.02.2026;4900001890;7;2000;0001;1000130;Deska PE 105 mm;Plasty;261;Výdej do výrobní zakázky;H;-204,000;KG;64,17;-13090,68;CZK;VZ400117;;;;;;;PROCHAZ;5030 Výroba obrábění
25.02.2026;25.02.2026;4900001890;8;2000;0001;1000278;Frekvenční měnič 11 kW;Elektro;261;Výdej do výrobní zakázky;H;-48,000;KS;659,54;-31657,92;CZK;VZ400117;;;;;;;CERNAT;5020 Výroba montáž
25.02.2026;25.02.2026;4900002013;1;2000;0001;1000250;Kabel CYKY 34x42;Elektro;261;Výdej do výrobní zakázky;H;-260,100;KS;795,46;-206899,15;CZK;VZ400196;;;;;;;DVORAKP;5030 Výroba obrábění
25.02.2026;25.02.2026;4900002013;2;2000;0001;1000171;Plech Al 110 mm;Hliník;261;Výdej do výrobní zakázky;H;-100,300;KG;73,80;-7402,14;CZK;VZ400196;;;;;;;HORAKT;5030 Výroba obrábění
25.02.2026;25.02.2026;4900002013;3;2000;0001;1000113;Těsnění ploché 115 mm;Těsnění a guma;261;Výdej do výrobní zakázky;H;-388,620;KS;13,01;-5055,95;CZK;VZ400196;;;;;;;PROCHAZ;5030 Výroba obrábění
25.02.2026;25.02.2026;4900002013;4;2000;0001;1000357;Ředidlo S101;Nátěry a chemie;261;Výdej do výrobní zakázky;H;-214,540;L;181,43;-38923,99;CZK;VZ400196;;;;;;;SVOBODM;5030 Výroba obrábění
25.02.2026;25.02.2026;4900002013;5;2000;0001;1000117;Motor 72 kW;Elektro;261;Výdej do výrobní zakázky;H;-228,820;KS;660,38;-151108,15;CZK;VZ400196;;;;;;;PROCHAZ;5020 Výroba montáž
25.02.2026;25.02.2026;4900002013;6;2000;0001;1000336;Základní barva RAL 7035;Nátěry a chemie;261;Výdej do výrobní zakázky;H;-218,280;L;119,31;-26042,99;CZK;VZ400196;;;;;;;CERNAT;5030 Výroba obrábění
25.02.2026;25.02.2026;4900002080;1;1000;0001;1000183;O-kroužek 107 mm;Těsnění a guma;261;Výdej do výrobní zakázky;H;-173,470;KS;51,09;-8862,58;CZK;VZ400245;;;;;;;SVOBODM;5030 Výroba obrábění
25.02.2026;25.02.2026;4900002080;2;1000;0001;1000375;Deska PE 101 mm;Plasty;261;Výdej do výrobní zakázky;H;-20,330;KG;63,57;-1292,38;CZK;VZ400245;;;;;;;DVORAKP;5030 Výroba obrábění
25.02.2026;25.02.2026;4900002080;3;1000;0001;1000167;Nýt 105x50;Spojovací materiál;261;Výdej do výrobní zakázky;H;-118,180;KS;10,11;-1194,80;CZK;VZ400245;;;;;;;SVOBODM;5020 Výroba montáž
25.02.2026;25.02.2026;4900002080;4;1000;0001;1000245;Ředidlo S51;Nátěry a chemie;261;Výdej do výrobní zakázky;H;-36,100;L;96,37;-3478,96;CZK;VZ400245;;;;;;;DVORAKP;5030 Výroba obrábění
25.02.2026;25.02.2026;4900002080;5;1000;0001;1000130;Deska PE 105 mm;Plasty;261;Výdej do výrobní zakázky;H;-64,600;KG;64,17;-4145,38;CZK;VZ400245;;;;;;;PROCHAZ;5030 Výroba obrábění
25.02.2026;25.02.2026;4900002080;6;1000;0001;1000111;Podložka 21;Spojovací materiál;261;Výdej do výrobní zakázky;H;-104,120;KS;16,00;-1665,92;CZK;VZ400245;;;;;;;DVORAKP;5020 Výroba montáž
25.02.2026;25.02.2026;4900002135;1;1000;0001;1000279;Šroub M112x31;Spojovací materiál;261;Výdej do výrobní zakázky;H;-216,060;KS;9,52;-2056,89;CZK;VZ400293;;;;;;;CERNAT;5020 Výroba montáž
25.02.2026;25.02.2026;4900002135;2;1000;0001;1000195;Kolík 20x27;Spojovací materiál;261;Výdej do výrobní zakázky;H;-14,300;KS;15,97;-228,37;CZK;VZ400293;;;;;;;SVOBODM;5030 Výroba obrábění
25.02.2026;25.02.2026;4900002135;3;1000;0001;1000336;Základní barva RAL 7035;Nátěry a chemie;261;Výdej do výrobní zakázky;H;-78,780;L;119,31;-9399,24;CZK;VZ400293;;;;;;;PROCHAZ;5020 Výroba montáž
25.02.2026;25.02.2026;4900002135;4;1000;0001;1000321;Podložka 22;Spojovací materiál;261;Výdej do výrobní zakázky;H;-120,380;KS;13,53;-1628,74;CZK;VZ400293;;;;;;;SVOBODM;5020 Výroba montáž
25.02.2026;25.02.2026;4900002136;1;1000;0001;1000336;Základní barva RAL 7035;Nátěry a chemie;551;Výdej do šrotu;H;-2,080;L;119,31;-248,16;CZK;VZ400293;;;;;;;NOVAKJ;5030 Výroba obrábění
25.02.2026;25.02.2026;4900002149;1;1000;0003;5000103;Skříň rozvaděče D186;Hotový výrobek;601;Výdej při dodání zákazníkovi;H;-22,000;KS;8539,73;-187874,06;CZK;;;Koyo Bearings ČR;SV6721;257678,29;187874,06;58410,95;NOVAKJ;6010 Expedice
25.02.2026;25.02.2026;4900002396;1;1000;0003;5000142;Rám podvozkový A874;Hotový výrobek;601;Výdej při dodání zákazníkovi;H;-5,000;KS;7208,74;-36043,70;CZK;;;Witte Automotive;SV3150;56169,93;36043,70;12669,94;VESELAM;6010 Expedice
25.02.2026;25.02.2026;4900002444;1;2000;0003;5000134;Dopravník pásový E794;Hotový výrobek;601;Výdej při dodání zákazníkovi;H;-9,000;KS;1976,93;-17792,37;CZK;;;Koyo Bearings ČR;SV8368;24703,94;17792,37;5393,55;DVORAKP;6010 Expedice
25.02.2026;25.02.2026;4900002509;1;2000;0003;5000123;Skříň rozvaděče F976;Hotový výrobek;601;Výdej při dodání zákazníkovi;H;-23,000;KS;9763,80;-224567,40;CZK;;;Brose CZ spol. s r.o.;SV8519;234520,77;224567,40;50084,80;PROCHAZ;6010 Expedice
25.02.2026;25.02.2026;4900002543;1;2000;0003;5000120;Čerpadlo odstředivé C541;Hotový výrobek;601;Výdej při dodání zákazníkovi;H;-21,000;KS;10850,00;-227850,00;CZK;;;Agrostroj Pelhřimov a.s.;SV2382;324465,87;227850,00;59954,00;PROCHAZ;6010 Expedice
25.02.2026;25.02.2026;4900002568;1;2000;0003;5000139;Ventilová jednotka D215;Hotový výrobek;601;Výdej při dodání zákazníkovi;H;-6,000;KS;3887,14;-23322,84;CZK;;;Tatra Trucks a.s.;SV6032;33396,75;23322,84;7290,44;VESELAM;6010 Expedice
25.02.2026;25.02.2026;4900002623;1;1000;0001;1000100;Trubka ocelová 100x79;Ocel;102;Storno příjmu zboží;H;-1265,870;KG;34,31;-43432,00;CZK;;Plastika Nitra a.s.;;SN8913;;;;KUCERAL;4010 Nákup
26.02.2026;26.02.2026;4900000054;1;2000;0001;1000110;Motor 70 kW;Elektro;101;Příjem zboží na objednávku;S;467,880;KS;215,98;101052,72;CZK;;Bossard CZ s.r.o.;;SN6397;;;;PROCHAZ;4010 Nákup
26.02.2026;26.02.2026;4900000106;1;2000;0001;1000119;Ředidlo S11;Nátěry a chemie;101;Příjem zboží na objednávku;S;1066,070;L;174,34;185858,64;CZK;;ThyssenKrupp Ferrostal;;SN5019;;;;KUCERAL;4010 Nákup
26.02.2026;26.02.2026;4900000143;1;2000;0001;1000125;Nýt 106x48;Spojovací materiál;101;Příjem zboží na objednávku;S;1063,680;KS;12,18;12955,62;CZK;;ThyssenKrupp Ferrostal;;SN1939;;;;VESELAM;4010 Nákup
26.02.2026;26.02.2026;4900000154;1;2000;0001;1000128;Tyč kruhová 75 mm;Ocel;101;Příjem zboží na objednávku;S;1295,170;KG;24,82;32146,12;CZK;;Rubena a.s.;;SN8135;;;;SVOBODM;4010 Nákup
26.02.2026;26.02.2026;4900000338;1;2000;0001;1000159;Čidlo indukční 23 mm;Elektro;101;Příjem zboží na objednávku;S;1187,220;KS;206,10;244686,04;CZK;;Resinex CZ s.r.o.;;SN6815;;;;PROCHAZ;4010 Nákup
26.02.2026;26.02.2026;4900000566;1;1000;0001;1000200;Deska PE 42 mm;Plasty;101;Příjem zboží na objednávku;S;1253,270;KG;93,92;117707,12;CZK;;Resinex CZ s.r.o.;;SN6786;;;;NOVAKJ;4010 Nákup
26.02.2026;26.02.2026;4900000600;1;2000;0001;1000206;Trubka Al 68 mm;Hliník;101;Příjem zboží na objednávku;S;819,770;KG;69,44;56924,83;CZK;;Bossard CZ s.r.o.;;SN7520;;;;VESELAM;4010 Nákup
26.02.2026;26.02.2026;4900000602;1;2000;0001;1000206;Trubka Al 68 mm;Hliník;101;Příjem zboží na objednávku;S;1360,120;KG;69,44;94446,73;CZK;;ABB s.r.o.;;SN1981;;;;DVORAKP;4010 Nákup
26.02.2026;26.02.2026;4900000832;1;1000;0001;1000248;Trubka Al 51 mm;Hliník;101;Příjem zboží na objednávku;S;300,670;KG;67,47;20286,20;CZK;;Resinex CZ s.r.o.;;SN6843;;;;HORAKT;4010 Nákup
26.02.2026;26.02.2026;4900000932;1;1000;0001;1000267;Tlumič gumový 74;Těsnění a guma;101;Příjem zboží na objednávku;S;191,230;KS;25,61;4897,40;CZK;;Bossard CZ s.r.o.;;SN4143;;;;VESELAM;4010 Nákup
26.02.2026;26.02.2026;4900001086;1;2000;0001;1000295;Těsnění ploché 61 mm;Těsnění a guma;101;Příjem zboží na objednávku;S;112,100;KS;18,17;2036,86;CZK;;Colorlak a.s.;;SN4662;;;;KUCERAL;4010 Nákup
26.02.2026;26.02.2026;4900001373;1;2000;0001;1000347;Granulát ABS 90;Plasty;101;Příjem zboží na objednávku;S;1205,720;KG;65,34;78781,74;CZK;;Metalšrot Tlumačov;;SN5620;;;;SVOBODM;4010 Nákup
26.02.2026;26.02.2026;4900001462;1;2000;0001;1000364;Lak polyuretanový RAL 7035;Nátěry a chemie;101;Příjem zboží na objednávku;S;927,390;L;309,04;286600,61;CZK;;Bossard CZ s.r.o.;;SN4502;;;;DVORAKP;4010 Nákup
26.02.2026;26.02.2026;4900001629;1;1000;0001;1000394;Profil U 48;Ocel;101;Příjem zboží na objednávku;S;1976,030;KG;23,81;47049,27;CZK;;Ferona a.s.;;SN7005;;;;HORAKT;4010 Nákup
26.02.2026;26.02.2026;4900001707;1;1000;0001;1000397;Motor 114 kW;Elektro;261;Výdej do výrobní zakázky;H;-526,500;KS;710,22;-373930,83;CZK;VZ400025;;;;;;;CERNAT;5020 Výroba montáž
26.02.2026;26.02.2026;4900001707;2;1000;0001;1000374;Plech Al 115 mm;Hliník;261;Výdej do výrobní zakázky;H;-61,200;KG;66,46;-4067,35;CZK;VZ400025;;;;;;;KUCERAL;5020 Výroba montáž
26.02.2026;26.02.2026;4900001707;3;1000;0001;1000178;Profil Al 34x34;Hliník;261;Výdej do výrobní zakázky;H;-271,800;KG;74,24;-20178,43;CZK;VZ400025;;;;;;;NOVAKJ;5020 Výroba montáž
26.02.2026;26.02.2026;4900001707;4;1000;0001;1000313;Kabel CYKY 66x55;Elektro;261;Výdej do výrobní zakázky;H;-181,350;KS;566,73;-102776,49;CZK;VZ400025;;;;;;;PROCHAZ;5030 Výroba obrábění
26.02.2026;26.02.2026;4900001707;5;1000;0001;1000150;Profil Al 3x49;Hliník;261;Výdej do výrobní zakázky;H;-163,350;KG;116,11;-18966,57;CZK;VZ400025;;;;;;;NOVAKJ;5030 Výroba obrábění
26.02.2026;26.02.2026;4900001768;1;2000;0001;1000198;Trubka ocelová 56x45;Ocel;261;Výdej do výrobní zakázky;H;-255,200;KG;20,95;-5346,44;CZK;VZ400053;;;;;;;VESELAM;5030 Výroba obrábění
26.02.2026;26.02.2026;4900001768;2;2000;0001;1000117;Motor 72 kW;Elektro;261;Výdej do výrobní zakázky;H;-271,920;KS;660,38;-179570,53;CZK;VZ400053;;;;;;;HORAKT;5030 Výroba obrábění
26.02.2026;26.02.2026;4900001768;3;2000;0001;1000206;Trubka Al 68 mm;Hliník;261;Výdej do výrobní zakázky;H;-337,920;KG;69,44;-23465,16;CZK;VZ400053;;;;;;;NOVAKJ;5030 Výroba obrábění
26.02.2026;26.02.2026;4900001768;4;2000;0001;1000166;Motor 76 kW;Elektro;261;Výdej do výrobní zakázky;H;-51,480;KS;333,01;-17143,35;CZK;VZ400053;;;;;;;NOVAKJ;5020 Výroba montáž
26.02.2026;26.02.2026;4900001795;1;1000;0001;1000173;Čidlo indukční 108 mm;Elektro;261;Výdej do výrobní zakázky;H;-75,680;KS;435,84;-32984,37;CZK;VZ400066;;;;;;;VESELAM;5020 Výroba montáž
26.02.2026;26.02.2026;4900001795;2;1000;0001;1000395;Profil Al 33x47;Hliník;261;Výdej do výrobní zakázky;H;-267,460;KG;128,86;-34464,90;CZK;VZ400066;;;;;;;HORAKT;5030 Výroba obrábění
26.02.2026;26.02.2026;4900001795;3;1000;0001;1000191;Trubka ocelová 94x42;Ocel;261;Výdej do výrobní zakázky;H;-129,860;KG;27,06;-3514,01;CZK;VZ400066;;;;;;;NOVAKJ;5020 Výroba montáž
26.02.2026;26.02.2026;4900001795;4;1000;0001;1000298;Granulát PA6 97;Plasty;261;Výdej do výrobní zakázky;H;-91,160;KG;78,04;-7114,13;CZK;VZ400066;;;;;;;PROCHAZ;5030 Výroba obrábění
26.02.2026;26.02.2026;4900001795;5;1000;0001;1000197;Manžeta 47x52;Těsnění a guma;261;Výdej do výrobní zakázky;H;-453,220;KS;54,17;-24550,93;CZK;VZ400066;;;;;;;SVOBODM;5020 Výroba montáž
26.02.2026;26.02.2026;4900001795;6;1000;0001;1000327;Stykač 56 A;Elektro;261;Výdej do výrobní zakázky;H;-128,570;KS;238,71;-30690,94;CZK;VZ400066;;;;;;;PROCHAZ;5030 Výroba obrábění
26.02.2026;26.02.2026;4900001795;7;1000;0001;1000312;Granulát PA6 89;Plasty;261;Výdej do výrobní zakázky;H;-30,960;KG;55,27;-1711,16;CZK;VZ400066;;;;;;;PROCHAZ;5030 Výroba obrábění
26.02.2026;26.02.2026;4900001869;1;1000;0003;5000126;Svařenec nosný C392;Hotový výrobek;131;Příjem z výroby;S;9,000;KS;8670,21;78031,89;CZK;VZ400105;;;SV7440;;;;KUCERAL;5020 Výroba montáž
26.02.2026;26.02.2026;4900001917;1;1000;0003;5000101;Převodovka šneková B301;Hotový výrobek;131;Příjem z výroby;S;11,000;KS;9813,50;107948,50;CZK;VZ400134;;;SV8042;;;;HORAKT;5020 Výroba montáž
26.02.2026;26.02.2026;4900001928;1;2000;0001;1000192;Plech Al 70 mm;Hliník;261;Výdej do výrobní zakázky;H;-252,960;KG;121,62;-30765,00;CZK;VZ400144;;;;;;;VESELAM;5030 Výroba obrábění
26.02.2026;26.02.2026;4900001928;2;2000;0001;1000259;Základní barva RAL 3020;Nátěry a chemie;261;Výdej do výrobní zakázky;H;-102,340;L;236,85;-24239,23;CZK;VZ400144;;;;;;;VESELAM;5030 Výroba obrábění
26.02.2026;26.02.2026;4900001928;3;2000;0001;1000247;Profil U 55;Ocel;261;Výdej do výrobní zakázky;H;-159,460;KG;23,08;-3680,34;CZK;VZ400144;;;;;;;SVOBODM;5020 Výroba montáž
26.02.2026;26.02.2026;4900001928;4;2000;0001;1000309;Tlumič gumový 24;Těsnění a guma;261;Výdej do výrobní zakázky;H;-39,100;KS;42,90;-1677,39;CZK;VZ400144;;;;;;;KUCERAL;5030 Výroba obrábění
26.02.2026;26.02.2026;4900001928;5;2000;0001;1000362;Frekvenční měnič 17 kW;Elektro;261;Výdej do výrobní zakázky;H;-395,080;KS;512,26;-202383,68;CZK;VZ400144;;;;;;;KUCERAL;5030 Výroba obrábění
26.02.2026;26.02.2026;4900001928;6;2000;0001;1000380;Profil U 111;Ocel;261;Výdej do výrobní zakázky;H;-132,940;KG;24,59;-3268,99;CZK;VZ400144;;;;;;;CERNAT;5030 Výroba obrábění
26.02.2026;26.02.2026;4900001928;7;2000;0001;1000130;Deska PE 105 mm;Plasty;261;Výdej do výrobní zakázky;H;-173,400;KG;64,17;-11127,08;CZK;VZ400144;;;;;;;SVOBODM;5030 Výroba obrábění
26.02.2026;26.02.2026;4900001928;8;2000;0001;1000278;Frekvenční měnič 11 kW;Elektro;261;Výdej do výrobní zakázky;H;-40,800;KS;659,54;-26909,23;CZK;VZ400144;;;;;;;SVOBODM;5030 Výroba obrábění
26.02.2026;26.02.2026;4900001969;1;1000;0001;1000183;O-kroužek 107 mm;Těsnění a guma;261;Výdej do výrobní zakázky;H;-237,380;KS;51,09;-12127,74;CZK;VZ400169;;;;;;;DVORAKP;5020 Výroba montáž
26.02.2026;26.02.2026;4900001969;2;1000;0001;1000375;Deska PE 101 mm;Plasty;261;Výdej do výrobní zakázky;H;-27,820;KG;63,57;-1768,52;CZK;VZ400169;;;;;;;DVORAKP;5020 Výroba montáž
26.02.2026;26.02.2026;4900001969;3;1000;0001;1000167;Nýt 105x50;Spojovací materiál;261;Výdej do výrobní zakázky;H;-161,720;KS;10,11;-1634,99;CZK;VZ400169;;;;;;;VESELAM;5030 Výroba obrábění
26.02.2026;26.02.2026;4900001969;4;1000;0001;1000245;Ředidlo S51;Nátěry a chemie;261;Výdej do výrobní zakázky;H;-49,400;L;96,37;-4760,68;CZK;VZ400169;;;;;;;SVOBODM;5030 Výroba obrábění
26.02.2026;26.02.2026;4900001969;5;1000;0001;1000130;Deska PE 105 mm;Plasty;261;Výdej do výrobní zakázky;H;-88,400;KG;64,17;-5672,63;CZK;VZ400169;;;;;;;SVOBODM;5020 Výroba montáž
26.02.2026;26.02.2026;4900001969;6;1000;0001;1000111;Podložka 21;Spojovací materiál;261;Výdej do výrobní zakázky;H;-142,480;KS;16,00;-2279,68;CZK;VZ400169;;;;;;;CERNAT;5030 Výroba obrábění
26.02.2026;26.02.2026;4900001970;1;1000;0001;1000111;Podložka 21;Spojovací materiál;551;Výdej do šrotu;H;-3,780;KS;16,00;-60,48;CZK;VZ400169;;;;;;;DVORAKP;5030 Výroba obrábění
26.02.2026;26.02.2026;4900002081;1;1000;0003;5000112;Rám podvozkový A238;Hotový výrobek;131;Příjem z výroby;S;19,000;KS;1349,43;25639,17;CZK;VZ400245;;;SV4594;;;;HORAKT;5020 Výroba montáž
26.02.2026;26.02.2026;4900002137;1;1000;0003;5000116;Svařenec nosný E926;Hotový výrobek;131;Příjem z výroby;S;26,000;KS;635,56;16524,56;CZK;VZ400293;;;SV3488;;;;SVOBODM;5020 Výroba montáž
26.02.2026;26.02.2026;4900002172;1;1000;0003;5000101;Převodovka šneková B301;Hotový výrobek;601;Výdej při dodání zákazníkovi;H;-11,000;KS;9813,50;-107948,50;CZK;;;Continental Automotive;SV6673;160831,51;107948,50;36100,12;PROCHAZ;6010 Expedice
26.02.2026;26.02.2026;4900002348;1;2000;0003;5000120;Čerpadlo odstředivé C541;Hotový výrobek;601;Výdej při dodání zákazníkovi;H;-5,000;KS;10850,00;-54250,00;CZK;;;Škoda Auto a.s.;SV2945;76309,81;54250,00;15959,41;DVORAKP;6010 Expedice
27.02.2026;27.02.2026;4900000020;1;2000;0001;1000103;Čidlo indukční 32 mm;Elektro;101;Příjem zboží na objednávku;S;859,870;KS;26,60;22872,54;CZK;;Wurth s.r.o.;;SN6555;;;;NOVAKJ;4010 Nákup
27.02.2026;27.02.2026;4900000442;1;2000;0001;1000177;Plech ocelový 91 mm;Ocel;101;Příjem zboží na objednávku;S;371,540;KG;41,14;15285,16;CZK;;Hennlich s.r.o.;;SN8068;;;;CERNAT;4010 Nákup
27.02.2026;27.02.2026;4900000745;1;2000;0001;1000233;Trubka ocelová 70x56;Ocel;101;Příjem zboží na objednávku;S;1131,980;KG;20,71;23443,31;CZK;;ArcelorMittal Distribution;;SN3683;;;;KUCERAL;4010 Nákup
27.02.2026;27.02.2026;4900000781;1;2000;0001;1000238;Lak polyuretanový RAL 9005;Nátěry a chemie;101;Příjem zboží na objednávku;S;1479,130;L;171,20;253227,06;CZK;;Resinex CZ s.r.o.;;SN7575;;;;PROCHAZ;4010 Nákup
27.02.2026;27.02.2026;4900000810;1;1000;0001;1000244;Podložka 93;Spojovací materiál;101;Příjem zboží na objednávku;S;621,680;KS;14,76;9176,00;CZK;;Colorlak a.s.;;SN7995;;;;HORAKT;4010 Nákup
27.02.2026;27.02.2026;4900000844;1;1000;0001;1000250;Kabel CYKY 34x42;Elektro;101;Příjem zboží na objednávku;S;170,830;KS;795,46;135888,43;CZK;;Hennlich s.r.o.;;SN9122;;;;HORAKT;4010 Nákup
27.02.2026;27.02.2026;4900000928;1;2000;0001;1000266;Ředidlo S85;Nátěry a chemie;101;Příjem zboží na objednávku;S;1916,740;L;292,77;561163,97;CZK;;Schneider Electric CZ;;SN8082;;;;SVOBODM;4010 Nákup
27.02.2026;27.02.2026;4900001050;1;1000;0001;1000289;Plech ocelový 110 mm;Ocel;101;Příjem zboží na objednávku;S;1671,660;KG;23,40;39116,84;CZK;;ABB s.r.o.;;SN7868;;;;CERNAT;4010 Nákup
27.02.2026;27.02.2026;4900001144;1;2000;0001;1000305;Granulát ABS 54;Plasty;101;Příjem zboží na objednávku;S;578,910;KG;83,28;48211,62;CZK;;ABB s.r.o.;;SN5319;;;;DVORAKP;4010 Nákup
27.02.2026;27.02.2026;4900001185;1;2000;0001;1000312;Granulát PA6 89;Plasty;101;Příjem zboží na objednávku;S;329,750;KG;55,27;18225,28;CZK;;Trelleborg Bohemia;;SN8958;;;;SVOBODM;4010 Nákup
27.02.2026;27.02.2026;4900001273;1;1000;0001;1000328;Nýt 37x12;Spojovací materiál;101;Příjem zboží na objednávku;S;115,440;KS;6,41;739,97;CZK;;Lapp Kabel s.r.o.;;SN1925;;;;DVORAKP;4010 Nákup
27.02.2026;27.02.2026;4900001392;1;2000;0001;1000350;Lak polyuretanový RAL 3020;Nátěry a chemie;101;Příjem zboží na objednávku;S;345,350;L;261,99;90478,25;CZK;;Bossard CZ s.r.o.;;SN5082;;;;CERNAT;4010 Nákup
27.02.2026;27.02.2026;4900001466;1;2000;0001;1000364;Lak polyuretanový RAL 7035;Nátěry a chemie;101;Příjem zboží na objednávku;S;1311,400;L;309,04;405275,06;CZK;;Hennlich s.r.o.;;SN5583;;;;SVOBODM;4010 Nákup
27.02.2026;27.02.2026;4900001524;1;2000;0001;1000375;Deska PE 101 mm;Plasty;101;Příjem zboží na objednávku;S;790,890;KG;63,57;50276,88;CZK;;ABB s.r.o.;;SN8721;;;;NOVAKJ;4010 Nákup
27.02.2026;27.02.2026;4900001715;1;2000;0001;1000390;Frekvenční měnič 119 kW;Elektro;261;Výdej do výrobní zakázky;H;-197,820;KS;680,45;-134606,62;CZK;VZ400029;;;;;;;DVORAKP;5020 Výroba montáž
27.02.2026;27.02.2026;4900001715;2;2000;0001;1000391;Kolík 64x14;Spojovací materiál;261;Výdej do výrobní zakázky;H;-338,520;KS;15,07;-5101,50;CZK;VZ400029;;;;;;;NOVAKJ;5020 Výroba montáž
27.02.2026;27.02.2026;4900001715;3;2000;0001;1000378;Základní barva RAL 6011;Nátěry a chemie;261;Výdej do výrobní zakázky;H;-130,200;L;99,53;-12958,81;CZK;VZ400029;;;;;;;HORAKT;5020 Výroba montáž
27.02.2026;27.02.2026;4900001715;4;2000;0001;1000181;Matice M81;Spojovací materiál;261;Výdej do výrobní zakázky;H;-503,580;KS;15,28;-7694,70;CZK;VZ400029;;;;;;;CERNAT;5020 Výroba montáž
27.02.2026;27.02.2026;4900001806;1;1000;0001;1000362;Frekvenční měnič 17 kW;Elektro;261;Výdej do výrobní zakázky;H;-170,200;KS;512,26;-87186,65;CZK;VZ400071;;;;;;;SVOBODM;5030 Výroba obrábění
27.02.2026;27.02.2026;4900001806;2;1000;0001;1000268;Tyč kruhová 82 mm;Ocel;261;Výdej do výrobní zakázky;H;-39,200;KG;20,79;-814,97;CZK;VZ400071;;;;;;;HORAKT;5030 Výroba obrábění
27.02.2026;27.02.2026;4900001806;3;1000;0001;1000383;Motor 69 kW;Elektro;261;Výdej do výrobní zakázky;H;-63,800;KS;150,72;-9615,94;CZK;VZ400071;;;;;;;NOVAKJ;5030 Výroba obrábění
27.02.2026;27.02.2026;4900001806;4;1000;0001;1000165;Deska PE 38 mm;Plasty;261;Výdej do výrobní zakázky;H;-15,200;KG;43,33;-658,62;CZK;VZ400071;;;;;;;CERNAT;5030 Výroba obrábění
27.02.2026;27.02.2026;4900001806;5;1000;0001;1000144;Deska PP 104 mm;Plasty;261;Výdej do výrobní zakázky;H;-94,600;KG;75,68;-7159,33;CZK;VZ400071;;;;;;;KUCERAL;5020 Výroba montáž
27.02.2026;27.02.2026;4900001806;6;1000;0001;1000259;Základní barva RAL 3020;Nátěry a chemie;261;Výdej do výrobní zakázky;H;-32,600;L;236,85;-7721,31;CZK;VZ400071;;;;;;;SVOBODM;5030 Výroba obrábění
27.02.2026;27.02.2026;4900001806;7;1000;0001;1000174;Nýt 118x78;Spojovací materiál;261;Výdej do výrobní zakázky;H;-173,400;KS;11,72;-2032,25;CZK;VZ400071;;;;;;;PROCHAZ;5030 Výroba obrábění
27.02.2026;27.02.2026;4900002010;1;1000;0003;5000101;Převodovka šneková B301;Hotový výrobek;131;Příjem z výroby;S;4,000;KS;9813,50;39254,00;CZK;VZ400193;;;SV3055;;;;HORAKT;5020 Výroba montáž
27.02.2026;27.02.2026;4900002166;1;2000;0003;5000124;Dopravník pásový A794;Hotový výrobek;601;Výdej při dodání zákazníkovi;H;-10,000;KS;1487,77;-14877,70;CZK;;;Brose CZ spol. s r.o.;SV7674;21273,93;14877,70;4830,11;PROCHAZ;6010 Expedice
27.02.2026;27.02.2026;4900002169;1;1000;0003;5000130;Čerpadlo odstředivé A643;Hotový výrobek;601;Výdej při dodání zákazníkovi;H;-5,000;KS;7168,49;-35842,45;CZK;;;Agrostroj Pelhřimov a.s.;SV6586;55010,61;35842,45;11514,31;SVOBODM;6010 Expedice
27.02.2026;27.02.2026;4900002346;1;2000;0003;5000120;Čerpadlo odstředivé C541;Hotový výrobek;601;Výdej při dodání zákazníkovi;H;-4,000;KS;10850,00;-43400,00;CZK;;;Hanon Systems Autopal;SV4305;60230,67;43400,00;12598,12;VESELAM;6010 Expedice
27.02.2026;27.02.2026;4900002347;1;2000;0003;5000120;Čerpadlo odstředivé C541;Hotový výrobek;601;Výdej při dodání zákazníkovi;H;-2,000;KS;10850,00;-21700,00;CZK;;;Zetor Tractors a.s.;SV9590;32206,08;21700,00;6466,40;HORAKT;6010 Expedice
27.02.2026;27.02.2026;4900002416;1;1000;0003;5000101;Převodovka šneková B301;Hotový výrobek;601;Výdej při dodání zákazníkovi;H;-15,000;KS;9813,50;-147202,50;CZK;;;Škoda Auto a.s.;SV2929;207901,11;147202,50;43935,36;DVORAKP;6010 Expedice
27.02.2026;27.02.2026;4900002634;1;2000;0001;1000103;Čidlo indukční 32 mm;Elektro;102;Storno příjmu zboží;H;-859,870;KS;26,60;-22872,54;CZK;;Wurth s.r.o.;;SN6555;;;;NOVAKJ;4010 Nákup
02.03.2026;02.03.2026;4900000014;1;2000;0001;1000102;Granulát PA6 83;Plasty;101;Příjem zboží na objednávku;S;865,120;KG;73,29;63404,64;CZK;;Metalšrot Tlumačov;;SN8097;;;;CERNAT;4010 Nákup
02.03.2026;02.03.2026;4900000239;1;2000;0001;1000143;Plech Al 68 mm;Hliník;101;Příjem zboží na objednávku;S;1416,920;KG;76,77;108776,95;CZK;;Hilti ČR s.r.o.;;SN3413;;;;VESELAM;4010 Nákup
02.03.2026;02.03.2026;4900000309;1;1000;0001;1000155;Těsnění ploché 95 mm;Těsnění a guma;101;Příjem zboží na objednávku;S;942,970;KS;30,84;29081,19;CZK;;ABB s.r.o.;;SN2221;;;;DVORAKP;4010 Nákup
02.03.2026;02.03.2026;4900000499;1;1000;0001;1000188;Kolík 68x10;Spojovací materiál;101;Příjem zboží na objednávku;S;1037,850;KS;8,82;9153,84;CZK;;Siemens s.r.o.;;SN9733;;;;SVOBODM;4010 Nákup
02.03.2026;02.03.2026;4900000526;1;1000;0001;1000193;Deska PE 67 mm;Plasty;101;Příjem zboží na objednávku;S;1276,070;KG;87,82;112064,47;CZK;;Haberkorn s.r.o.;;SN1174;;;;VESELAM;4010 Nákup
02.03.2026;02.03.2026;4900001013;1;1000;0001;1000283;Profil Al 57x50;Hliník;101;Příjem zboží na objednávku;S;1996,930;KG;117,06;233760,63;CZK;;Alumat s.r.o.;;SN8124;;;;CERNAT;4010 Nákup
02.03.2026;02.03.2026;4900001063;1;1000;0001;1000292;Kabel CYKY 10x22;Elektro;101;Příjem zboží na objednávku;S;1048,400;KS;573,52;601278,37;CZK;;Siemens s.r.o.;;SN7645;;;;VESELAM;4010 Nákup
02.03.2026;02.03.2026;4900001241;1;1000;0001;1000323;O-kroužek 81 mm;Těsnění a guma;101;Příjem zboží na objednávku;S;263,540;KS;15,08;3974,18;CZK;;Bossard CZ s.r.o.;;SN4206;;;;NOVAKJ;4010 Nákup
02.03.2026;02.03.2026;4900001338;1;2000;0001;1000341;Motor 96 kW;Elektro;101;Příjem zboží na objednávku;S;168,170;KS;613,57;103184,07;CZK;;Colorlak a.s.;;SN5419;;;;HORAKT;4010 Nákup
02.03.2026;02.03.2026;4900001391;1;2000;0001;1000350;Lak polyuretanový RAL 3020;Nátěry a chemie;101;Příjem zboží na objednávku;S;1410,060;L;261,99;369421,62;CZK;;Schneider Electric CZ;;SN5777;;;;PROCHAZ;4010 Nákup
02.03.2026;02.03.2026;4900001801;1;2000;0001;1000271;Čidlo indukční 75 mm;Elektro;261;Výdej do výrobní zakázky;H;-253,960;KS;119,80;-30424,41;CZK;VZ400069;;;;;;;HORAKT;5030 Výroba obrábění
02.03.2026;02.03.2026;4900001801;2;2000;0001;1000382;Deska PE 55 mm;Plasty;261;Výdej do výrobní zakázky;H;-171,080;KG;70,90;-12129,57;CZK;VZ400069;;;;;;;CERNAT;5030 Výroba obrábění
02.03.2026;02.03.2026;4900001801;3;2000;0001;1000166;Motor 76 kW;Elektro;261;Výdej do výrobní zakázky;H;-311,080;KS;333,01;-103592,75;CZK;VZ400069;;;;;;;SVOBODM;5030 Výroba obrábění
02.03.2026;02.03.2026;4900001801;4;2000;0001;1000345;Tyč kruhová 110 mm;Ocel;261;Výdej do výrobní zakázky;H;-14,280;KG;36,23;-517,36;CZK;VZ400069;;;;;;;SVOBODM;5030 Výroba obrábění
02.03.2026;02.03.2026;4900001801;5;2000;0001;1000351;O-kroužek 30 mm;Těsnění a guma;261;Výdej do výrobní zakázky;H;-56,840;KS;59,66;-3391,07;CZK;VZ400069;;;;;;;PROCHAZ;5020 Výroba montáž
02.03.2026;02.03.2026;4900001801;6;2000;0001;1000177;Plech ocelový 91 mm;Ocel;261;Výdej do výrobní zakázky;H;-22,400;KG;41,14;-921,54;CZK;VZ400069;;;;;;;SVOBODM;5030 Výroba obrábění
02.03.2026;02.03.2026;4900001802;1;2000;0001;1000166;Motor 76 kW;Elektro;551;Výdej do šrotu;H;-11,600;KS;333,01;-3862,92;CZK;VZ400069;;;;;;;NOVAKJ;5030 Výroba obrábění
02.03.2026;02.03.2026;4900001807;1;1000;0003;5000111;Převodovka šneková F683;Hotový výrobek;131;Příjem z výroby;S;20,000;KS;6903,87;138077,40;CZK;VZ400071;;;SV2732;;;;SVOBODM;5020 Výroba montáž
02.03.2026;02.03.2026;4900001891;1;2000;0003;5000131;Převodovka šneková B156;Hotový výrobek;131;Příjem z výroby;S;40,000;KS;10607,58;424303,20;CZK;VZ400117;;;SV8272;;;;VESELAM;5020 Výroba montáž
02.03.2026;02.03.2026;4900001908;1;2000;0001;1000198;Trubka ocelová 56x45;Ocel;261;Výdej do výrobní zakázky;H;-39,730;KG;20,95;-832,34;CZK;VZ400128;;;;;;;NOVAKJ;5020 Výroba montáž
02.03.2026;02.03.2026;4900001908;2;2000;0001;1000174;Nýt 118x78;Spojovací materiál;261;Výdej do výrobní zakázky;H;-110,200;KS;11,72;-1291,54;CZK;VZ400128;;;;;;;CERNAT;5030 Výroba obrábění
02.03.2026;02.03.2026;4900001908;3;2000;0001;1000274;Těsnění ploché 75 mm;Těsnění a guma;261;Výdej do výrobní zakázky;H;-230,260;KS;26,80;-6170,97;CZK;VZ400128;;;;;;;SVOBODM;5030 Výroba obrábění
02.03.2026;02.03.2026;4900001908;4;2000;0001;1000345;Tyč kruhová 110 mm;Ocel;261;Výdej do výrobní zakázky;H;-62,640;KG;36,23;-2269,45;CZK;VZ400128;;;;;;;SVOBODM;5030 Výroba obrábění
02.03.2026;02.03.2026;4900001908;5;2000;0001;1000167;Nýt 105x50;Spojovací materiál;261;Výdej do výrobní zakázky;H;-59,160;KS;10,11;-598,11;CZK;VZ400128;;;;;;;HORAKT;5030 Výroba obrábění
02.03.2026;02.03.2026;4900001908;6;2000;0001;1000262;Plech Al 68 mm;Hliník;261;Výdej do výrobní zakázky;H;-202,710;KG;60,20;-12203,14;CZK;VZ400128;;;;;;;NOVAKJ;5020 Výroba montáž
02.03.2026;02.03.2026;4900001908;7;2000;0001;1000208;Stykač 43 A;Elektro;261;Výdej do výrobní zakázky;H;-32,770;KS;687,68;-22535,27;CZK;VZ400128;;;;;;;NOVAKJ;5030 Výroba obrábění
02.03.2026;02.03.2026;4900001908;8;2000;0001;1000293;Matice M3;Spojovací materiál;261;Výdej do výrobní zakázky;H;-253,170;KS;10,49;-2655,75;CZK;VZ400128;;;;;;;DVORAKP;5030 Výroba obrábění
02.03.2026;02.03.2026;4900001971;1;1000;0003;5000112;Rám podvozkový A238;Hotový výrobek;131;Příjem z výroby;S;26,000;KS;1349,43;35085,18;CZK;VZ400169;;;SV7351;;;;PROCHAZ;5020 Výroba montáž
02.03.2026;02.03.2026;4900002046;1;1000;0003;5000142;Rám podvozkový A874;Hotový výrobek;131;Příjem z výroby;S;26,000;KS;7208,74;187427,24;CZK;VZ400217;;;SV1737;;;;CERNAT;5020 Výroba montáž
02.03.2026;02.03.2026;4900002061;1;1000;0001;1000183;O-kroužek 107 mm;Těsnění a guma;261;Výdej do výrobní zakázky;H;-283,030;KS;51,09;-14460,00;CZK;VZ400231;;;;;;;CERNAT;5030 Výroba obrábění
02.03.2026;02.03.2026;4900002061;2;1000;0001;1000375;Deska PE 101 mm;Plasty;261;Výdej do výrobní zakázky;H;-33,170;KG;63,57;-2108,62;CZK;VZ400231;;;;;;;VESELAM;5020 Výroba montáž
02.03.2026;02.03.2026;4900002061;3;1000;0001;1000167;Nýt 105x50;Spojovací materiál;261;Výdej do výrobní zakázky;H;-192,820;KS;10,11;-1949,41;CZK;VZ400231;;;;;;;KUCERAL;5020 Výroba montáž
02.03.2026;02.03.2026;4900002061;4;1000;0001;1000245;Ředidlo S51;Nátěry a chemie;261;Výdej do výrobní zakázky;H;-58,900;L;96,37;-5676,19;CZK;VZ400231;;;;;;;PROCHAZ;5020 Výroba montáž
02.03.2026;02.03.2026;4900002061;5;1000;0001;1000130;Deska PE 105 mm;Plasty;261;Výdej do výrobní zakázky;H;-105,400;KG;64,17;-6763,52;CZK;VZ400231;;;;;;;VESELAM;5020 Výroba montáž
02.03.2026;02.03.2026;4900002061;6;1000;0001;1000111;Podložka 21;Spojovací materiál;261;Výdej do výrobní zakázky;H;-169,880;KS;16,00;-2718,08;CZK;VZ400231;;;;;;;PROCHAZ;5030 Výroba obrábění
02.03.2026;02.03.2026;4900002062;1;1000;0001;1000167;Nýt 105x50;Spojovací materiál;551;Výdej do šrotu;H;-7,610;KS;10,11;-76,94;CZK;VZ400231;;;;;;;KUCERAL;5030 Výroba obrábění
02.03.2026;02.03.2026;4900002173;1;1000;0003;5000101;Převodovka šneková B301;Hotový výrobek;601;Výdej při dodání zákazníkovi;H;-4,000;KS;9813,50;-39254,00;CZK;;;Škoda Auto a.s.;SV2804;56844,60;39254,00;10795,39;KUCERAL;6010 Expedice
02.03.2026;02.03.2026;4900002193;1;1000;0003;5000136;Svařenec nosný A321;Hotový výrobek;601;Výdej při dodání zákazníkovi;H;-19,000;KS;13945,05;-264955,95;CZK;;;Tatra Trucks a.s.;SV4398;346415,45;264955,95;69699,65;CERNAT;6010 Expedice
02.03.2026;02.03.2026;4900002278;1;1000;0003;5000129;Ventilová jednotka F138;Hotový výrobek;601;Výdej při dodání zákazníkovi;H;-35,000;KS;5816,31;-203570,85;CZK;;;Continental Automotive;SV1435;289047,31;203570,85;52776,49;NOVAKJ;6010 Expedice
02.03.2026;02.03.2026;4900002323;1;1000;0003;5000148;Konzole montážní A793;Hotový výrobek;601;Výdej při dodání zákazníkovi;H;-21,000;KS;7570,47;-158979,87;CZK;;;Witte Automotive;SV8563;243727,58;158979,87;55331,96;VESELAM;6010 Expedice
02.03.2026;02.03.2026;4900002330;1;1000;0003;5000141;Převodovka šneková F508;Hotový výrobek;601;Výdej při dodání zákazníkovi;H;-13,000;KS;1789,06;-23257,78;CZK;;;Magna Exteriors Bohemia;SV5433;25141,02;23257,78;5396,54;DVORAKP;6010 Expedice
02.03.2026;02.03.2026;4900002362;1;1000;0003;5000145;Hydraulický agregát D249;Hotový výrobek;601;Výdej při dodání zákazníkovi;H;-15,000;KS;13840,02;-207600,30;CZK;;;Witte Automotive;SV5363;283336,58;207600,30;51232,21;DVORAKP;6010 Expedice
02.03.2026;02.03.2026;4900002457;1;1000;0003;5000115;Hydraulický agregát D743;Hotový výrobek;601;Výdej při dodání zákazníkovi;H;-11,000;KS;2017,76;-22195,36;CZK;;;Magna Exteriors Bohemia;SV3765;32007,33;22195,36;7093,80;HORAKT;6010 Expedice
02.03.2026;02.03.2026;4900002570;1;2000;0003;5000139;Ventilová jednotka D215;Hotový výrobek;601;Výdej při dodání zákazníkovi;H;-6,000;KS;3887,14;-23322,84;CZK;;;Hanon Systems Autopal;SV1763;34153,77;23322,84;5878,10;VESELAM;6010 Expedice
02.03.2026;02.03.2026;4900002607;1;2000;0003;5000105;Hydraulický agregát F685;Hotový výrobek;601;Výdej při dodání zákazníkovi;H;-8,000;KS;5566,06;-44528,48;CZK;;;Brose CZ spol. s r.o.;SV8371;63170,60;44528,48;11590,12;PROCHAZ;6010 Expedice
03.03.2026;03.03.2026;4900000074;1;1000;0001;1000113;Těsnění ploché 115 mm;Těsnění a guma;101;Příjem zboží na objednávku;S;911,570;KS;13,01;11859,53;CZK;;ArcelorMittal Distribution;;SN9981;;;;SVOBODM;4010 Nákup
03.03.2026;03.03.2026;4900000328;1;2000;0001;1000158;Deska PP 31 mm;Plasty;101;Příjem zboží na objednávku;S;555,060;KG;75,68;42006,94;CZK;;Schneider Electric CZ;;SN1561;;;;CERNAT;4010 Nákup
03.03.2026;03.03.2026;4900000350;1;1000;0001;1000162;Manžeta 19x29;Těsnění a guma;101;Příjem zboží na objednávku;S;748,050;KS;19,44;14542,09;CZK;;Ferona a.s.;;SN4899;;;;CERNAT;4010 Nákup
03.03.2026;03.03.2026;4900000758;1;1000;0001;1000235;Deska PE 105 mm;Plasty;101;Příjem zboží na objednávku;S;661,230;KG;73,09;48329,30;CZK;;ArcelorMittal Distribution;;SN6297;;;;SVOBODM;4010 Nákup
03.03.2026;03.03.2026;4900000886;1;1000;0001;1000258;Kolík 6x58;Spojovací materiál;101;Příjem zboží na objednávku;S;369,820;KS;4,08;1508,87;CZK;;ABB s.r.o.;;SN9421;;;;CERNAT;4010 Nákup
03.03.2026;03.03.2026;4900001067;1;1000;0001;1000292;Kabel CYKY 10x22;Elektro;101;Příjem zboží na objednávku;S;1022,440;KS;573,52;586389,79;CZK;;Colorlak a.s.;;SN1938;;;;HORAKT;4010 Nákup
03.03.2026;03.03.2026;4900001104;1;1000;0001;1000298;Granulát PA6 97;Plasty;101;Příjem zboží na objednávku;S;2153,470;KG;78,04;168056,80;CZK;;ThyssenKrupp Ferrostal;;SN1800;;;;PROCHAZ;4010 Nákup
03.03.2026;03.03.2026;4900001150;1;1000;0001;1000306;Motor 8 kW;Elektro;101;Příjem zboží na objednávku;S;467,320;KS;611,12;285588,60;CZK;;Lapp Kabel s.r.o.;;SN3325;;;;KUCERAL;4010 Nákup
03.03.2026;03.03.2026;4900001151;1;1000;0001;1000306;Motor 8 kW;Elektro;101;Příjem zboží na objednávku;S;447,080;KS;611,12;273219,53;CZK;;Wurth s.r.o.;;SN5106;;;;HORAKT;4010 Nákup
03.03.2026;03.03.2026;4900001239;1;2000;0001;1000322;Lak polyuretanový RAL 7035;Nátěry a chemie;101;Příjem zboží na objednávku;S;1669,020;L;219,04;365582,14;CZK;;Metalšrot Tlumačov;;SN1132;;;;NOVAKJ;4010 Nákup
03.03.2026;03.03.2026;4900001628;1;1000;0001;1000394;Profil U 48;Ocel;101;Příjem zboží na objednávku;S;1199,450;KG;23,81;28558,90;CZK;;ESSA Czech;;SN1881;;;;SVOBODM;4010 Nákup
03.03.2026;03.03.2026;4900001642;1;1000;0001;1000397;Motor 114 kW;Elektro;101;Příjem zboží na objednávku;S;219,080;KS;710,22;155595,00;CZK;;Hennlich s.r.o.;;SN5354;;;;CERNAT;4010 Nákup
03.03.2026;03.03.2026;4900001708;1;1000;0003;5000136;Svařenec nosný A321;Hotový výrobek;131;Příjem z výroby;S;45,000;KS;13945,05;627527,25;CZK;VZ400025;;;SV6494;;;;PROCHAZ;5020 Výroba montáž
03.03.2026;03.03.2026;4900001711;1;1000;0001;1000155;Těsnění ploché 95 mm;Těsnění a guma;261;Výdej do výrobní zakázky;H;-20,680;KS;30,84;-637,77;CZK;VZ400027;;;;;;;NOVAKJ;5030 Výroba obrábění
03.03.2026;03.03.2026;4900001711;2;1000;0001;1000179;Granulát ABS 25;Plasty;261;Výdej do výrobní zakázky;H;-79,530;KG;54,80;-4358,24;CZK;VZ400027;;;;;;;NOVAKJ;5020 Výroba montáž
03.03.2026;03.03.2026;4900001711;3;1000;0001;1000250;Kabel CYKY 34x42;Elektro;261;Výdej do výrobní zakázky;H;-91,630;KS;795,46;-72888,00;CZK;VZ400027;;;;;;;KUCERAL;5030 Výroba obrábění
03.03.2026;03.03.2026;4900001711;4;1000;0001;1000162;Manžeta 19x29;Těsnění a guma;261;Výdej do výrobní zakázky;H;-105,600;KS;19,44;-2052,86;CZK;VZ400027;;;;;;;CERNAT;5020 Výroba montáž
03.03.2026;03.03.2026;4900001711;5;1000;0001;1000369;Kabel CYKY 69x15;Elektro;261;Výdej do výrobní zakázky;H;-69,300;KS;47,42;-3286,21;CZK;VZ400027;;;;;;;VESELAM;5030 Výroba obrábění
03.03.2026;03.03.2026;4900001711;6;1000;0001;1000260;Těsnění ploché 87 mm;Těsnění a guma;261;Výdej do výrobní zakázky;H;-75,130;KS;22,51;-1691,18;CZK;VZ400027;;;;;;;KUCERAL;5030 Výroba obrábění
03.03.2026;03.03.2026;4900001711;7;1000;0001;1000382;Deska PE 55 mm;Plasty;261;Výdej do výrobní zakázky;H;-14,630;KG;70,90;-1037,27;CZK;VZ400027;;;;;;;DVORAKP;5030 Výroba obrábění
03.03.2026;03.03.2026;4900001746;1;2000;0003;5000117;Kryt převodovky F393;Hotový výrobek;131;Příjem z výroby;S;30,000;KS;6197,29;185918,70;CZK;VZ400043;;;SV4297;;;;SVOBODM;5020 Výroba montáž
03.03.2026;03.03.2026;4900001796;1;1000;0003;5000146;Svařenec nosný E906;Hotový výrobek;131;Příjem z výroby;S;43,000;KS;3723,23;160098,89;CZK;VZ400066;;;SV4076;;;;NOVAKJ;5020 Výroba montáž
03.03.2026;03.03.2026;4900001983;1;2000;0001;1000198;Trubka ocelová 56x45;Ocel;261;Výdej do výrobní zakázky;H;-61,650;KG;20,95;-1291,57;CZK;VZ400178;;;;;;;HORAKT;5030 Výroba obrábění
03.03.2026;03.03.2026;4900001983;2;2000;0001;1000174;Nýt 118x78;Spojovací materiál;261;Výdej do výrobní zakázky;H;-171,000;KS;11,72;-2004,12;CZK;VZ400178;;;;;;;HORAKT;5020 Výroba montáž
03.03.2026;03.03.2026;4900001983;3;2000;0001;1000274;Těsnění ploché 75 mm;Těsnění a guma;261;Výdej do výrobní zakázky;H;-357,300;KS;26,80;-9575,64;CZK;VZ400178;;;;;;;PROCHAZ;5030 Výroba obrábění
03.03.2026;03.03.2026;4900001983;4;2000;0001;1000345;Tyč kruhová 110 mm;Ocel;261;Výdej do výrobní zakázky;H;-97,200;KG;36,23;-3521,56;CZK;VZ400178;;;;;;;CERNAT;5020 Výroba montáž
03.03.2026;03.03.2026;4900001983;5;2000;0001;1000167;Nýt 105x50;Spojovací materiál;261;Výdej do výrobní zakázky;H;-91,800;KS;10,11;-928,10;CZK;VZ400178;;;;;;;CERNAT;5020 Výroba montáž
03.03.2026;03.03.2026;4900001983;6;2000;0001;1000262;Plech Al 68 mm;Hliník;261;Výdej do výrobní zakázky;H;-314,550;KG;60,20;-18935,91;CZK;VZ400178;;;;;;;HORAKT;5020 Výroba montáž
03.03.2026;03.03.2026;4900001983;7;2000;0001;1000208;Stykač 43 A;Elektro;261;Výdej do výrobní zakázky;H;-50,850;KS;687,68;-34968,53;CZK;VZ400178;;;;;;;VESELAM;5020 Výroba montáž
03.03.2026;03.03.2026;4900001983;8;2000;0001;1000293;Matice M3;Spojovací materiál;261;Výdej do výrobní zakázky;H;-392,850;KS;10,49;-4121,00;CZK;VZ400178;;;;;;;VESELAM;5030 Výroba obrábění
03.03.2026;03.03.2026;4900002063;1;1000;0003;5000112;Rám podvozkový A238;Hotový výrobek;131;Příjem z výroby;S;31,000;KS;1349,43;41832,33;CZK;VZ400231;;;SV8500;;;;PROCHAZ;5020 Výroba montáž
03.03.2026;03.03.2026;4900002143;1;1000;0001;1000301;Lak polyuretanový RAL 5010;Nátěry a chemie;261;Výdej do výrobní zakázky;H;-43,560;L;339,05;-14769,02;CZK;VZ400296;;;;;;;KUCERAL;5020 Výroba montáž
03.03.2026;03.03.2026;4900002143;2;1000;0001;1000373;Tyč kruhová 44 mm;Ocel;261;Výdej do výrobní zakázky;H;-181,830;KG;31,69;-5762,19;CZK;VZ400296;;;;;;;DVORAKP;5030 Výroba obrábění
03.03.2026;03.03.2026;4900002143;3;1000;0001;1000395;Profil Al 33x47;Hliník;261;Výdej do výrobní zakázky;H;-73,590;KG;128,86;-9482,81;CZK;VZ400296;;;;;;;NOVAKJ;5020 Výroba montáž
03.03.2026;03.03.2026;4900002143;4;1000;0001;1000322;Lak polyuretanový RAL 7035;Nátěry a chemie;261;Výdej do výrobní zakázky;H;-254,760;L;219,04;-55802,63;CZK;VZ400296;;;;;;;PROCHAZ;5030 Výroba obrábění
03.03.2026;03.03.2026;4900002143;5;1000;0001;1000183;O-kroužek 107 mm;Těsnění a guma;261;Výdej do výrobní zakázky;H;-48,840;KS;51,09;-2495,24;CZK;VZ400296;;;;;;;DVORAKP;5030 Výroba obrábění
03.03.2026;03.03.2026;4900002143;6;1000;0001;1000299;Čidlo indukční 99 mm;Elektro;261;Výdej do výrobní zakázky;H;-115,170;KS;576,77;-66426,60;CZK;VZ400296;;;;;;;HORAKT;5020 Výroba montáž
03.03.2026;03.03.2026;4900002174;1;1000;0003;5000101;Převodovka šneková B301;Hotový výrobek;601;Výdej při dodání zákazníkovi;H;-6,000;KS;9813,50;-58881,00;CZK;;;Hanon Systems Autopal;SV6124;85289,31;58881,00;19023,80;CERNAT;6010 Expedice
03.03.2026;03.03.2026;4900002194;1;1000;0003;5000136;Svařenec nosný A321;Hotový výrobek;601;Výdej při dodání zákazníkovi;H;-21,000;KS;13945,05;-292846,05;CZK;;;Juta a.s.;SV1677;377740,40;292846,05;75686,40;PROCHAZ;6010 Expedice
03.03.2026;03.03.2026;4900002223;1;2000;0003;5000120;Čerpadlo odstředivé C541;Hotový výrobek;601;Výdej při dodání zákazníkovi;H;-21,000;KS;10850,00;-227850,00;CZK;;;Tatra Trucks a.s.;SV6282;336512,01;227850,00;73643,67;DVORAKP;6010 Expedice
03.03.2026;03.03.2026;4900002318;1;2000;0003;5000131;Převodovka šneková B156;Hotový výrobek;601;Výdej při dodání zákazníkovi;H;-22,000;KS;10607,58;-233366,76;CZK;;;Juta a.s.;SV8286;364030,36;233366,76;80127,54;PROCHAZ;6010 Expedice
03.03.2026;03.03.2026;4900002357;1;1000;0003;5000149;Ventilová jednotka B989;Hotový výrobek;601;Výdej při dodání zákazníkovi;H;-8,000;KS;1674,23;-13393,84;CZK;;;Hanon Systems Autopal;SV4457;19927,36;13393,84;3801,40;NOVAKJ;6010 Expedice
03.03.2026;03.03.2026;4900002437;1;1000;0003;5000142;Rám podvozkový A874;Hotový výrobek;601;Výdej při dodání zákazníkovi;H;-22,000;KS;7208,74;-158592,28;CZK;;;Continental Automotive;SV3888;242622,95;158592,28;45346,13;HORAKT;6010 Expedice
03.03.2026;03.03.2026;4900002456;1;1000;0003;5000115;Hydraulický agregát D743;Hotový výrobek;601;Výdej při dodání zákazníkovi;H;-22,000;KS;2017,76;-44390,72;CZK;;;Brose CZ spol. s r.o.;SV7966;66390,93;44390,72;12937,77;NOVAKJ;6010 Expedice
03.03.2026;03.03.2026;4900002474;1;2000;0003;5000109;Ventilová jednotka D945;Hotový výrobek;601;Výdej při dodání zákazníkovi;H;-7,000;KS;15315,80;-107210,60;CZK;;;Bosch Diesel s.r.o.;SV4010;172812,78;107210,60;36562,37;PROCHAZ;6010 Expedice
03.03.2026;03.03.2026;4900002497;1;2000;0003;5000120;Čerpadlo odstředivé C541;Hotový výrobek;601;Výdej při dodání zákazníkovi;H;-23,000;KS;10850,00;-249550,00;CZK;;;Linet spol. s r.o.;SV3169;369649,01;249550,00;84835,92;CERNAT;6010 Expedice
03.03.2026;03.03.2026;4900002558;1;1000;0003;5000112;Rám podvozkový A238;Hotový výrobek;601;Výdej při dodání zákazníkovi;H;-6,000;KS;1349,43;-8096,58;CZK;;;Continental Automotive;SV3577;12426,56;8096,58;2658,71;CERNAT;6010 Expedice
04.03.2026;04.03.2026;4900000085;1;1000;0001;1000115;Profil Al 44x37;Hliník;101;Příjem zboží na objednávku;S;1875,580;KG;75,99;142525,32;CZK;;Fabory CZ;;SN6800;;;;NOVAKJ;4010 Nákup
04.03.2026;04.03.2026;4900000114;1;2000;0001;1000120;Těsnění ploché 42 mm;Těsnění a guma;101;Příjem zboží na objednávku;S;326,710;KS;37,41;12222,22;CZK;;Schneider Electric CZ;;SN1533;;;;SVOBODM;4010 Nákup
04.03.2026;04.03.2026;4900000373;1;1000;0001;1000166;Motor 76 kW;Elektro;101;Příjem zboží na objednávku;S;794,110;KS;333,01;264446,57;CZK;;ESSA Czech;;SN3363;;;;HORAKT;4010 Nákup
04.03.2026;04.03.2026;4900000388;1;1000;0001;1000168;Základní barva RAL 3020;Nátěry a chemie;101;Příjem zboží na objednávku;S;944,480;L;115,98;109540,79;CZK;;Colorlak a.s.;;SN8217;;;;KUCERAL;4010 Nákup
04.03.2026;04.03.2026;4900000660;1;1000;0001;1000217;Odmašťovač RAL 6011;Nátěry a chemie;101;Příjem zboží na objednávku;S;557,530;L;302,81;168825,66;CZK;;Resinex CZ s.r.o.;;SN7106;;;;NOVAKJ;4010 Nákup
04.03.2026;04.03.2026;4900000742;1;2000;0001;1000233;Trubka ocelová 70x56;Ocel;101;Příjem zboží na objednávku;S;446,350;KG;20,71;9243,91;CZK;;Trelleborg Bohemia;;SN5007;;;;NOVAKJ;4010 Nákup
04.03.2026;04.03.2026;4900000743;1;2000;0001;1000233;Trubka ocelová 70x56;Ocel;101;Příjem zboží na objednávku;S;1833,240;KG;20,71;37966,40;CZK;;ArcelorMittal Distribution;;SN5657;;;;CERNAT;4010 Nákup
04.03.2026;04.03.2026;4900000746;1;2000;0001;1000233;Trubka ocelová 70x56;Ocel;101;Příjem zboží na objednávku;S;820,660;KG;20,71;16995,87;CZK;;Hennlich s.r.o.;;SN9964;;;;DVORAKP;4010 Nákup
04.03.2026;04.03.2026;4900001110;1;1000;0001;1000299;Čidlo indukční 99 mm;Elektro;101;Příjem zboží na objednávku;S;117,010;KS;576,77;67487,86;CZK;;Siemens s.r.o.;;SN2269;;;;CERNAT;4010 Nákup
04.03.2026;04.03.2026;4900001199;1;1000;0001;1000315;Ředidlo S67;Nátěry a chemie;101;Příjem zboží na objednávku;S;1848,680;L;248,62;459618,82;CZK;;Bibus s.r.o.;;SN9665;;;;KUCERAL;4010 Nákup
04.03.2026;04.03.2026;4900001304;1;2000;0001;1000334;Stykač 101 A;Elektro;101;Příjem zboží na objednávku;S;679,850;KS;740,62;503510,51;CZK;;ABB s.r.o.;;SN2959;;;;HORAKT;4010 Nákup
04.03.2026;04.03.2026;4900001407;1;2000;0001;1000354;Deska PP 23 mm;Plasty;101;Příjem zboží na objednávku;S;590,550;KG;92,78;54791,23;CZK;;Resinex CZ s.r.o.;;SN2478;;;;NOVAKJ;4010 Nákup
04.03.2026;04.03.2026;4900001472;1;1000;0001;1000365;O-kroužek 119 mm;Těsnění a guma;101;Příjem zboží na objednávku;S;985,780;KS;65,35;64420,72;CZK;;Metalšrot Tlumačov;;SN7815;;;;HORAKT;4010 Nákup
04.03.2026;04.03.2026;4900001626;1;1000;0001;1000394;Profil U 48;Ocel;101;Příjem zboží na objednávku;S;2080,370;KG;23,81;49533,61;CZK;;Alumat s.r.o.;;SN1546;;;;CERNAT;4010 Nákup
04.03.2026;04.03.2026;4900001716;1;2000;0003;5000137;Kryt převodovky B734;Hotový výrobek;131;Příjem z výroby;S;42,000;KS;4419,44;185616,48;CZK;VZ400029;;;SV2948;;;;PROCHAZ;5020 Výroba montáž
04.03.2026;04.03.2026;4900001769;1;2000;0003;5000119;Ventilová jednotka B766;Hotový výrobek;131;Příjem z výroby;S;44,000;KS;5908,29;259964,76;CZK;VZ400053;;;SV6546;;;;VESELAM;5020 Výroba montáž
04.03.2026;04.03.2026;4900001770;1;2000;0001;1000311;Profil Al 93x76;Hliník;261;Výdej do výrobní zakázky;H;-6,000;KG;92,87;-557,22;CZK;VZ400054;;;;;;;NOVAKJ;5020 Výroba montáž
04.03.2026;04.03.2026;4900001770;2;2000;0001;1000152;Frekvenční měnič 74 kW;Elektro;261;Výdej do výrobní zakázky;H;-28,300;KS;607,08;-17180,36;CZK;VZ400054;;;;;;;PROCHAZ;5020 Výroba montáž
04.03.2026;04.03.2026;4900001770;3;2000;0001;1000207;Granulát PA6 54;Plasty;261;Výdej do výrobní zakázky;H;-18,900;KG;68,70;-1298,43;CZK;VZ400054;;;;;;;PROCHAZ;5020 Výroba montáž
04.03.2026;04.03.2026;4900001770;4;2000;0001;1000397;Motor 114 kW;Elektro;261;Výdej do výrobní zakázky;H;-86,700;KS;710,22;-61576,07;CZK;VZ400054;;;;;;;NOVAKJ;5030 Výroba obrábění
04.03.2026;04.03.2026;4900001770;5;2000;0001;1000288;Těsnění ploché 57 mm;Těsnění a guma;261;Výdej do výrobní zakázky;H;-32,300;KS;50,59;-1634,06;CZK;VZ400054;;;;;;;CERNAT;5030 Výroba obrábění
04.03.2026;04.03.2026;4900001770;6;2000;0001;1000358;Tlumič gumový 49;Těsnění a guma;261;Výdej do výrobní zakázky;H;-99,600;KS;45,51;-4532,80;CZK;VZ400054;;;;;;;VESELAM;5030 Výroba obrábění
04.03.2026;04.03.2026;4900001803;1;2000;0003;5000117;Kryt převodovky F393;Hotový výrobek;131;Příjem z výroby;S;28,000;KS;6197,29;173524,12;CZK;VZ400069;;;SV1411;;;;NOVAKJ;5020 Výroba montáž
04.03.2026;04.03.2026;4900001909;1;2000;0003;5000132;Rám podvozkový C802;Hotový výrobek;131;Příjem z výroby;S;29,000;KS;1980,08;57422,32;CZK;VZ400128;;;SV6409;;;;DVORAKP;5020 Výroba montáž
04.03.2026;04.03.2026;4900001929;1;2000;0003;5000131;Převodovka šneková B156;Hotový výrobek;131;Příjem z výroby;S;34,000;KS;10607,58;360657,72;CZK;VZ400144;;;SV6286;;;;NOVAKJ;5020 Výroba montáž
04.03.2026;04.03.2026;4900001941;1;1000;0001;1000162;Manžeta 19x29;Těsnění a guma;261;Výdej do výrobní zakázky;H;-143,430;KS;19,44;-2788,28;CZK;VZ400152;;;;;;;KUCERAL;5020 Výroba montáž
04.03.2026;04.03.2026;4900001941;2;1000;0001;1000305;Granulát ABS 54;Plasty;261;Výdej do výrobní zakázky;H;-160,230;KG;83,28;-13343,95;CZK;VZ400152;;;;;;;VESELAM;5020 Výroba montáž
04.03.2026;04.03.2026;4900001941;3;1000;0001;1000205;Trubka ocelová 6x21;Ocel;261;Výdej do výrobní zakázky;H;-76,650;KG;20,71;-1587,42;CZK;VZ400152;;;;;;;HORAKT;5030 Výroba obrábění
04.03.2026;04.03.2026;4900001941;4;1000;0001;1000246;Těsnění ploché 116 mm;Těsnění a guma;261;Výdej do výrobní zakázky;H;-130,830;KS;47,79;-6252,37;CZK;VZ400152;;;;;;;NOVAKJ;5030 Výroba obrábění
04.03.2026;04.03.2026;4900001941;5;1000;0001;1000280;Lak polyuretanový RAL 5010;Nátěry a chemie;261;Výdej do výrobní zakázky;H;-25,620;L;269,15;-6895,62;CZK;VZ400152;;;;;;;VESELAM;5020 Výroba montáž
04.03.2026;04.03.2026;4900002014;1;2000;0003;5000109;Ventilová jednotka D945;Hotový výrobek;131;Příjem z výroby;S;34,000;KS;15315,80;520737,20;CZK;VZ400196;;;SV5733;;;;HORAKT;5020 Výroba montáž
04.03.2026;04.03.2026;4900002104;1;2000;0001;1000250;Kabel CYKY 34x42;Elektro;261;Výdej do výrobní zakázky;H;-221,850;KS;795,46;-176472,80;CZK;VZ400266;;;;;;;SVOBODM;5020 Výroba montáž
04.03.2026;04.03.2026;4900002104;2;2000;0001;1000171;Plech Al 110 mm;Hliník;261;Výdej do výrobní zakázky;H;-85,550;KG;73,80;-6313,59;CZK;VZ400266;;;;;;;NOVAKJ;5030 Výroba obrábění
04.03.2026;04.03.2026;4900002104;3;2000;0001;1000113;Těsnění ploché 115 mm;Těsnění a guma;261;Výdej do výrobní zakázky;H;-331,470;KS;13,01;-4312,42;CZK;VZ400266;;;;;;;SVOBODM;5030 Výroba obrábění
04.03.2026;04.03.2026;4900002104;4;2000;0001;1000357;Ředidlo S101;Nátěry a chemie;261;Výdej do výrobní zakázky;H;-182,990;L;181,43;-33199,88;CZK;VZ400266;;;;;;;NOVAKJ;5020 Výroba montáž
04.03.2026;04.03.2026;4900002104;5;2000;0001;1000117;Motor 72 kW;Elektro;261;Výdej do výrobní zakázky;H;-195,170;KS;660,38;-128886,36;CZK;VZ400266;;;;;;;SVOBODM;5020 Výroba montáž
04.03.2026;04.03.2026;4900002104;6;2000;0001;1000336;Základní barva RAL 7035;Nátěry a chemie;261;Výdej do výrobní zakázky;H;-186,180;L;119,31;-22213,14;CZK;VZ400266;;;;;;;NOVAKJ;5020 Výroba montáž
04.03.2026;04.03.2026;4900002144;1;1000;0003;5000129;Ventilová jednotka F138;Hotový výrobek;131;Příjem z výroby;S;33,000;KS;5816,31;191938,23;CZK;VZ400296;;;SV9978;;;;SVOBODM;5020 Výroba montáž
04.03.2026;04.03.2026;4900002168;1;1000;0003;5000130;Čerpadlo odstředivé A643;Hotový výrobek;601;Výdej při dodání zákazníkovi;H;-6,000;KS;7168,49;-43010,94;CZK;;;Brose CZ spol. s r.o.;SV7710;68771,71;43010,94;14898,76;PROCHAZ;6010 Expedice
04.03.2026;04.03.2026;4900002279;1;2000;0003;5000135;Hydraulický agregát F221;Hotový výrobek;601;Výdej při dodání zákazníkovi;H;-13,000;KS;7365,30;-95748,90;CZK;;;Witte Automotive;SV9424;131781,77;95748,90;27709,50;NOVAKJ;6010 Expedice
04.03.2026;04.03.2026;4900002333;1;1000;0003;5000101;Převodovka šneková B301;Hotový výrobek;601;Výdej při dodání zákazníkovi;H;-24,000;KS;9813,50;-235524,00;CZK;;;Bonatrans Group a.s.;SV4671;330787,54;235524,00;67777,04;KUCERAL;6010 Expedice
04.03.2026;04.03.2026;4900002476;1;1000;0003;5000143;Skříň rozvaděče B530;Hotový výrobek;601;Výdej při dodání zákazníkovi;H;-11,000;KS;3905,26;-42957,86;CZK;;;Škoda Auto a.s.;SV4354;61849,90;42957,86;12279,02;SVOBODM;6010 Expedice
04.03.2026;04.03.2026;4900002492;1;2000;0003;5000131;Převodovka šneková B156;Hotový výrobek;601;Výdej při dodání zákazníkovi;H;-8,000;KS;10607,58;-84860,64;CZK;;;Škoda Auto a.s.;SV9797;126558,24;84860,64;24248,85;NOVAKJ;6010 Expedice
04.03.2026;04.03.2026;4900002513;1;2000;0003;5000113;Skříň rozvaděče B363;Hotový výrobek;601;Výdej při dodání zákazníkovi;H;-1,000;KS;1821,81;-1821,81;CZK;;;Continental Automotive;SV3899;2792,35;1821,81;508,24;HORAKT;6010 Expedice
04.03.2026;04.03.2026;4900002514;1;2000;0003;5000113;Skříň rozvaděče B363;Hotový výrobek;601;Výdej při dodání zákazníkovi;H;-3,000;KS;1821,81;-5465,43;CZK;;;Hanon Systems Autopal;SV6570;8336,04;5465,43;1605,94;NOVAKJ;6010 Expedice
05.03.2026;05.03.2026;4900000149;1;1000;0001;1000126;Ředidlo S84;Nátěry a chemie;101;Příjem zboží na objednávku;S;993,970;L;237,05;235620,59;CZK;;Metalšrot Tlumačov;;SN4524;;;;HORAKT;4010 Nákup
05.03.2026;05.03.2026;4900000165;1;1000;0001;1000129;Profil Al 107x59;Hliník;101;Příjem zboží na objednávku;S;1538,980;KG;63,91;98356,21;CZK;;Lapp Kabel s.r.o.;;SN2328;;;;NOVAKJ;4010 Nákup
05.03.2026;05.03.2026;4900000222;1;2000;0001;1000140;Lak polyuretanový RAL 3020;Nátěry a chemie;101;Příjem zboží na objednávku;S;1348,650;L;129,92;175216,61;CZK;;Siemens s.r.o.;;SN1221;;;;PROCHAZ;4010 Nákup
05.03.2026;05.03.2026;4900000254;1;1000;0001;1000145;Stykač 108 A;Elektro;101;Příjem zboží na objednávku;S;327,720;KS;646,65;211920,14;CZK;;Haberkorn s.r.o.;;SN2920;;;;CERNAT;4010 Nákup
05.03.2026;05.03.2026;4900000460;1;2000;0001;1000180;Čidlo indukční 72 mm;Elektro;101;Příjem zboží na objednávku;S;323,800;KS;500,05;161916,19;CZK;;Ferona a.s.;;SN7829;;;;CERNAT;4010 Nákup
05.03.2026;05.03.2026;4900000618;1;1000;0001;1000208;Stykač 43 A;Elektro;101;Příjem zboží na objednávku;S;950,940;KS;687,68;653942,42;CZK;;Metalšrot Tlumačov;;SN9295;;;;DVORAKP;4010 Nákup
05.03.2026;05.03.2026;4900000752;1;1000;0001;1000234;Plech Al 44 mm;Hliník;101;Příjem zboží na objednávku;S;1496,840;KG;95,56;143038,03;CZK;;Trelleborg Bohemia;;SN4805;;;;HORAKT;4010 Nákup
05.03.2026;05.03.2026;4900000934;1;1000;0001;1000267;Tlumič gumový 74;Těsnění a guma;101;Příjem zboží na objednávku;S;971,290;KS;25,61;24874,74;CZK;;Plastika Nitra a.s.;;SN2363;;;;CERNAT;4010 Nákup
05.03.2026;05.03.2026;4900001184;1;2000;0001;1000312;Granulát PA6 89;Plasty;101;Příjem zboží na objednávku;S;361,910;KG;55,27;20002,77;CZK;;Schneider Electric CZ;;SN7824;;;;KUCERAL;4010 Nákup
05.03.2026;05.03.2026;4900001288;1;2000;0001;1000330;O-kroužek 39 mm;Těsnění a guma;101;Příjem zboží na objednávku;S;310,100;KS;18,43;5715,14;CZK;;Elektro Cabel CZ;;SN1380;;;;KUCERAL;4010 Nákup
05.03.2026;05.03.2026;4900001314;1;2000;0001;1000336;Základní barva RAL 7035;Nátěry a chemie;101;Příjem zboží na objednávku;S;1410,750;L;119,31;168316,58;CZK;;Bossard CZ s.r.o.;;SN4332;;;;HORAKT;4010 Nákup
05.03.2026;05.03.2026;4900001403;1;1000;0001;1000353;Trubka Al 94 mm;Hliník;101;Příjem zboží na objednávku;S;1774,070;KG;92,49;164083,73;CZK;;Siemens s.r.o.;;SN1158;;;;VESELAM;4010 Nákup
05.03.2026;05.03.2026;4900001598;1;1000;0001;1000388;Profil Al 12x37;Hliník;101;Příjem zboží na objednávku;S;1456,990;KG;100,11;145859,27;CZK;;Hilti ČR s.r.o.;;SN4628;;;;SVOBODM;4010 Nákup
05.03.2026;05.03.2026;4900001712;1;1000;0003;5000101;Převodovka šneková B301;Hotový výrobek;131;Příjem z výroby;S;11,000;KS;9813,50;107948,50;CZK;VZ400027;;;SV7847;;;;VESELAM;5020 Výroba montáž
05.03.2026;05.03.2026;4900001765;1;1000;0001;1000362;Frekvenční měnič 17 kW;Elektro;261;Výdej do výrobní zakázky;H;-110,630;KS;512,26;-56671,32;CZK;VZ400052;;;;;;;KUCERAL;5020 Výroba montáž
05.03.2026;05.03.2026;4900001765;2;1000;0001;1000268;Tyč kruhová 82 mm;Ocel;261;Výdej do výrobní zakázky;H;-25,480;KG;20,79;-529,73;CZK;VZ400052;;;;;;;CERNAT;5030 Výroba obrábění
05.03.2026;05.03.2026;4900001765;3;1000;0001;1000383;Motor 69 kW;Elektro;261;Výdej do výrobní zakázky;H;-41,470;KS;150,72;-6250,36;CZK;VZ400052;;;;;;;VESELAM;5030 Výroba obrábění
05.03.2026;05.03.2026;4900001765;4;1000;0001;1000165;Deska PE 38 mm;Plasty;261;Výdej do výrobní zakázky;H;-9,880;KG;43,33;-428,10;CZK;VZ400052;;;;;;;KUCERAL;5030 Výroba obrábění
05.03.2026;05.03.2026;4900001765;5;1000;0001;1000144;Deska PP 104 mm;Plasty;261;Výdej do výrobní zakázky;H;-61,490;KG;75,68;-4653,56;CZK;VZ400052;;;;;;;VESELAM;5020 Výroba montáž
05.03.2026;05.03.2026;4900001765;6;1000;0001;1000259;Základní barva RAL 3020;Nátěry a chemie;261;Výdej do výrobní zakázky;H;-21,190;L;236,85;-5018,85;CZK;VZ400052;;;;;;;VESELAM;5030 Výroba obrábění
05.03.2026;05.03.2026;4900001765;7;1000;0001;1000174;Nýt 118x78;Spojovací materiál;261;Výdej do výrobní zakázky;H;-112,710;KS;11,72;-1320,96;CZK;VZ400052;;;;;;;HORAKT;5030 Výroba obrábění
05.03.2026;05.03.2026;4900001766;1;1000;0001;1000144;Deska PP 104 mm;Plasty;551;Výdej do šrotu;H;-7,890;KG;75,68;-597,12;CZK;VZ400052;;;;;;;VESELAM;5030 Výroba obrábění
05.03.2026;05.03.2026;4900001942;1;1000;0003;5000141;Převodovka šneková F508;Hotový výrobek;131;Příjem z výroby;S;21,000;KS;1789,06;37570,26;CZK;VZ400152;;;SV8435;;;;HORAKT;5020 Výroba montáž
05.03.2026;05.03.2026;4900002105;1;2000;0003;5000109;Ventilová jednotka D945;Hotový výrobek;131;Příjem z výroby;S;29,000;KS;15315,80;444158,20;CZK;VZ400266;;;SV4087;;;;SVOBODM;5020 Výroba montáž
05.03.2026;05.03.2026;4900002244;1;2000;0003;5000100;Čerpadlo odstředivé A594;Hotový výrobek;601;Výdej při dodání zákazníkovi;H;-7,000;KS;1079,41;-7555,87;CZK;;;Škoda Auto a.s.;SV7650;11685,97;7555,87;2282,75;CERNAT;6010 Expedice
05.03.2026;05.03.2026;4900002317;1;2000;0003;5000131;Převodovka šneková B156;Hotový výrobek;601;Výdej při dodání zákazníkovi;H;-10,000;KS;10607,58;-106075,80;CZK;;;Hanon Systems Autopal;SV8914;164056,99;106075,80;29938,93;SVOBODM;6010 Expedice
05.03.2026;05.03.2026;4900002352;1;2000;0003;5000134;Dopravník pásový E794;Hotový výrobek;601;Výdej při dodání zákazníkovi;H;-6,000;KS;1976,93;-11861,58;CZK;;;Magna Exteriors Bohemia;SV6975;17601,25;11861,58;3556,74;VESELAM;6010 Expedice
05.03.2026;05.03.2026;4900002383;1;2000;0003;5000131;Převodovka šneková B156;Hotový výrobek;601;Výdej při dodání zákazníkovi;H;-40,000;KS;10607,58;-424303,20;CZK;;;Škoda Auto a.s.;SV6993;674295,35;424303,20;126652,94;PROCHAZ;6010 Expedice
05.03.2026;05.03.2026;4900002406;1;1000;0003;5000101;Převodovka šneková B301;Hotový výrobek;601;Výdej při dodání zákazníkovi;H;-1,000;KS;9813,50;-9813,50;CZK;;;Hella Autotechnik Nova;SV8190;11954,64;9813,50;2174,34;PROCHAZ;6010 Expedice
05.03.2026;05.03.2026;4900002455;1;1000;0003;5000112;Rám podvozkový A238;Hotový výrobek;601;Výdej při dodání zákazníkovi;H;-26,000;KS;1349,43;-35085,18;CZK;;;Strojírny Prostějov a.s.;SV4210;51931,33;35085,18;10074,91;VESELAM;6010 Expedice
05.03.2026;05.03.2026;4900002458;1;1000;0003;5000115;Hydraulický agregát D743;Hotový výrobek;601;Výdej při dodání zákazníkovi;H;-10,000;KS;2017,76;-20177,60;CZK;;;Hella Autotechnik Nova;SV6691;25497,99;20177,60;5399,28;DVORAKP;6010 Expedice
05.03.2026;05.03.2026;4900002485;1;1000;0003;5000145;Hydraulický agregát D249;Hotový výrobek;601;Výdej při dodání zákazníkovi;H;-11,000;KS;13840,02;-152240,22;CZK;;;Bosch Diesel s.r.o.;SV1961;209420,23;152240,22;45435,98;CERNAT;6010 Expedice
05.03.2026;05.03.2026;4900002486;1;1000;0003;5000145;Hydraulický agregát D249;Hotový výrobek;601;Výdej při dodání zákazníkovi;H;-3,000;KS;13840,02;-41520,06;CZK;;;Juta a.s.;SV7865;61223,34;41520,06;13612,85;VESELAM;6010 Expedice
05.03.2026;05.03.2026;4900002569;1;2000;0003;5000139;Ventilová jednotka D215;Hotový výrobek;601;Výdej při dodání zákazníkovi;H;-2,000;KS;3887,14;-7774,28;CZK;;;Juta a.s.;SV7581;11191,59;7774,28;2295,65;DVORAKP;6010 Expedice
05.03.2026;05.03.2026;4900002573;1;2000;0003;5000128;Konzole montážní E878;Hotový výrobek;601;Výdej při dodání zákazníkovi;H;-5,000;KS;2954,77;-14773,85;CZK;;;Continental Automotive;SV9250;22996,63;14773,85;4064,51;PROCHAZ;6010 Expedice
05.03.2026;05.03.2026;4900002591;1;1000;0003;5000143;Skříň rozvaděče B530;Hotový výrobek;601;Výdej při dodání zákazníkovi;H;-3,000;KS;3905,26;-11715,78;CZK;;;Strojírny Prostějov a.s.;SV4088;17337,70;11715,78;3724,16;CERNAT;6010 Expedice
05.03.2026;05.03.2026;4900002597;1;1000;0003;5000143;Skříň rozvaděče B530;Hotový výrobek;601;Výdej při dodání zákazníkovi;H;-28,000;KS;3905,26;-109347,28;CZK;;;Tatra Trucks a.s.;SV5121;157088,07;109347,28;27315,09;KUCERAL;6010 Expedice
06.03.2026;06.03.2026;4900000323;1;2000;0001;1000157;Trubka Al 95 mm;Hliník;101;Příjem zboží na objednávku;S;1618,290;KG;85,98;139140,57;CZK;;Alumat s.r.o.;;SN5459;;;;SVOBODM;4010 Nákup
06.03.2026;06.03.2026;4900000467;1;2000;0001;1000182;Ředidlo S111;Nátěry a chemie;101;Příjem zboží na objednávku;S;1553,450;L;318,03;494043,70;CZK;;Killich s.r.o.;;SN6838;;;;PROCHAZ;4010 Nákup
06.03.2026;06.03.2026;4900000475;1;1000;0001;1000183;O-kroužek 107 mm;Těsnění a guma;101;Příjem zboží na objednávku;S;669,490;KS;51,09;34204,24;CZK;;Wurth s.r.o.;;SN6979;;;;CERNAT;4010 Nákup
06.03.2026;06.03.2026;4900000547;1;2000;0001;1000196;Odmašťovač RAL 3020;Nátěry a chemie;101;Příjem zboží na objednávku;S;237,070;L;250,63;59416,85;CZK;;Metalšrot Tlumačov;;SN6672;;;;SVOBODM;4010 Nákup
06.03.2026;06.03.2026;4900001138;1;2000;0001;1000304;Plech Al 29 mm;Hliník;101;Příjem zboží na objednávku;S;1986,080;KG;84,08;166989,61;CZK;;Haberkorn s.r.o.;;SN2224;;;;VESELAM;4010 Nákup
06.03.2026;06.03.2026;4900001276;1;2000;0001;1000329;Lak polyuretanový RAL 3020;Nátěry a chemie;101;Příjem zboží na objednávku;S;1441,950;L;156,30;225376,79;CZK;;Metalšrot Tlumačov;;SN7513;;;;PROCHAZ;4010 Nákup
06.03.2026;06.03.2026;4900001311;1;2000;0001;1000335;Šroub M70x57;Spojovací materiál;101;Příjem zboží na objednávku;S;984,710;KS;4,55;4480,43;CZK;;Rubena a.s.;;SN1123;;;;VESELAM;4010 Nákup
06.03.2026;06.03.2026;4900001878;1;1000;0001;1000367;Trubka Al 13 mm;Hliník;261;Výdej do výrobní zakázky;H;-124,410;KG;97,83;-12171,03;CZK;VZ400111;;;;;;;DVORAKP;5030 Výroba obrábění
06.03.2026;06.03.2026;4900001878;2;1000;0001;1000184;Profil U 96;Ocel;261;Výdej do výrobní zakázky;H;-165,990;KG;20,09;-3334,74;CZK;VZ400111;;;;;;;KUCERAL;5030 Výroba obrábění
06.03.2026;06.03.2026;4900001878;3;1000;0001;1000389;Deska PE 67 mm;Plasty;261;Výdej do výrobní zakázky;H;-22,110;KG;59,43;-1314,00;CZK;VZ400111;;;;;;;NOVAKJ;5030 Výroba obrábění
06.03.2026;06.03.2026;4900001878;4;1000;0001;1000285;Čidlo indukční 55 mm;Elektro;261;Výdej do výrobní zakázky;H;-56,760;KS;424,53;-24096,32;CZK;VZ400111;;;;;;;HORAKT;5020 Výroba montáž
06.03.2026;06.03.2026;4900001878;5;1000;0001;1000202;Kolík 46x32;Spojovací materiál;261;Výdej do výrobní zakázky;H;-369,930;KS;2,81;-1039,50;CZK;VZ400111;;;;;;;SVOBODM;5030 Výroba obrábění
06.03.2026;06.03.2026;4900001888;1;1000;0001;1000238;Lak polyuretanový RAL 9005;Nátěry a chemie;261;Výdej do výrobní zakázky;H;-50,160;L;171,20;-8587,39;CZK;VZ400116;;;;;;;CERNAT;5030 Výroba obrábění
06.03.2026;06.03.2026;4900001888;2;1000;0001;1000348;Motor 108 kW;Elektro;261;Výdej do výrobní zakázky;H;-92,480;KS;739,67;-68404,68;CZK;VZ400116;;;;;;;DVORAKP;5030 Výroba obrábění
06.03.2026;06.03.2026;4900001888;3;1000;0001;1000333;Deska PE 40 mm;Plasty;261;Výdej do výrobní zakázky;H;-53,680;KG;43,58;-2339,37;CZK;VZ400116;;;;;;;NOVAKJ;5020 Výroba montáž
06.03.2026;06.03.2026;4900001888;4;1000;0001;1000117;Motor 72 kW;Elektro;261;Výdej do výrobní zakázky;H;-85,520;KS;660,38;-56475,70;CZK;VZ400116;;;;;;;PROCHAZ;5020 Výroba montáž
06.03.2026;06.03.2026;4900001888;5;1000;0001;1000162;Manžeta 19x29;Těsnění a guma;261;Výdej do výrobní zakázky;H;-30,240;KS;19,44;-587,87;CZK;VZ400116;;;;;;;KUCERAL;5020 Výroba montáž
06.03.2026;06.03.2026;4900001984;1;2000;0003;5000132;Rám podvozkový C802;Hotový výrobek;131;Příjem z výroby;S;45,000;KS;1980,08;89103,60;CZK;VZ400178;;;SV7984;;;;PROCHAZ;5020 Výroba montáž
06.03.2026;06.03.2026;4900002151;1;1000;0003;5000103;Skříň rozvaděče D186;Hotový výrobek;601;Výdej při dodání zákazníkovi;H;-15,000;KS;8539,73;-128095,95;CZK;;;Linet spol. s r.o.;SV6337;177494,35;128095,95;37186,66;CERNAT;6010 Expedice
06.03.2026;06.03.2026;4900002210;1;2000;0003;5000137;Kryt převodovky B734;Hotový výrobek;601;Výdej při dodání zákazníkovi;H;-22,000;KS;4419,44;-97227,68;CZK;;;Juta a.s.;SV7265;147306,98;97227,68;27490,80;NOVAKJ;6010 Expedice
06.03.2026;06.03.2026;4900002211;1;2000;0003;5000137;Kryt převodovky B734;Hotový výrobek;601;Výdej při dodání zákazníkovi;H;-11,000;KS;4419,44;-48613,84;CZK;;;Tatra Trucks a.s.;SV1049;72193,10;48613,84;15570,83;KUCERAL;6010 Expedice
06.03.2026;06.03.2026;4900002239;1;2000;0003;5000117;Kryt převodovky F393;Hotový výrobek;601;Výdej při dodání zákazníkovi;H;-5,000;KS;6197,29;-30986,45;CZK;;;Witte Automotive;SV6347;43230,48;30986,45;8428,11;VESELAM;6010 Expedice
06.03.2026;06.03.2026;4900002331;1;1000;0003;5000141;Převodovka šneková F508;Hotový výrobek;601;Výdej při dodání zákazníkovi;H;-8,000;KS;1789,06;-14312,48;CZK;;;Juta a.s.;SV5149;15653,80;14312,48;3550,03;CERNAT;6010 Expedice
06.03.2026;06.03.2026;4900002608;1;2000;0003;5000105;Hydraulický agregát F685;Hotový výrobek;601;Výdej při dodání zákazníkovi;H;-5,000;KS;5566,06;-27830,30;CZK;;;Witte Automotive;SV9765;38721,33;27830,30;7104,99;DVORAKP;6010 Expedice
09.03.2026;09.03.2026;4900000357;1;2000;0001;1000163;Tyč kruhová 7 mm;Ocel;101;Příjem zboží na objednávku;S;271,210;KG;39,09;10601,60;CZK;;ABB s.r.o.;;SN6734;;;;CERNAT;4010 Nákup
09.03.2026;09.03.2026;4900000565;1;2000;0001;1000199;Plech Al 25 mm;Hliník;101;Příjem zboží na objednávku;S;266,100;KG;87,30;23230,53;CZK;;PPG Deco Czech;;SN7461;;;;VESELAM;4010 Nákup
09.03.2026;09.03.2026;4900000741;1;2000;0001;1000233;Trubka ocelová 70x56;Ocel;101;Příjem zboží na objednávku;S;753,950;KG;20,71;15614,30;CZK;;Killich s.r.o.;;SN8050;;;;NOVAKJ;4010 Nákup
09.03.2026;09.03.2026;4900000959;1;2000;0001;1000272;Šroub M28x22;Spojovací materiál;101;Příjem zboží na objednávku;S;177,290;KS;8,82;1563,70;CZK;;Killich s.r.o.;;SN9537;;;;SVOBODM;4010 Nákup
09.03.2026;09.03.2026;4900001049;1;1000;0001;1000289;Plech ocelový 110 mm;Ocel;101;Příjem zboží na objednávku;S;1734,690;KG;23,40;40591,75;CZK;;ThyssenKrupp Ferrostal;;SN6178;;;;HORAKT;4010 Nákup
09.03.2026;09.03.2026;4900001218;1;2000;0001;1000318;Plech Al 86 mm;Hliník;101;Příjem zboží na objednávku;S;926,420;KG;63,81;59114,86;CZK;;Hennlich s.r.o.;;SN8903;;;;HORAKT;4010 Nákup
09.03.2026;09.03.2026;4900001339;1;2000;0001;1000341;Motor 96 kW;Elektro;101;Příjem zboží na objednávku;S;872,720;KS;613,57;535474,81;CZK;;Lapp Kabel s.r.o.;;SN4259;;;;DVORAKP;4010 Nákup
09.03.2026;09.03.2026;4900001359;1;2000;0001;1000344;Tlumič gumový 31;Těsnění a guma;101;Příjem zboží na objednávku;S;1191,280;KS;11,20;13342,34;CZK;;Plastika Nitra a.s.;;SN2852;;;;DVORAKP;4010 Nákup
09.03.2026;09.03.2026;4900001365;1;2000;0001;1000345;Tyč kruhová 110 mm;Ocel;101;Příjem zboží na objednávku;S;425,490;KG;36,23;15415,50;CZK;;Metalšrot Tlumačov;;SN5953;;;;HORAKT;4010 Nákup
09.03.2026;09.03.2026;4900001532;1;2000;0001;1000376;Kabel CYKY 40x24;Elektro;101;Příjem zboží na objednávku;S;500,050;KS;338,22;169126,91;CZK;;Bibus s.r.o.;;SN6329;;;;KUCERAL;4010 Nákup
09.03.2026;09.03.2026;4900001563;1;2000;0001;1000382;Deska PE 55 mm;Plasty;101;Příjem zboží na objednávku;S;773,640;KG;70,90;54851,08;CZK;;Lapp Kabel s.r.o.;;SN1240;;;;KUCERAL;4010 Nákup
09.03.2026;09.03.2026;4900001646;1;2000;0001;1000398;Šroub M41x56;Spojovací materiál;101;Příjem zboží na objednávku;S;212,230;KS;14,54;3085,82;CZK;;Ferona a.s.;;SN8713;;;;KUCERAL;4010 Nákup
09.03.2026;09.03.2026;4900001771;1;2000;0003;5000118;Konzole montážní A916;Hotový výrobek;131;Příjem z výroby;S;10,000;KS;10054,63;100546,30;CZK;VZ400054;;;SV1817;;;;PROCHAZ;5020 Výroba montáž
09.03.2026;09.03.2026;4900002028;1;1000;0001;1000362;Frekvenční měnič 17 kW;Elektro;261;Výdej do výrobní zakázky;H;-136,160;KS;512,26;-69749,32;CZK;VZ400208;;;;;;;DVORAKP;5030 Výroba obrábění
09.03.2026;09.03.2026;4900002028;2;1000;0001;1000268;Tyč kruhová 82 mm;Ocel;261;Výdej do výrobní zakázky;H;-31,360;KG;20,79;-651,97;CZK;VZ400208;;;;;;;DVORAKP;5020 Výroba montáž
09.03.2026;09.03.2026;4900002028;3;1000;0001;1000383;Motor 69 kW;Elektro;261;Výdej do výrobní zakázky;H;-51,040;KS;150,72;-7692,75;CZK;VZ400208;;;;;;;VESELAM;5030 Výroba obrábění
09.03.2026;09.03.2026;4900002028;4;1000;0001;1000165;Deska PE 38 mm;Plasty;261;Výdej do výrobní zakázky;H;-12,160;KG;43,33;-526,89;CZK;VZ400208;;;;;;;SVOBODM;5020 Výroba montáž
09.03.2026;09.03.2026;4900002028;5;1000;0001;1000144;Deska PP 104 mm;Plasty;261;Výdej do výrobní zakázky;H;-75,680;KG;75,68;-5727,46;CZK;VZ400208;;;;;;;DVORAKP;5020 Výroba montáž
09.03.2026;09.03.2026;4900002028;6;1000;0001;1000259;Základní barva RAL 3020;Nátěry a chemie;261;Výdej do výrobní zakázky;H;-26,080;L;236,85;-6177,05;CZK;VZ400208;;;;;;;HORAKT;5020 Výroba montáž
09.03.2026;09.03.2026;4900002028;7;1000;0001;1000174;Nýt 118x78;Spojovací materiál;261;Výdej do výrobní zakázky;H;-138,720;KS;11,72;-1625,80;CZK;VZ400208;;;;;;;VESELAM;5030 Výroba obrábění
09.03.2026;09.03.2026;4900002120;1;2000;0001;1000198;Trubka ocelová 56x45;Ocel;261;Výdej do výrobní zakázky;H;-31,510;KG;20,95;-660,13;CZK;VZ400282;;;;;;;KUCERAL;5030 Výroba obrábění
09.03.2026;09.03.2026;4900002120;2;2000;0001;1000174;Nýt 118x78;Spojovací materiál;261;Výdej do výrobní zakázky;H;-87,400;KS;11,72;-1024,33;CZK;VZ400282;;;;;;;NOVAKJ;5020 Výroba montáž
09.03.2026;09.03.2026;4900002120;3;2000;0001;1000274;Těsnění ploché 75 mm;Těsnění a guma;261;Výdej do výrobní zakázky;H;-182,620;KS;26,80;-4894,22;CZK;VZ400282;;;;;;;DVORAKP;5020 Výroba montáž
09.03.2026;09.03.2026;4900002120;4;2000;0001;1000345;Tyč kruhová 110 mm;Ocel;261;Výdej do výrobní zakázky;H;-49,680;KG;36,23;-1799,91;CZK;VZ400282;;;;;;;KUCERAL;5020 Výroba montáž
09.03.2026;09.03.2026;4900002120;5;2000;0001;1000167;Nýt 105x50;Spojovací materiál;261;Výdej do výrobní zakázky;H;-46,920;KS;10,11;-474,36;CZK;VZ400282;;;;;;;CERNAT;5030 Výroba obrábění
09.03.2026;09.03.2026;4900002120;6;2000;0001;1000262;Plech Al 68 mm;Hliník;261;Výdej do výrobní zakázky;H;-160,770;KG;60,20;-9678,35;CZK;VZ400282;;;;;;;VESELAM;5020 Výroba montáž
09.03.2026;09.03.2026;4900002120;7;2000;0001;1000208;Stykač 43 A;Elektro;261;Výdej do výrobní zakázky;H;-25,990;KS;687,68;-17872,80;CZK;VZ400282;;;;;;;NOVAKJ;5030 Výroba obrábění
09.03.2026;09.03.2026;4900002120;8;2000;0001;1000293;Matice M3;Spojovací materiál;261;Výdej do výrobní zakázky;H;-200,790;KS;10,49;-2106,29;CZK;VZ400282;;;;;;;DVORAKP;5020 Výroba montáž
09.03.2026;09.03.2026;4900002121;1;2000;0001;1000174;Nýt 118x78;Spojovací materiál;551;Výdej do šrotu;H;-3,980;KS;11,72;-46,65;CZK;VZ400282;;;;;;;CERNAT;5030 Výroba obrábění
09.03.2026;09.03.2026;4900002224;1;2000;0003;5000120;Čerpadlo odstředivé C541;Hotový výrobek;601;Výdej při dodání zákazníkovi;H;-11,000;KS;10850,00;-119350,00;CZK;;;Bosch Diesel s.r.o.;SV4052;166574,47;119350,00;33221,57;PROCHAZ;6010 Expedice
09.03.2026;09.03.2026;4900002260;1;2000;0003;5000119;Ventilová jednotka B766;Hotový výrobek;601;Výdej při dodání zákazníkovi;H;-44,000;KS;5908,29;-259964,76;CZK;;;Continental Automotive;SV8844;368298,75;259964,76;83247,43;CERNAT;6010 Expedice
09.03.2026;09.03.2026;4900002540;1;1000;0003;5000112;Rám podvozkový A238;Hotový výrobek;601;Výdej při dodání zákazníkovi;H;-10,000;KS;1349,43;-13494,30;CZK;;;Škoda Auto a.s.;SV9297;19637,38;13494,30;3884,62;NOVAKJ;6010 Expedice
10.03.2026;10.03.2026;4900000155;1;2000;0001;1000128;Tyč kruhová 75 mm;Ocel;101;Příjem zboží na objednávku;S;1768,530;KG;24,82;43894,91;CZK;;Trelleborg Bohemia;;SN2100;;;;CERNAT;4010 Nákup
10.03.2026;10.03.2026;4900000219;1;2000;0001;1000140;Lak polyuretanový RAL 3020;Nátěry a chemie;101;Příjem zboží na objednávku;S;1483,230;L;129,92;192701,24;CZK;;Siemens s.r.o.;;SN8063;;;;SVOBODM;4010 Nákup
10.03.2026;10.03.2026;4900000416;1;2000;0001;1000173;Čidlo indukční 108 mm;Elektro;101;Příjem zboží na objednávku;S;944,180;KS;435,84;411511,41;CZK;;Ferona a.s.;;SN9581;;;;SVOBODM;4010 Nákup
10.03.2026;10.03.2026;4900000605;1;1000;0001;1000207;Granulát PA6 54;Plasty;101;Příjem zboží na objednávku;S;1417,070;KG;68,70;97352,71;CZK;;Ferona a.s.;;SN6441;;;;NOVAKJ;4010 Nákup
10.03.2026;10.03.2026;4900000792;1;2000;0001;1000240;Profil U 62;Ocel;101;Příjem zboží na objednávku;S;1375,630;KG;20,67;28434,27;CZK;;ESSA Czech;;SN3254;;;;VESELAM;4010 Nákup
10.03.2026;10.03.2026;4900000796;1;2000;0001;1000241;Plech Al 66 mm;Hliník;101;Příjem zboží na objednávku;S;2026,960;KG;98,14;198925,85;CZK;;Bossard CZ s.r.o.;;SN6238;;;;PROCHAZ;4010 Nákup
10.03.2026;10.03.2026;4900000802;1;1000;0001;1000242;Granulát PA6 14;Plasty;101;Příjem zboží na objednávku;S;1416,200;KG;54,05;76545,61;CZK;;ArcelorMittal Distribution;;SN4677;;;;NOVAKJ;4010 Nákup
10.03.2026;10.03.2026;4900000876;1;2000;0001;1000255;Trubka Al 111 mm;Hliník;101;Příjem zboží na objednávku;S;903,820;KG;114,47;103460,28;CZK;;Wurth s.r.o.;;SN7696;;;;VESELAM;4010 Nákup
10.03.2026;10.03.2026;4900000970;1;2000;0001;1000275;Jekl 98x98x65;Ocel;101;Příjem zboží na objednávku;S;2106,700;KG;34,85;73418,49;CZK;;Haberkorn s.r.o.;;SN6275;;;;CERNAT;4010 Nákup
10.03.2026;10.03.2026;4900001064;1;1000;0001;1000292;Kabel CYKY 10x22;Elektro;101;Příjem zboží na objednávku;S;431,840;KS;573,52;247668,88;CZK;;Haberkorn s.r.o.;;SN8226;;;;DVORAKP;4010 Nákup
10.03.2026;10.03.2026;4900001124;1;2000;0001;1000302;Tlumič gumový 20;Těsnění a guma;101;Příjem zboží na objednávku;S;1097,340;KS;4,51;4949,00;CZK;;Fabory CZ;;SN8353;;;;PROCHAZ;4010 Nákup
10.03.2026;10.03.2026;4900001183;1;2000;0001;1000312;Granulát PA6 89;Plasty;101;Příjem zboží na objednávku;S;1335,330;KG;55,27;73803,69;CZK;;ABB s.r.o.;;SN1051;;;;PROCHAZ;4010 Nákup
10.03.2026;10.03.2026;4900001211;1;1000;0001;1000317;Plech ocelový 81 mm;Ocel;101;Příjem zboží na objednávku;S;1269,890;KG;28,83;36610,93;CZK;;ABB s.r.o.;;SN5367;;;;HORAKT;4010 Nákup
10.03.2026;10.03.2026;4900001726;1;1000;0001;1000385;Odmašťovač RAL 6011;Nátěry a chemie;261;Výdej do výrobní zakázky;H;-71,280;L;320,08;-22815,30;CZK;VZ400034;;;;;;;KUCERAL;5020 Výroba montáž
10.03.2026;10.03.2026;4900001726;2;1000;0001;1000363;Kolík 119x35;Spojovací materiál;261;Výdej do výrobní zakázky;H;-184,580;KS;5,72;-1055,80;CZK;VZ400034;;;;;;;PROCHAZ;5020 Výroba montáž
10.03.2026;10.03.2026;4900001726;3;1000;0001;1000261;Profil U 10;Ocel;261;Výdej do výrobní zakázky;H;-122,100;KG;33,90;-4139,19;CZK;VZ400034;;;;;;;VESELAM;5030 Výroba obrábění
10.03.2026;10.03.2026;4900001726;4;1000;0001;1000381;Trubka Al 117 mm;Hliník;261;Výdej do výrobní zakázky;H;-161,920;KG;64,58;-10456,79;CZK;VZ400034;;;;;;;NOVAKJ;5030 Výroba obrábění
10.03.2026;10.03.2026;4900001726;5;1000;0001;1000104;Nýt 57x11;Spojovací materiál;261;Výdej do výrobní zakázky;H;-181,060;KS;5,48;-992,21;CZK;VZ400034;;;;;;;DVORAKP;5030 Výroba obrábění
10.03.2026;10.03.2026;4900001726;6;1000;0001;1000330;O-kroužek 39 mm;Těsnění a guma;261;Výdej do výrobní zakázky;H;-172,480;KS;18,43;-3178,81;CZK;VZ400034;;;;;;;DVORAKP;5020 Výroba montáž
10.03.2026;10.03.2026;4900001726;7;1000;0001;1000253;Těsnění ploché 56 mm;Těsnění a guma;261;Výdej do výrobní zakázky;H;-136,620;KS;7,50;-1024,65;CZK;VZ400034;;;;;;;SVOBODM;5030 Výroba obrábění
10.03.2026;10.03.2026;4900001879;1;1000;0003;5000110;Čerpadlo odstředivé E673;Hotový výrobek;131;Příjem z výroby;S;33,000;KS;1588,38;52416,54;CZK;VZ400111;;;SV4976;;;;NOVAKJ;5020 Výroba montáž
10.03.2026;10.03.2026;4900002029;1;1000;0003;5000111;Převodovka šneková F683;Hotový výrobek;131;Příjem z výroby;S;16,000;KS;6903,87;110461,92;CZK;VZ400208;;;SV5687;;;;PROCHAZ;5020 Výroba montáž
10.03.2026;10.03.2026;4900002165;1;2000;0003;5000124;Dopravník pásový A794;Hotový výrobek;601;Výdej při dodání zákazníkovi;H;-9,000;KS;1487,77;-13389,93;CZK;;;Agrostroj Pelhřimov a.s.;SV3980;19105,15;13389,93;3323,85;KUCERAL;6010 Expedice
10.03.2026;10.03.2026;4900002201;1;1000;0003;5000136;Svařenec nosný A321;Hotový výrobek;601;Výdej při dodání zákazníkovi;H;-6,000;KS;13945,05;-83670,30;CZK;;;Hella Autotechnik Nova;SV9890;92992,31;83670,30;18054,09;NOVAKJ;6010 Expedice
10.03.2026;10.03.2026;4900002332;1;1000;0003;5000101;Převodovka šneková B301;Hotový výrobek;601;Výdej při dodání zákazníkovi;H;-18,000;KS;9813,50;-176643,00;CZK;;;Vítkovice Machinery;SV9797;266151,57;176643,00;50796,35;HORAKT;6010 Expedice
10.03.2026;10.03.2026;4900002557;1;1000;0003;5000112;Rám podvozkový A238;Hotový výrobek;601;Výdej při dodání zákazníkovi;H;-13,000;KS;1349,43;-17542,59;CZK;;;Brose CZ spol. s r.o.;SV2503;26525,75;17542,59;4732,97;VESELAM;6010 Expedice
11.03.2026;11.03.2026;4900000061;1;2000;0001;1000110;Motor 70 kW;Elektro;101;Příjem zboží na objednávku;S;868,950;KS;215,98;187675,82;CZK;;Fabory CZ;;SN5079;;;;SVOBODM;4010 Nákup
11.03.2026;11.03.2026;4900000121;1;2000;0001;1000121;Jekl 97x97x38;Ocel;101;Příjem zboží na objednávku;S;1285,240;KG;29,43;37824,61;CZK;;Wurth s.r.o.;;SN1240;;;;PROCHAZ;4010 Nákup
11.03.2026;11.03.2026;4900000329;1;2000;0001;1000158;Deska PP 31 mm;Plasty;101;Příjem zboží na objednávku;S;183,060;KG;75,68;13853,98;CZK;;Metalšrot Tlumačov;;SN4902;;;;SVOBODM;4010 Nákup
11.03.2026;11.03.2026;4900000608;1;1000;0001;1000207;Granulát PA6 54;Plasty;101;Příjem zboží na objednávku;S;1968,570;KG;68,70;135240,76;CZK;;Elektro Cabel CZ;;SN3366;;;;DVORAKP;4010 Nákup
11.03.2026;11.03.2026;4900000694;1;1000;0001;1000224;Lak polyuretanový RAL 6011;Nátěry a chemie;101;Příjem zboží na objednávku;S;728,700;L;165,51;120607,14;CZK;;Elektro Cabel CZ;;SN2286;;;;CERNAT;4010 Nákup
11.03.2026;11.03.2026;4900000739;1;1000;0001;1000232;O-kroužek 61 mm;Těsnění a guma;101;Příjem zboží na objednávku;S;382,180;KS;8,12;3103,30;CZK;;Rubena a.s.;;SN1887;;;;HORAKT;4010 Nákup
11.03.2026;11.03.2026;4900000757;1;1000;0001;1000235;Deska PE 105 mm;Plasty;101;Příjem zboží na objednávku;S;560,520;KG;73,09;40968,41;CZK;;Plastika Nitra a.s.;;SN8169;;;;CERNAT;4010 Nákup
11.03.2026;11.03.2026;4900000777;1;2000;0001;1000238;Lak polyuretanový RAL 9005;Nátěry a chemie;101;Příjem zboží na objednávku;S;1392,010;L;171,20;238312,11;CZK;;Bossard CZ s.r.o.;;SN7730;;;;KUCERAL;4010 Nákup
11.03.2026;11.03.2026;4900000852;1;1000;0001;1000251;Kolík 70x43;Spojovací materiál;101;Příjem zboží na objednávku;S;885,270;KS;11,50;10180,60;CZK;;Ferona a.s.;;SN5146;;;;KUCERAL;4010 Nákup
11.03.2026;11.03.2026;4900001160;1;2000;0001;1000308;Ředidlo S29;Nátěry a chemie;101;Příjem zboží na objednávku;S;478,910;L;132,91;63651,93;CZK;;Plastika Nitra a.s.;;SN9909;;;;HORAKT;4010 Nákup
11.03.2026;11.03.2026;4900001384;1;2000;0001;1000348;Motor 108 kW;Elektro;101;Příjem zboží na objednávku;S;706,570;KS;739,67;522628,63;CZK;;Plastika Nitra a.s.;;SN1840;;;;VESELAM;4010 Nákup
11.03.2026;11.03.2026;4900001442;1;2000;0001;1000361;Deska PP 28 mm;Plasty;101;Příjem zboží na objednávku;S;1158,130;KG;68,57;79412,97;CZK;;Bibus s.r.o.;;SN3585;;;;HORAKT;4010 Nákup
11.03.2026;11.03.2026;4900001523;1;2000;0001;1000375;Deska PE 101 mm;Plasty;101;Příjem zboží na objednávku;S;2006,690;KG;63,57;127565,28;CZK;;Killich s.r.o.;;SN5267;;;;HORAKT;4010 Nákup
11.03.2026;11.03.2026;4900001569;1;2000;0001;1000383;Motor 69 kW;Elektro;101;Příjem zboží na objednávku;S;449,350;KS;150,72;67726,03;CZK;;Schneider Electric CZ;;SN6018;;;;VESELAM;4010 Nákup
11.03.2026;11.03.2026;4900001758;1;1000;0001;1000109;Granulát PA6 108;Plasty;261;Výdej do výrobní zakázky;H;-152,500;KG;65,68;-10016,20;CZK;VZ400049;;;;;;;CERNAT;5020 Výroba montáž
11.03.2026;11.03.2026;4900001758;2;1000;0001;1000179;Granulát ABS 25;Plasty;261;Výdej do výrobní zakázky;H;-19,250;KG;54,80;-1054,90;CZK;VZ400049;;;;;;;PROCHAZ;5020 Výroba montáž
11.03.2026;11.03.2026;4900001758;3;1000;0001;1000358;Tlumič gumový 49;Těsnění a guma;261;Výdej do výrobní zakázky;H;-87,500;KS;45,51;-3982,13;CZK;VZ400049;;;;;;;KUCERAL;5030 Výroba obrábění
11.03.2026;11.03.2026;4900001758;4;1000;0001;1000138;Frekvenční měnič 18 kW;Elektro;261;Výdej do výrobní zakázky;H;-274,000;KS;423,21;-115959,54;CZK;VZ400049;;;;;;;KUCERAL;5020 Výroba montáž
11.03.2026;11.03.2026;4900001758;5;1000;0001;1000348;Motor 108 kW;Elektro;261;Výdej do výrobní zakázky;H;-28,000;KS;739,67;-20710,76;CZK;VZ400049;;;;;;;HORAKT;5030 Výroba obrábění
11.03.2026;11.03.2026;4900001889;1;1000;0003;5000133;Skříň rozvaděče D196;Hotový výrobek;131;Příjem z výroby;S;8,000;KS;20147,73;161181,84;CZK;VZ400116;;;SV5463;;;;VESELAM;5020 Výroba montáž
11.03.2026;11.03.2026;4900002055;1;1000;0001;1000183;O-kroužek 107 mm;Těsnění a guma;261;Výdej do výrobní zakázky;H;-401,720;KS;51,09;-20523,87;CZK;VZ400225;;;;;;;NOVAKJ;5030 Výroba obrábění
11.03.2026;11.03.2026;4900002055;2;1000;0001;1000375;Deska PE 101 mm;Plasty;261;Výdej do výrobní zakázky;H;-47,080;KG;63,57;-2992,88;CZK;VZ400225;;;;;;;VESELAM;5030 Výroba obrábění
11.03.2026;11.03.2026;4900002055;3;1000;0001;1000167;Nýt 105x50;Spojovací materiál;261;Výdej do výrobní zakázky;H;-273,680;KS;10,11;-2766,90;CZK;VZ400225;;;;;;;SVOBODM;5030 Výroba obrábění
11.03.2026;11.03.2026;4900002055;4;1000;0001;1000245;Ředidlo S51;Nátěry a chemie;261;Výdej do výrobní zakázky;H;-83,600;L;96,37;-8056,53;CZK;VZ400225;;;;;;;HORAKT;5020 Výroba montáž
11.03.2026;11.03.2026;4900002055;5;1000;0001;1000130;Deska PE 105 mm;Plasty;261;Výdej do výrobní zakázky;H;-149,600;KG;64,17;-9599,83;CZK;VZ400225;;;;;;;HORAKT;5030 Výroba obrábění
11.03.2026;11.03.2026;4900002055;6;1000;0001;1000111;Podložka 21;Spojovací materiál;261;Výdej do výrobní zakázky;H;-241,120;KS;16,00;-3857,92;CZK;VZ400225;;;;;;;PROCHAZ;5030 Výroba obrábění
11.03.2026;11.03.2026;4900002127;1;1000;0001;1000375;Deska PE 101 mm;Plasty;261;Výdej do výrobní zakázky;H;-21,200;KG;63,57;-1347,68;CZK;VZ400287;;;;;;;PROCHAZ;5020 Výroba montáž
11.03.2026;11.03.2026;4900002127;2;1000;0001;1000333;Deska PE 40 mm;Plasty;261;Výdej do výrobní zakázky;H;-104,800;KG;43,58;-4567,18;CZK;VZ400287;;;;;;;NOVAKJ;5020 Výroba montáž
11.03.2026;11.03.2026;4900002127;3;1000;0001;1000259;Základní barva RAL 3020;Nátěry a chemie;261;Výdej do výrobní zakázky;H;-43,600;L;236,85;-10326,66;CZK;VZ400287;;;;;;;KUCERAL;5020 Výroba montáž
11.03.2026;11.03.2026;4900002127;4;1000;0001;1000193;Deska PE 67 mm;Plasty;261;Výdej do výrobní zakázky;H;-78,800;KG;87,82;-6920,22;CZK;VZ400287;;;;;;;DVORAKP;5020 Výroba montáž
11.03.2026;11.03.2026;4900002127;5;1000;0001;1000234;Plech Al 44 mm;Hliník;261;Výdej do výrobní zakázky;H;-131,200;KG;95,56;-12537,47;CZK;VZ400287;;;;;;;DVORAKP;5030 Výroba obrábění
11.03.2026;11.03.2026;4900002127;6;1000;0001;1000223;Šroub M2x48;Spojovací materiál;261;Výdej do výrobní zakázky;H;-264,400;KS;10,18;-2691,59;CZK;VZ400287;;;;;;;KUCERAL;5030 Výroba obrábění
11.03.2026;11.03.2026;4900002127;7;1000;0001;1000383;Motor 69 kW;Elektro;261;Výdej do výrobní zakázky;H;-88,800;KS;150,72;-13383,94;CZK;VZ400287;;;;;;;SVOBODM;5030 Výroba obrábění
11.03.2026;11.03.2026;4900002127;8;1000;0001;1000396;Granulát PA6 20;Plasty;261;Výdej do výrobní zakázky;H;-216,400;KG;82,13;-17772,93;CZK;VZ400287;;;;;;;HORAKT;5030 Výroba obrábění
11.03.2026;11.03.2026;4900002212;1;2000;0003;5000137;Kryt převodovky B734;Hotový výrobek;601;Výdej při dodání zákazníkovi;H;-9,000;KS;4419,44;-39774,96;CZK;;;Linet spol. s r.o.;SV2558;56508,63;39774,96;10940,22;PROCHAZ;6010 Expedice
11.03.2026;11.03.2026;4900002359;1;1000;0003;5000126;Svařenec nosný C392;Hotový výrobek;601;Výdej při dodání zákazníkovi;H;-3,000;KS;8670,21;-26010,63;CZK;;;Continental Automotive;SV9774;35843,35;26010,63;7295,93;PROCHAZ;6010 Expedice
11.03.2026;11.03.2026;4900002419;1;2000;0003;5000131;Převodovka šneková B156;Hotový výrobek;601;Výdej při dodání zákazníkovi;H;-34,000;KS;10607,58;-360657,72;CZK;;;Zetor Tractors a.s.;SV6643;573403,37;360657,72;110809,19;VESELAM;6010 Expedice
11.03.2026;11.03.2026;4900002489;1;1000;0003;5000103;Skříň rozvaděče D186;Hotový výrobek;601;Výdej při dodání zákazníkovi;H;-9,000;KS;8539,73;-76857,57;CZK;;;Koyo Bearings ČR;SV9263;106536,91;76857,57;21775,32;CERNAT;6010 Expedice
11.03.2026;11.03.2026;4900002490;1;1000;0003;5000101;Převodovka šneková B301;Hotový výrobek;601;Výdej při dodání zákazníkovi;H;-2,000;KS;9813,50;-19627,00;CZK;;;Strojírny Prostějov a.s.;SV6112;29483,21;19627,00;5774,42;VESELAM;6010 Expedice
11.03.2026;11.03.2026;4900002493;1;2000;0003;5000131;Převodovka šneková B156;Hotový výrobek;601;Výdej při dodání zákazníkovi;H;-6,000;KS;10607,58;-63645,48;CZK;;;Linet spol. s r.o.;SV5559;98504,03;63645,48;17366,65;DVORAKP;6010 Expedice
11.03.2026;11.03.2026;4900002559;1;2000;0003;5000128;Konzole montážní E878;Hotový výrobek;601;Výdej při dodání zákazníkovi;H;-1,000;KS;2954,77;-2954,77;CZK;;;Vítkovice Machinery;SV9709;4742,96;2954,77;857,10;SVOBODM;6010 Expedice
12.03.2026;12.03.2026;4900000116;1;2000;0001;1000121;Jekl 97x97x38;Ocel;101;Příjem zboží na objednávku;S;745,950;KG;29,43;21953,31;CZK;;Metalšrot Tlumačov;;SN5364;;;;CERNAT;4010 Nákup
12.03.2026;12.03.2026;4900000361;1;1000;0001;1000164;Profil Al 16x61;Hliník;101;Příjem zboží na objednávku;S;1284,230;KG;109,59;140738,77;CZK;;Colorlak a.s.;;SN4708;;;;SVOBODM;4010 Nákup
12.03.2026;12.03.2026;4900000362;1;1000;0001;1000164;Profil Al 16x61;Hliník;101;Příjem zboží na objednávku;S;1051,760;KG;109,59;115262,38;CZK;;Ferona a.s.;;SN1096;;;;DVORAKP;4010 Nákup
12.03.2026;12.03.2026;4900000597;1;1000;0001;1000205;Trubka ocelová 6x21;Ocel;101;Příjem zboží na objednávku;S;492,960;KG;20,71;10209,20;CZK;;Elektro Cabel CZ;;SN5452;;;;PROCHAZ;4010 Nákup
12.03.2026;12.03.2026;4900000669;1;1000;0001;1000219;Jekl 28x28x58;Ocel;101;Příjem zboží na objednávku;S;1445,130;KG;22,30;32226,40;CZK;;Bibus s.r.o.;;SN4828;;;;CERNAT;4010 Nákup
12.03.2026;12.03.2026;4900001014;1;1000;0001;1000283;Profil Al 57x50;Hliník;101;Příjem zboží na objednávku;S;894,950;KG;117,06;104762,85;CZK;;ESSA Czech;;SN6739;;;;HORAKT;4010 Nákup
12.03.2026;12.03.2026;4900001157;1;2000;0001;1000307;Matice M93;Spojovací materiál;101;Příjem zboží na objednávku;S;371,890;KS;6,22;2313,16;CZK;;Metalšrot Tlumačov;;SN5269;;;;VESELAM;4010 Nákup
12.03.2026;12.03.2026;4900001278;1;2000;0001;1000329;Lak polyuretanový RAL 3020;Nátěry a chemie;101;Příjem zboží na objednávku;S;1593,960;L;156,30;249135,95;CZK;;Hennlich s.r.o.;;SN7531;;;;VESELAM;4010 Nákup
12.03.2026;12.03.2026;4900001340;1;2000;0001;1000341;Motor 96 kW;Elektro;101;Příjem zboží na objednávku;S;306,420;KS;613,57;188010,12;CZK;;Hilti ČR s.r.o.;;SN8064;;;;CERNAT;4010 Nákup
12.03.2026;12.03.2026;4900001371;1;1000;0001;1000346;Trubka Al 104 mm;Hliník;101;Příjem zboží na objednávku;S;655,530;KG;119,78;78519,38;CZK;;Resinex CZ s.r.o.;;SN5056;;;;NOVAKJ;4010 Nákup
12.03.2026;12.03.2026;4900001425;1;2000;0001;1000358;Tlumič gumový 49;Těsnění a guma;101;Příjem zboží na objednávku;S;1060,240;KS;45,51;48251,52;CZK;;ArcelorMittal Distribution;;SN1755;;;;HORAKT;4010 Nákup
12.03.2026;12.03.2026;4900001507;1;2000;0001;1000371;Lak polyuretanový RAL 5010;Nátěry a chemie;101;Příjem zboží na objednávku;S;1765,350;L;210,04;370794,11;CZK;;Metalšrot Tlumačov;;SN7381;;;;KUCERAL;4010 Nákup
12.03.2026;12.03.2026;4900001571;1;2000;0001;1000383;Motor 69 kW;Elektro;101;Příjem zboží na objednávku;S;348,880;KS;150,72;52583,19;CZK;;Killich s.r.o.;;SN9288;;;;HORAKT;4010 Nákup
12.03.2026;12.03.2026;4900001683;1;2000;0001;1000231;Odmašťovač RAL 5010;Nátěry a chemie;261;Výdej do výrobní zakázky;H;-17,850;L;195,83;-3495,57;CZK;VZ400013;;;;;;;SVOBODM;5020 Výroba montáž
12.03.2026;12.03.2026;4900001683;2;2000;0001;1000217;Odmašťovač RAL 6011;Nátěry a chemie;261;Výdej do výrobní zakázky;H;-36,190;L;302,81;-10958,69;CZK;VZ400013;;;;;;;NOVAKJ;5030 Výroba obrábění
12.03.2026;12.03.2026;4900001683;3;2000;0001;1000297;Trubka Al 64 mm;Hliník;261;Výdej do výrobní zakázky;H;-45,780;KG;101,55;-4648,96;CZK;VZ400013;;;;;;;NOVAKJ;5030 Výroba obrábění
12.03.2026;12.03.2026;4900001683;4;2000;0001;1000206;Trubka Al 68 mm;Hliník;261;Výdej do výrobní zakázky;H;-52,920;KG;69,44;-3674,76;CZK;VZ400013;;;;;;;VESELAM;5020 Výroba montáž
12.03.2026;12.03.2026;4900001683;5;2000;0001;1000272;Šroub M28x22;Spojovací materiál;261;Výdej do výrobní zakázky;H;-15,820;KS;8,82;-139,53;CZK;VZ400013;;;;;;;CERNAT;5020 Výroba montáž
12.03.2026;12.03.2026;4900001683;6;2000;0001;1000145;Stykač 108 A;Elektro;261;Výdej do výrobní zakázky;H;-52,850;KS;646,65;-34175,45;CZK;VZ400013;;;;;;;NOVAKJ;5020 Výroba montáž
12.03.2026;12.03.2026;4900001685;1;1000;0001;1000385;Odmašťovač RAL 6011;Nátěry a chemie;261;Výdej do výrobní zakázky;H;-123,120;L;320,08;-39408,25;CZK;VZ400014;;;;;;;KUCERAL;5020 Výroba montáž
12.03.2026;12.03.2026;4900001685;2;1000;0001;1000363;Kolík 119x35;Spojovací materiál;261;Výdej do výrobní zakázky;H;-318,820;KS;5,72;-1823,65;CZK;VZ400014;;;;;;;KUCERAL;5030 Výroba obrábění
12.03.2026;12.03.2026;4900001685;3;1000;0001;1000261;Profil U 10;Ocel;261;Výdej do výrobní zakázky;H;-210,900;KG;33,90;-7149,51;CZK;VZ400014;;;;;;;CERNAT;5030 Výroba obrábění
12.03.2026;12.03.2026;4900001685;4;1000;0001;1000381;Trubka Al 117 mm;Hliník;261;Výdej do výrobní zakázky;H;-279,680;KG;64,58;-18061,73;CZK;VZ400014;;;;;;;HORAKT;5020 Výroba montáž
12.03.2026;12.03.2026;4900001685;5;1000;0001;1000104;Nýt 57x11;Spojovací materiál;261;Výdej do výrobní zakázky;H;-312,740;KS;5,48;-1713,82;CZK;VZ400014;;;;;;;NOVAKJ;5020 Výroba montáž
12.03.2026;12.03.2026;4900001685;6;1000;0001;1000330;O-kroužek 39 mm;Těsnění a guma;261;Výdej do výrobní zakázky;H;-297,920;KS;18,43;-5490,67;CZK;VZ400014;;;;;;;NOVAKJ;5020 Výroba montáž
12.03.2026;12.03.2026;4900001685;7;1000;0001;1000253;Těsnění ploché 56 mm;Těsnění a guma;261;Výdej do výrobní zakázky;H;-235,980;KS;7,50;-1769,85;CZK;VZ400014;;;;;;;VESELAM;5030 Výroba obrábění
12.03.2026;12.03.2026;4900001737;1;1000;0001;1000313;Kabel CYKY 66x55;Elektro;261;Výdej do výrobní zakázky;H;-234,210;KS;566,73;-132733,83;CZK;VZ400039;;;;;;;PROCHAZ;5030 Výroba obrábění
12.03.2026;12.03.2026;4900001737;2;1000;0001;1000179;Granulát ABS 25;Plasty;261;Výdej do výrobní zakázky;H;-244,940;KG;54,80;-13422,71;CZK;VZ400039;;;;;;;DVORAKP;5030 Výroba obrábění
12.03.2026;12.03.2026;4900001737;3;1000;0001;1000215;Motor 73 kW;Elektro;261;Výdej do výrobní zakázky;H;-275,280;KS;175,44;-48295,12;CZK;VZ400039;;;;;;;NOVAKJ;5020 Výroba montáž
12.03.2026;12.03.2026;4900001737;4;1000;0001;1000387;Trubka ocelová 55x68;Ocel;261;Výdej do výrobní zakázky;H;-270,100;KG;29,33;-7922,03;CZK;VZ400039;;;;;;;SVOBODM;5030 Výroba obrábění
12.03.2026;12.03.2026;4900001737;5;1000;0001;1000371;Lak polyuretanový RAL 5010;Nátěry a chemie;261;Výdej do výrobní zakázky;H;-95,090;L;210,04;-19972,70;CZK;VZ400039;;;;;;;CERNAT;5020 Výroba montáž
12.03.2026;12.03.2026;4900001737;6;1000;0001;1000374;Plech Al 115 mm;Hliník;261;Výdej do výrobní zakázky;H;-56,610;KG;66,46;-3762,30;CZK;VZ400039;;;;;;;SVOBODM;5020 Výroba montáž
12.03.2026;12.03.2026;4900001737;7;1000;0001;1000258;Kolík 6x58;Spojovací materiál;261;Výdej do výrobní zakázky;H;-368,520;KS;4,08;-1503,56;CZK;VZ400039;;;;;;;VESELAM;5030 Výroba obrábění
12.03.2026;12.03.2026;4900001737;8;1000;0001;1000165;Deska PE 38 mm;Plasty;261;Výdej do výrobní zakázky;H;-252,710;KG;43,33;-10949,92;CZK;VZ400039;;;;;;;SVOBODM;5030 Výroba obrábění
12.03.2026;12.03.2026;4900001737;9;1000;0001;1000335;Šroub M70x57;Spojovací materiál;261;Výdej do výrobní zakázky;H;-398,490;KS;4,55;-1813,13;CZK;VZ400039;;;;;;;VESELAM;5030 Výroba obrábění
12.03.2026;12.03.2026;4900001767;1;1000;0003;5000111;Převodovka šneková F683;Hotový výrobek;131;Příjem z výroby;S;13,000;KS;6903,87;89750,31;CZK;VZ400052;;;SV6111;;;;VESELAM;5020 Výroba montáž
12.03.2026;12.03.2026;4900002237;1;2000;0003;5000117;Kryt převodovky F393;Hotový výrobek;601;Výdej při dodání zákazníkovi;H;-17,000;KS;6197,29;-105353,93;CZK;;;Bosch Diesel s.r.o.;SV7414;142493,70;105353,93;27390,47;VESELAM;6010 Expedice
12.03.2026;12.03.2026;4900002238;1;2000;0003;5000117;Kryt převodovky F393;Hotový výrobek;601;Výdej při dodání zákazníkovi;H;-8,000;KS;6197,29;-49578,32;CZK;;;Koyo Bearings ČR;SV5213;69067,04;49578,32;13416,12;NOVAKJ;6010 Expedice
12.03.2026;12.03.2026;4900002527;1;1000;0003;5000142;Rám podvozkový A874;Hotový výrobek;601;Výdej při dodání zákazníkovi;H;-10,000;KS;7208,74;-72087,40;CZK;;;Vítkovice Machinery;SV1552;108451,99;72087,40;22068,17;CERNAT;6010 Expedice
12.03.2026;12.03.2026;4900002571;1;2000;0003;5000128;Konzole montážní E878;Hotový výrobek;601;Výdej při dodání zákazníkovi;H;-11,000;KS;2954,77;-32502,47;CZK;;;Koyo Bearings ČR;SV2122;52451,03;32502,47;10106,36;HORAKT;6010 Expedice
12.03.2026;12.03.2026;4900002618;1;1000;0003;5000129;Ventilová jednotka F138;Hotový výrobek;601;Výdej při dodání zákazníkovi;H;-11,000;KS;5816,31;-63979,41;CZK;;;Continental Automotive;SV9764;89116,36;63979,41;17729,70;VESELAM;6010 Expedice
13.03.2026;13.03.2026;4900000015;1;2000;0001;1000102;Granulát PA6 83;Plasty;101;Příjem zboží na objednávku;S;530,820;KG;73,29;38903,80;CZK;;Plastika Nitra a.s.;;SN5197;;;;CERNAT;4010 Nákup
13.03.2026;13.03.2026;4900000192;1;2000;0001;1000135;Jekl 3x3x76;Ocel;101;Příjem zboží na objednávku;S;1396,830;KG;33,76;47156,98;CZK;;Resinex CZ s.r.o.;;SN4377;;;;SVOBODM;4010 Nákup
13.03.2026;13.03.2026;4900000198;1;2000;0001;1000136;Trubka Al 19 mm;Hliník;101;Příjem zboží na objednávku;S;864,670;KG;71,14;61512,62;CZK;;Hennlich s.r.o.;;SN7261;;;;KUCERAL;4010 Nákup
13.03.2026;13.03.2026;4900000255;1;1000;0001;1000145;Stykač 108 A;Elektro;101;Příjem zboží na objednávku;S;410,790;KS;646,65;265637,35;CZK;;Alumat s.r.o.;;SN7412;;;;VESELAM;4010 Nákup
13.03.2026;13.03.2026;4900000612;1;1000;0001;1000208;Stykač 43 A;Elektro;101;Příjem zboží na objednávku;S;998,560;KS;687,68;686689,74;CZK;;Wurth s.r.o.;;SN1421;;;;CERNAT;4010 Nákup
13.03.2026;13.03.2026;4900000730;1;1000;0001;1000230;Kolík 14x73;Spojovací materiál;101;Příjem zboží na objednávku;S;620,120;KS;9,78;6064,77;CZK;;Rubena a.s.;;SN4113;;;;VESELAM;4010 Nákup
13.03.2026;13.03.2026;4900000749;1;1000;0001;1000234;Plech Al 44 mm;Hliník;101;Příjem zboží na objednávku;S;1813,420;KG;95,56;173290,42;CZK;;ABB s.r.o.;;SN6502;;;;DVORAKP;4010 Nákup
13.03.2026;13.03.2026;4900000885;1;2000;0001;1000257;Kabel CYKY 73x66;Elektro;101;Příjem zboží na objednávku;S;481,030;KS;863,64;415436,75;CZK;;ThyssenKrupp Ferrostal;;SN8016;;;;CERNAT;4010 Nákup
13.03.2026;13.03.2026;4900001140;1;2000;0001;1000304;Plech Al 29 mm;Hliník;101;Příjem zboží na objednávku;S;439,690;KG;84,08;36969,14;CZK;;Hennlich s.r.o.;;SN7118;;;;NOVAKJ;4010 Nákup
13.03.2026;13.03.2026;4900001175;1;1000;0001;1000311;Profil Al 93x76;Hliník;101;Příjem zboží na objednávku;S;1203,380;KG;92,87;111757,90;CZK;;Elektro Cabel CZ;;SN2165;;;;DVORAKP;4010 Nákup
13.03.2026;13.03.2026;4900001406;1;1000;0001;1000353;Trubka Al 94 mm;Hliník;101;Příjem zboží na objednávku;S;1333,010;KG;92,49;123290,09;CZK;;Trelleborg Bohemia;;SN9283;;;;SVOBODM;4010 Nákup
13.03.2026;13.03.2026;4900001478;1;1000;0001;1000366;Tyč kruhová 95 mm;Ocel;101;Příjem zboží na objednávku;S;241,750;KG;42,70;10322,73;CZK;;Wurth s.r.o.;;SN6945;;;;NOVAKJ;4010 Nákup
13.03.2026;13.03.2026;4900001641;1;1000;0001;1000397;Motor 114 kW;Elektro;101;Příjem zboží na objednávku;S;244,000;KS;710,22;173293,68;CZK;;Resinex CZ s.r.o.;;SN4429;;;;HORAKT;4010 Nákup
13.03.2026;13.03.2026;4900001686;1;1000;0003;5000104;Dopravník pásový E932;Hotový výrobek;131;Příjem z výroby;S;38,000;KS;2436,00;92568,00;CZK;VZ400014;;;SV5070;;;;SVOBODM;5020 Výroba montáž
13.03.2026;13.03.2026;4900001848;1;2000;0001;1000269;Trubka Al 78 mm;Hliník;261;Výdej do výrobní zakázky;H;-27,560;KG;81,40;-2243,38;CZK;VZ400093;;;;;;;DVORAKP;5020 Výroba montáž
13.03.2026;13.03.2026;4900001848;2;2000;0001;1000390;Frekvenční měnič 119 kW;Elektro;261;Výdej do výrobní zakázky;H;-45,240;KS;680,45;-30783,56;CZK;VZ400093;;;;;;;DVORAKP;5020 Výroba montáž
13.03.2026;13.03.2026;4900001848;3;2000;0001;1000358;Tlumič gumový 49;Těsnění a guma;261;Výdej do výrobní zakázky;H;-121,940;KS;45,51;-5549,49;CZK;VZ400093;;;;;;;SVOBODM;5030 Výroba obrábění
13.03.2026;13.03.2026;4900001848;4;2000;0001;1000117;Motor 72 kW;Elektro;261;Výdej do výrobní zakázky;H;-24,180;KS;660,38;-15967,99;CZK;VZ400093;;;;;;;SVOBODM;5020 Výroba montáž
13.03.2026;13.03.2026;4900001848;5;2000;0001;1000179;Granulát ABS 25;Plasty;261;Výdej do výrobní zakázky;H;-183,560;KG;54,80;-10059,09;CZK;VZ400093;;;;;;;NOVAKJ;5020 Výroba montáž
13.03.2026;13.03.2026;4900002125;1;1000;0001;1000109;Granulát PA6 108;Plasty;261;Výdej do výrobní zakázky;H;-213,500;KG;65,68;-14022,68;CZK;VZ400286;;;;;;;KUCERAL;5030 Výroba obrábění
13.03.2026;13.03.2026;4900002125;2;1000;0001;1000179;Granulát ABS 25;Plasty;261;Výdej do výrobní zakázky;H;-26,950;KG;54,80;-1476,86;CZK;VZ400286;;;;;;;CERNAT;5020 Výroba montáž
13.03.2026;13.03.2026;4900002125;3;1000;0001;1000358;Tlumič gumový 49;Těsnění a guma;261;Výdej do výrobní zakázky;H;-122,500;KS;45,51;-5574,97;CZK;VZ400286;;;;;;;NOVAKJ;5020 Výroba montáž
13.03.2026;13.03.2026;4900002125;4;1000;0001;1000138;Frekvenční měnič 18 kW;Elektro;261;Výdej do výrobní zakázky;H;-383,600;KS;423,21;-162343,36;CZK;VZ400286;;;;;;;SVOBODM;5020 Výroba montáž
13.03.2026;13.03.2026;4900002125;5;1000;0001;1000348;Motor 108 kW;Elektro;261;Výdej do výrobní zakázky;H;-39,200;KS;739,67;-28995,06;CZK;VZ400286;;;;;;;HORAKT;5020 Výroba montáž
13.03.2026;13.03.2026;4900002399;1;2000;0003;5000132;Rám podvozkový C802;Hotový výrobek;601;Výdej při dodání zákazníkovi;H;-29,000;KS;1980,08;-57422,32;CZK;;;Bonatrans Group a.s.;SV5324;85350,53;57422,32;15213,89;CERNAT;6010 Expedice
13.03.2026;13.03.2026;4900002499;1;2000;0003;5000120;Čerpadlo odstředivé C541;Hotový výrobek;601;Výdej při dodání zákazníkovi;H;-9,000;KS;10850,00;-97650,00;CZK;;;Tatra Trucks a.s.;SV6496;143129,12;97650,00;28185,77;DVORAKP;6010 Expedice
13.03.2026;13.03.2026;4900002631;1;2000;0001;1000102;Granulát PA6 83;Plasty;102;Storno příjmu zboží;H;-530,820;KG;73,29;-38903,80;CZK;;Plastika Nitra a.s.;;SN5197;;;;CERNAT;4010 Nákup
16.03.2026;16.03.2026;4900000055;1;2000;0001;1000110;Motor 70 kW;Elektro;101;Příjem zboží na objednávku;S;722,760;KS;215,98;156101,70;CZK;;Schneider Electric CZ;;SN2019;;;;CERNAT;4010 Nákup
16.03.2026;16.03.2026;4900000067;1;1000;0001;1000112;Lak polyuretanový RAL 3020;Nátěry a chemie;101;Příjem zboží na objednávku;S;599,860;L;246,57;147907,48;CZK;;Siemens s.r.o.;;SN5034;;;;KUCERAL;4010 Nákup
16.03.2026;16.03.2026;4900000431;1;1000;0001;1000175;Odmašťovač RAL 7035;Nátěry a chemie;101;Příjem zboží na objednávku;S;705,890;L;263,16;185762,01;CZK;;Metalšrot Tlumačov;;SN9092;;;;HORAKT;4010 Nákup
16.03.2026;16.03.2026;4900000603;1;2000;0001;1000206;Trubka Al 68 mm;Hliník;101;Příjem zboží na objednávku;S;2051,870;KG;69,44;142481,85;CZK;;Lapp Kabel s.r.o.;;SN5912;;;;SVOBODM;4010 Nákup
16.03.2026;16.03.2026;4900000825;1;1000;0001;1000246;Těsnění ploché 116 mm;Těsnění a guma;101;Příjem zboží na objednávku;S;329,580;KS;47,79;15750,63;CZK;;Alumat s.r.o.;;SN5738;;;;PROCHAZ;4010 Nákup
16.03.2026;16.03.2026;4900000923;1;1000;0001;1000264;Motor 26 kW;Elektro;101;Příjem zboží na objednávku;S;1050,010;KS;733,69;770381,84;CZK;;Resinex CZ s.r.o.;;SN7173;;;;KUCERAL;4010 Nákup
16.03.2026;16.03.2026;4900001005;1;2000;0001;1000282;Plech ocelový 15 mm;Ocel;101;Příjem zboží na objednávku;S;1592,820;KG;32,61;51941,86;CZK;;Colorlak a.s.;;SN4012;;;;CERNAT;4010 Nákup
16.03.2026;16.03.2026;4900001024;1;1000;0001;1000284;Granulát PA6 17;Plasty;101;Příjem zboží na objednávku;S;1036,000;KG;68,56;71028,16;CZK;;Fabory CZ;;SN5053;;;;HORAKT;4010 Nákup
16.03.2026;16.03.2026;4900001100;1;1000;0001;1000297;Trubka Al 64 mm;Hliník;101;Příjem zboží na objednávku;S;276,950;KG;101,55;28124,27;CZK;;ESSA Czech;;SN6868;;;;VESELAM;4010 Nákup
16.03.2026;16.03.2026;4900001251;1;1000;0001;1000324;Profil U 62;Ocel;101;Příjem zboží na objednávku;S;1120,290;KG;40,88;45797,46;CZK;;Trelleborg Bohemia;;SN5493;;;;CERNAT;4010 Nákup
16.03.2026;16.03.2026;4900001287;1;2000;0001;1000330;O-kroužek 39 mm;Těsnění a guma;101;Příjem zboží na objednávku;S;787,200;KS;18,43;14508,10;CZK;;Fabory CZ;;SN4938;;;;SVOBODM;4010 Nákup
16.03.2026;16.03.2026;4900001312;1;2000;0001;1000336;Základní barva RAL 7035;Nátěry a chemie;101;Příjem zboží na objednávku;S;740,180;L;119,31;88310,88;CZK;;ABB s.r.o.;;SN7956;;;;SVOBODM;4010 Nákup
16.03.2026;16.03.2026;4900001450;1;2000;0001;1000362;Frekvenční měnič 17 kW;Elektro;101;Příjem zboží na objednávku;S;1039,340;KS;512,26;532412,31;CZK;;Bossard CZ s.r.o.;;SN9408;;;;SVOBODM;4010 Nákup
16.03.2026;16.03.2026;4900001460;1;2000;0001;1000364;Lak polyuretanový RAL 7035;Nátěry a chemie;101;Příjem zboží na objednávku;S;1402,120;L;309,04;433311,16;CZK;;Fabory CZ;;SN1330;;;;SVOBODM;4010 Nákup
16.03.2026;16.03.2026;4900001544;1;2000;0001;1000378;Základní barva RAL 6011;Nátěry a chemie;101;Příjem zboží na objednávku;S;1448,850;L;99,53;144204,04;CZK;;Metalšrot Tlumačov;;SN9386;;;;SVOBODM;4010 Nákup
16.03.2026;16.03.2026;4900001633;1;2000;0001;1000395;Profil Al 33x47;Hliník;101;Příjem zboží na objednávku;S;1723,060;KG;128,86;222033,51;CZK;;Plastika Nitra a.s.;;SN3055;;;;CERNAT;4010 Nákup
16.03.2026;16.03.2026;4900001759;1;1000;0003;5000142;Rám podvozkový A874;Hotový výrobek;131;Příjem z výroby;S;25,000;KS;7208,74;180218,50;CZK;VZ400049;;;SV5641;;;;HORAKT;5020 Výroba montáž
16.03.2026;16.03.2026;4900002059;1;1000;0001;1000375;Deska PE 101 mm;Plasty;261;Výdej do výrobní zakázky;H;-16,960;KG;63,57;-1078,15;CZK;VZ400229;;;;;;;DVORAKP;5030 Výroba obrábění
16.03.2026;16.03.2026;4900002059;2;1000;0001;1000333;Deska PE 40 mm;Plasty;261;Výdej do výrobní zakázky;H;-83,840;KG;43,58;-3653,75;CZK;VZ400229;;;;;;;VESELAM;5020 Výroba montáž
16.03.2026;16.03.2026;4900002059;3;1000;0001;1000259;Základní barva RAL 3020;Nátěry a chemie;261;Výdej do výrobní zakázky;H;-34,880;L;236,85;-8261,33;CZK;VZ400229;;;;;;;VESELAM;5030 Výroba obrábění
16.03.2026;16.03.2026;4900002059;4;1000;0001;1000193;Deska PE 67 mm;Plasty;261;Výdej do výrobní zakázky;H;-63,040;KG;87,82;-5536,17;CZK;VZ400229;;;;;;;HORAKT;5020 Výroba montáž
16.03.2026;16.03.2026;4900002059;5;1000;0001;1000234;Plech Al 44 mm;Hliník;261;Výdej do výrobní zakázky;H;-104,960;KG;95,56;-10029,98;CZK;VZ400229;;;;;;;CERNAT;5020 Výroba montáž
16.03.2026;16.03.2026;4900002059;6;1000;0001;1000223;Šroub M2x48;Spojovací materiál;261;Výdej do výrobní zakázky;H;-211,520;KS;10,18;-2153,27;CZK;VZ400229;;;;;;;HORAKT;5030 Výroba obrábění
16.03.2026;16.03.2026;4900002059;7;1000;0001;1000383;Motor 69 kW;Elektro;261;Výdej do výrobní zakázky;H;-71,040;KS;150,72;-10707,15;CZK;VZ400229;;;;;;;SVOBODM;5030 Výroba obrábění
16.03.2026;16.03.2026;4900002059;8;1000;0001;1000396;Granulát PA6 20;Plasty;261;Výdej do výrobní zakázky;H;-173,120;KG;82,13;-14218,35;CZK;VZ400229;;;;;;;KUCERAL;5030 Výroba obrábění
16.03.2026;16.03.2026;4900002122;1;2000;0003;5000132;Rám podvozkový C802;Hotový výrobek;131;Příjem z výroby;S;23,000;KS;1980,08;45541,84;CZK;VZ400282;;;SV6555;;;;PROCHAZ;5020 Výroba montáž
16.03.2026;16.03.2026;4900002126;1;1000;0003;5000142;Rám podvozkový A874;Hotový výrobek;131;Příjem z výroby;S;35,000;KS;7208,74;252305,90;CZK;VZ400286;;;SV1624;;;;VESELAM;5020 Výroba montáž
16.03.2026;16.03.2026;4900002150;1;1000;0003;5000103;Skříň rozvaděče D186;Hotový výrobek;601;Výdej při dodání zákazníkovi;H;-6,000;KS;8539,73;-51238,38;CZK;;;Magna Exteriors Bohemia;SV4905;72141,26;51238,38;14591,25;VESELAM;6010 Expedice
16.03.2026;16.03.2026;4900002198;1;2000;0003;5000122;Rám podvozkový E427;Hotový výrobek;601;Výdej při dodání zákazníkovi;H;-44,000;KS;5207,47;-229128,68;CZK;;;Juta a.s.;SV3314;329830,42;229128,68;67813,90;HORAKT;6010 Expedice
16.03.2026;16.03.2026;4900002407;1;1000;0003;5000101;Převodovka šneková B301;Hotový výrobek;601;Výdej při dodání zákazníkovi;H;-3,000;KS;9813,50;-29440,50;CZK;;;Škoda Auto a.s.;SV4954;41990,27;29440,50;9033,78;KUCERAL;6010 Expedice
16.03.2026;16.03.2026;4900002488;1;1000;0003;5000103;Skříň rozvaděče D186;Hotový výrobek;601;Výdej při dodání zákazníkovi;H;-6,000;KS;8539,73;-51238,38;CZK;;;Linet spol. s r.o.;SV3688;74512,28;51238,38;14844,79;HORAKT;6010 Expedice
16.03.2026;16.03.2026;4900002495;1;2000;0003;5000109;Ventilová jednotka D945;Hotový výrobek;601;Výdej při dodání zákazníkovi;H;-7,000;KS;15315,80;-107210,60;CZK;;;Hanon Systems Autopal;SV5335;172623,00;107210,60;31634,13;SVOBODM;6010 Expedice
16.03.2026;16.03.2026;4900002542;1;1000;0003;5000112;Rám podvozkový A238;Hotový výrobek;601;Výdej při dodání zákazníkovi;H;-10,000;KS;1349,43;-13494,30;CZK;;;Strojírny Prostějov a.s.;SV8117;20397,77;13494,30;4425,61;DVORAKP;6010 Expedice
16.03.2026;16.03.2026;4900002592;1;1000;0003;5000143;Skříň rozvaděče B530;Hotový výrobek;601;Výdej při dodání zákazníkovi;H;-4,000;KS;3905,26;-15621,04;CZK;;;Strojírny Prostějov a.s.;SV5200;22039,13;15621,04;4290,96;KUCERAL;6010 Expedice
17.03.2026;17.03.2026;4900000110;1;2000;0001;1000120;Těsnění ploché 42 mm;Těsnění a guma;101;Příjem zboží na objednávku;S;747,370;KS;37,41;27959,11;CZK;;Wurth s.r.o.;;SN3465;;;;PROCHAZ;4010 Nákup
17.03.2026;17.03.2026;4900000376;1;1000;0001;1000166;Motor 76 kW;Elektro;101;Příjem zboží na objednávku;S;161,700;KS;333,01;53847,72;CZK;;Hennlich s.r.o.;;SN2878;;;;VESELAM;4010 Nákup
17.03.2026;17.03.2026;4900000415;1;2000;0001;1000173;Čidlo indukční 108 mm;Elektro;101;Příjem zboží na objednávku;S;465,160;KS;435,84;202735,33;CZK;;Elektro Cabel CZ;;SN2503;;;;HORAKT;4010 Nákup
17.03.2026;17.03.2026;4900000535;1;2000;0001;1000195;Kolík 20x27;Spojovací materiál;101;Příjem zboží na objednávku;S;1049,020;KS;15,97;16752,85;CZK;;ABB s.r.o.;;SN8085;;;;PROCHAZ;4010 Nákup
17.03.2026;17.03.2026;4900000703;1;2000;0001;1000226;Profil U 4;Ocel;101;Příjem zboží na objednávku;S;1904,170;KG;27,36;52098,09;CZK;;Hennlich s.r.o.;;SN6123;;;;DVORAKP;4010 Nákup
17.03.2026;17.03.2026;4900000835;1;1000;0001;1000249;Granulát PA6 112;Plasty;101;Příjem zboží na objednávku;S;1333,430;KG;71,02;94700,20;CZK;;ArcelorMittal Distribution;;SN5327;;;;HORAKT;4010 Nákup
17.03.2026;17.03.2026;4900001082;1;1000;0001;1000294;Odmašťovač RAL 6011;Nátěry a chemie;101;Příjem zboží na objednávku;S;425,220;L;303,21;128930,96;CZK;;Siemens s.r.o.;;SN3848;;;;VESELAM;4010 Nákup
17.03.2026;17.03.2026;4900001267;1;1000;0001;1000327;Stykač 56 A;Elektro;101;Příjem zboží na objednávku;S;646,980;KS;238,71;154440,60;CZK;;Plastika Nitra a.s.;;SN5093;;;;CERNAT;4010 Nákup
17.03.2026;17.03.2026;4900001540;1;1000;0001;1000377;Kolík 82x4;Spojovací materiál;101;Příjem zboží na objednávku;S;925,240;KS;4,28;3960,03;CZK;;ABB s.r.o.;;SN5174;;;;NOVAKJ;4010 Nákup
17.03.2026;17.03.2026;4900001568;1;2000;0001;1000383;Motor 69 kW;Elektro;101;Příjem zboží na objednávku;S;182,010;KS;150,72;27432,55;CZK;;ABB s.r.o.;;SN5109;;;;HORAKT;4010 Nákup
17.03.2026;17.03.2026;4900001717;1;1000;0001;1000375;Deska PE 101 mm;Plasty;261;Výdej do výrobní zakázky;H;-11,130;KG;63,57;-707,53;CZK;VZ400030;;;;;;;CERNAT;5030 Výroba obrábění
17.03.2026;17.03.2026;4900001717;2;1000;0001;1000333;Deska PE 40 mm;Plasty;261;Výdej do výrobní zakázky;H;-55,020;KG;43,58;-2397,77;CZK;VZ400030;;;;;;;HORAKT;5030 Výroba obrábění
17.03.2026;17.03.2026;4900001717;3;1000;0001;1000259;Základní barva RAL 3020;Nátěry a chemie;261;Výdej do výrobní zakázky;H;-22,890;L;236,85;-5421,50;CZK;VZ400030;;;;;;;VESELAM;5030 Výroba obrábění
17.03.2026;17.03.2026;4900001717;4;1000;0001;1000193;Deska PE 67 mm;Plasty;261;Výdej do výrobní zakázky;H;-41,370;KG;87,82;-3633,11;CZK;VZ400030;;;;;;;HORAKT;5030 Výroba obrábění
17.03.2026;17.03.2026;4900001717;5;1000;0001;1000234;Plech Al 44 mm;Hliník;261;Výdej do výrobní zakázky;H;-68,880;KG;95,56;-6582,17;CZK;VZ400030;;;;;;;DVORAKP;5030 Výroba obrábění
17.03.2026;17.03.2026;4900001717;6;1000;0001;1000223;Šroub M2x48;Spojovací materiál;261;Výdej do výrobní zakázky;H;-138,810;KS;10,18;-1413,09;CZK;VZ400030;;;;;;;NOVAKJ;5030 Výroba obrábění
17.03.2026;17.03.2026;4900001717;7;1000;0001;1000383;Motor 69 kW;Elektro;261;Výdej do výrobní zakázky;H;-46,620;KS;150,72;-7026,57;CZK;VZ400030;;;;;;;CERNAT;5020 Výroba montáž
17.03.2026;17.03.2026;4900001717;8;1000;0001;1000396;Granulát PA6 20;Plasty;261;Výdej do výrobní zakázky;H;-113,610;KG;82,13;-9330,79;CZK;VZ400030;;;;;;;HORAKT;5030 Výroba obrábění
17.03.2026;17.03.2026;4900001718;1;1000;0001;1000193;Deska PE 67 mm;Plasty;551;Výdej do šrotu;H;-1,690;KG;87,82;-148,42;CZK;VZ400030;;;;;;;NOVAKJ;5030 Výroba obrábění
17.03.2026;17.03.2026;4900001727;1;1000;0003;5000104;Dopravník pásový E932;Hotový výrobek;131;Příjem z výroby;S;22,000;KS;2436,00;53592,00;CZK;VZ400034;;;SV9610;;;;DVORAKP;5020 Výroba montáž
17.03.2026;17.03.2026;4900001853;1;2000;0001;1000321;Podložka 22;Spojovací materiál;261;Výdej do výrobní zakázky;H;-429,600;KS;13,53;-5812,49;CZK;VZ400096;;;;;;;PROCHAZ;5020 Výroba montáž
17.03.2026;17.03.2026;4900001853;2;2000;0001;1000184;Profil U 96;Ocel;261;Výdej do výrobní zakázky;H;-236,000;KG;20,09;-4741,24;CZK;VZ400096;;;;;;;NOVAKJ;5020 Výroba montáž
17.03.2026;17.03.2026;4900001853;3;2000;0001;1000397;Motor 114 kW;Elektro;261;Výdej do výrobní zakázky;H;-145,200;KS;710,22;-103123,94;CZK;VZ400096;;;;;;;KUCERAL;5030 Výroba obrábění
17.03.2026;17.03.2026;4900001853;4;2000;0001;1000304;Plech Al 29 mm;Hliník;261;Výdej do výrobní zakázky;H;-102,800;KG;84,08;-8643,42;CZK;VZ400096;;;;;;;CERNAT;5030 Výroba obrábění
17.03.2026;17.03.2026;4900001854;1;2000;0001;1000184;Profil U 96;Ocel;551;Výdej do šrotu;H;-6,330;KG;20,09;-127,17;CZK;VZ400096;;;;;;;CERNAT;5030 Výroba obrábění
17.03.2026;17.03.2026;4900002128;1;1000;0003;5000107;Kryt převodovky B587;Hotový výrobek;131;Příjem z výroby;S;40,000;KS;2113,83;84553,20;CZK;VZ400287;;;SV6941;;;;DVORAKP;5020 Výroba montáž
17.03.2026;17.03.2026;4900002167;1;2000;0003;5000124;Dopravník pásový A794;Hotový výrobek;601;Výdej při dodání zákazníkovi;H;-8,000;KS;1487,77;-11902,16;CZK;;;Koyo Bearings ČR;SV5572;16445,04;11902,16;3426,20;CERNAT;6010 Expedice
17.03.2026;17.03.2026;4900002367;1;1000;0003;5000110;Čerpadlo odstředivé E673;Hotový výrobek;601;Výdej při dodání zákazníkovi;H;-10,000;KS;1588,38;-15883,80;CZK;;;Witte Automotive;SV9916;24802,38;15883,80;4592,13;SVOBODM;6010 Expedice
17.03.2026;17.03.2026;4900002619;1;1000;0003;5000129;Ventilová jednotka F138;Hotový výrobek;601;Výdej při dodání zákazníkovi;H;-13,000;KS;5816,31;-75612,03;CZK;;;Agrostroj Pelhřimov a.s.;SV5371;103677,24;75612,03;21624,81;HORAKT;6010 Expedice
17.03.2026;17.03.2026;4900002620;1;1000;0003;5000129;Ventilová jednotka F138;Hotový výrobek;601;Výdej při dodání zákazníkovi;H;-9,000;KS;5816,31;-52346,79;CZK;;;Witte Automotive;SV8224;73315,86;52346,79;13711,84;VESELAM;6010 Expedice
18.03.2026;18.03.2026;4900000018;1;2000;0001;1000103;Čidlo indukční 32 mm;Elektro;101;Příjem zboží na objednávku;S;902,050;KS;26,60;23994,53;CZK;;Hennlich s.r.o.;;SN2594;;;;VESELAM;4010 Nákup
18.03.2026;18.03.2026;4900000091;1;1000;0001;1000116;Deska PE 48 mm;Plasty;101;Příjem zboží na objednávku;S;153,330;KG;75,62;11594,81;CZK;;Rubena a.s.;;SN9855;;;;VESELAM;4010 Nákup
18.03.2026;18.03.2026;4900000238;1;2000;0001;1000143;Plech Al 68 mm;Hliník;101;Příjem zboží na objednávku;S;1042,090;KG;76,77;80001,25;CZK;;ThyssenKrupp Ferrostal;;SN3618;;;;DVORAKP;4010 Nákup
18.03.2026;18.03.2026;4900000278;1;2000;0001;1000149;Trubka ocelová 66x16;Ocel;101;Příjem zboží na objednávku;S;379,700;KG;25,21;9572,24;CZK;;ArcelorMittal Distribution;;SN3352;;;;KUCERAL;4010 Nákup
18.03.2026;18.03.2026;4900000360;1;1000;0001;1000164;Profil Al 16x61;Hliník;101;Příjem zboží na objednávku;S;185,620;KG;109,59;20342,10;CZK;;Bibus s.r.o.;;SN7959;;;;CERNAT;4010 Nákup
18.03.2026;18.03.2026;4900000457;1;1000;0001;1000179;Granulát ABS 25;Plasty;101;Příjem zboží na objednávku;S;320,420;KG;54,80;17559,02;CZK;;Haberkorn s.r.o.;;SN2612;;;;CERNAT;4010 Nákup
18.03.2026;18.03.2026;4900000465;1;1000;0001;1000181;Matice M81;Spojovací materiál;101;Příjem zboží na objednávku;S;414,090;KS;15,28;6327,30;CZK;;Hilti ČR s.r.o.;;SN1274;;;;NOVAKJ;4010 Nákup
18.03.2026;18.03.2026;4900000503;1;1000;0001;1000188;Kolík 68x10;Spojovací materiál;101;Příjem zboží na objednávku;S;210,680;KS;8,82;1858,20;CZK;;Alumat s.r.o.;;SN5533;;;;PROCHAZ;4010 Nákup
18.03.2026;18.03.2026;4900000897;1;2000;0001;1000259;Základní barva RAL 3020;Nátěry a chemie;101;Příjem zboží na objednávku;S;1012,700;L;236,85;239857,99;CZK;;Killich s.r.o.;;SN4901;;;;NOVAKJ;4010 Nákup
18.03.2026;18.03.2026;4900000963;1;1000;0001;1000273;Lak polyuretanový RAL 3020;Nátěry a chemie;101;Příjem zboží na objednávku;S;1918,030;L;292,88;561752,63;CZK;;Rubena a.s.;;SN4443;;;;KUCERAL;4010 Nákup
18.03.2026;18.03.2026;4900001035;1;1000;0001;1000286;Kolík 71x53;Spojovací materiál;101;Příjem zboží na objednávku;S;514,830;KS;3,28;1688,64;CZK;;Killich s.r.o.;;SN9782;;;;NOVAKJ;4010 Nákup
18.03.2026;18.03.2026;4900001060;1;2000;0001;1000291;Deska PP 108 mm;Plasty;101;Příjem zboží na objednávku;S;1326,160;KG;68,24;90497,16;CZK;;ESSA Czech;;SN9668;;;;KUCERAL;4010 Nákup
18.03.2026;18.03.2026;4900001228;1;2000;0001;1000320;Motor 37 kW;Elektro;101;Příjem zboží na objednávku;S;397,140;KS;281,93;111965,68;CZK;;Metalšrot Tlumačov;;SN2069;;;;DVORAKP;4010 Nákup
18.03.2026;18.03.2026;4900001648;1;2000;0001;1000398;Šroub M41x56;Spojovací materiál;101;Příjem zboží na objednávku;S;718,940;KS;14,54;10453,39;CZK;;Alumat s.r.o.;;SN8570;;;;VESELAM;4010 Nákup
18.03.2026;18.03.2026;4900001810;1;2000;0001;1000198;Trubka ocelová 56x45;Ocel;261;Výdej do výrobní zakázky;H;-150,800;KG;20,95;-3159,26;CZK;VZ400073;;;;;;;KUCERAL;5030 Výroba obrábění
18.03.2026;18.03.2026;4900001810;2;2000;0001;1000117;Motor 72 kW;Elektro;261;Výdej do výrobní zakázky;H;-160,680;KS;660,38;-106109,86;CZK;VZ400073;;;;;;;CERNAT;5020 Výroba montáž
18.03.2026;18.03.2026;4900001810;3;2000;0001;1000206;Trubka Al 68 mm;Hliník;261;Výdej do výrobní zakázky;H;-199,680;KG;69,44;-13865,78;CZK;VZ400073;;;;;;;DVORAKP;5030 Výroba obrábění
18.03.2026;18.03.2026;4900001810;4;2000;0001;1000166;Motor 76 kW;Elektro;261;Výdej do výrobní zakázky;H;-30,420;KS;333,01;-10130,16;CZK;VZ400073;;;;;;;VESELAM;5020 Výroba montáž
18.03.2026;18.03.2026;4900001978;1;2000;0001;1000390;Frekvenční měnič 119 kW;Elektro;261;Výdej do výrobní zakázky;H;-42,390;KS;680,45;-28844,28;CZK;VZ400176;;;;;;;KUCERAL;5020 Výroba montáž
18.03.2026;18.03.2026;4900001978;2;2000;0001;1000391;Kolík 64x14;Spojovací materiál;261;Výdej do výrobní zakázky;H;-72,540;KS;15,07;-1093,18;CZK;VZ400176;;;;;;;VESELAM;5030 Výroba obrábění
18.03.2026;18.03.2026;4900001978;3;2000;0001;1000378;Základní barva RAL 6011;Nátěry a chemie;261;Výdej do výrobní zakázky;H;-27,900;L;99,53;-2776,89;CZK;VZ400176;;;;;;;SVOBODM;5030 Výroba obrábění
18.03.2026;18.03.2026;4900001978;4;2000;0001;1000181;Matice M81;Spojovací materiál;261;Výdej do výrobní zakázky;H;-107,910;KS;15,28;-1648,86;CZK;VZ400176;;;;;;;SVOBODM;5020 Výroba montáž
18.03.2026;18.03.2026;4900001979;1;2000;0001;1000181;Matice M81;Spojovací materiál;551;Výdej do šrotu;H;-16,320;KS;15,28;-249,37;CZK;VZ400176;;;;;;;HORAKT;5030 Výroba obrábění
18.03.2026;18.03.2026;4900002056;1;1000;0003;5000112;Rám podvozkový A238;Hotový výrobek;131;Příjem z výroby;S;44,000;KS;1349,43;59374,92;CZK;VZ400225;;;SV1402;;;;CERNAT;5020 Výroba montáž
18.03.2026;18.03.2026;4900002358;1;1000;0003;5000126;Svařenec nosný C392;Hotový výrobek;601;Výdej při dodání zákazníkovi;H;-2,000;KS;8670,21;-17340,42;CZK;;;Bonatrans Group a.s.;SV9412;22888,74;17340,42;4558,61;SVOBODM;6010 Expedice
18.03.2026;18.03.2026;4900002498;1;2000;0003;5000120;Čerpadlo odstředivé C541;Hotový výrobek;601;Výdej při dodání zákazníkovi;H;-10,000;KS;10850,00;-108500,00;CZK;;;Juta a.s.;SV5884;161224,10;108500,00;35318,40;HORAKT;6010 Expedice
18.03.2026;18.03.2026;4900002633;1;2000;0001;1000103;Čidlo indukční 32 mm;Elektro;102;Storno příjmu zboží;H;-902,050;KS;26,60;-23994,53;CZK;;Hennlich s.r.o.;;SN2594;;;;VESELAM;4010 Nákup
19.03.2026;19.03.2026;4900000123;1;1000;0001;1000122;Trubka Al 54 mm;Hliník;101;Příjem zboží na objednávku;S;883,590;KG;99,64;88040,91;CZK;;Plastika Nitra a.s.;;SN7687;;;;VESELAM;4010 Nákup
19.03.2026;19.03.2026;4900000130;1;2000;0001;1000123;Granulát ABS 76;Plasty;101;Příjem zboží na objednávku;S;1260,360;KG;48,36;60951,01;CZK;;Hennlich s.r.o.;;SN6371;;;;PROCHAZ;4010 Nákup
19.03.2026;19.03.2026;4900000269;1;2000;0001;1000147;Lak polyuretanový RAL 9005;Nátěry a chemie;101;Příjem zboží na objednávku;S;473,200;L;140,57;66517,72;CZK;;ESSA Czech;;SN1645;;;;VESELAM;4010 Nákup
19.03.2026;19.03.2026;4900000869;1;2000;0001;1000254;Tyč kruhová 76 mm;Ocel;101;Příjem zboží na objednávku;S;1520,540;KG;34,35;52230,55;CZK;;Elektro Cabel CZ;;SN7026;;;;CERNAT;4010 Nákup
19.03.2026;19.03.2026;4900000890;1;1000;0001;1000258;Kolík 6x58;Spojovací materiál;101;Příjem zboží na objednávku;S;82,410;KS;4,08;336,23;CZK;;Rubena a.s.;;SN9112;;;;SVOBODM;4010 Nákup
19.03.2026;19.03.2026;4900000941;1;2000;0001;1000269;Trubka Al 78 mm;Hliník;101;Příjem zboží na objednávku;S;2143,280;KG;81,40;174462,99;CZK;;Wurth s.r.o.;;SN8343;;;;PROCHAZ;4010 Nákup
19.03.2026;19.03.2026;4900001036;1;1000;0001;1000286;Kolík 71x53;Spojovací materiál;101;Příjem zboží na objednávku;S;153,730;KS;3,28;504,23;CZK;;Schneider Electric CZ;;SN3424;;;;CERNAT;4010 Nákup
19.03.2026;19.03.2026;4900001095;1;2000;0001;1000296;Plech ocelový 110 mm;Ocel;101;Příjem zboží na objednávku;S;458,110;KG;44,46;20367,57;CZK;;Resinex CZ s.r.o.;;SN3863;;;;HORAKT;4010 Nákup
19.03.2026;19.03.2026;4900001123;1;2000;0001;1000302;Tlumič gumový 20;Těsnění a guma;101;Příjem zboží na objednávku;S;491,200;KS;4,51;2215,31;CZK;;Elektro Cabel CZ;;SN9154;;;;KUCERAL;4010 Nákup
19.03.2026;19.03.2026;4900001142;1;2000;0001;1000304;Plech Al 29 mm;Hliník;101;Příjem zboží na objednávku;S;1316,440;KG;84,08;110686,28;CZK;;Hilti ČR s.r.o.;;SN5988;;;;VESELAM;4010 Nákup
19.03.2026;19.03.2026;4900001557;1;2000;0001;1000381;Trubka Al 117 mm;Hliník;101;Příjem zboží na objednávku;S;725,680;KG;64,58;46864,41;CZK;;Lapp Kabel s.r.o.;;SN6289;;;;SVOBODM;4010 Nákup
19.03.2026;19.03.2026;4900001579;1;1000;0001;1000385;Odmašťovač RAL 6011;Nátěry a chemie;101;Příjem zboží na objednávku;S;639,670;L;320,08;204745,57;CZK;;Colorlak a.s.;;SN5797;;;;KUCERAL;4010 Nákup
19.03.2026;19.03.2026;4900001656;1;1000;0001;1000301;Lak polyuretanový RAL 5010;Nátěry a chemie;261;Výdej do výrobní zakázky;H;-7,920;L;339,05;-2685,28;CZK;VZ400000;;;;;;;VESELAM;5030 Výroba obrábění
19.03.2026;19.03.2026;4900001656;2;1000;0001;1000373;Tyč kruhová 44 mm;Ocel;261;Výdej do výrobní zakázky;H;-33,060;KG;31,69;-1047,67;CZK;VZ400000;;;;;;;PROCHAZ;5020 Výroba montáž
19.03.2026;19.03.2026;4900001656;3;1000;0001;1000395;Profil Al 33x47;Hliník;261;Výdej do výrobní zakázky;H;-13,380;KG;128,86;-1724,15;CZK;VZ400000;;;;;;;DVORAKP;5030 Výroba obrábění
19.03.2026;19.03.2026;4900001656;4;1000;0001;1000322;Lak polyuretanový RAL 7035;Nátěry a chemie;261;Výdej do výrobní zakázky;H;-46,320;L;219,04;-10145,93;CZK;VZ400000;;;;;;;SVOBODM;5030 Výroba obrábění
19.03.2026;19.03.2026;4900001656;5;1000;0001;1000183;O-kroužek 107 mm;Těsnění a guma;261;Výdej do výrobní zakázky;H;-8,880;KS;51,09;-453,68;CZK;VZ400000;;;;;;;CERNAT;5020 Výroba montáž
19.03.2026;19.03.2026;4900001656;6;1000;0001;1000299;Čidlo indukční 99 mm;Elektro;261;Výdej do výrobní zakázky;H;-20,940;KS;576,77;-12077,56;CZK;VZ400000;;;;;;;NOVAKJ;5030 Výroba obrábění
19.03.2026;19.03.2026;4900001684;1;2000;0003;5000121;Převodovka šneková D513;Hotový výrobek;131;Příjem z výroby;S;7,000;KS;9506,76;66547,32;CZK;VZ400013;;;SV3917;;;;NOVAKJ;5020 Výroba montáž
19.03.2026;19.03.2026;4900001738;1;1000;0003;5000148;Konzole montážní A793;Hotový výrobek;131;Příjem z výroby;S;37,000;KS;7570,47;280107,39;CZK;VZ400039;;;SV8070;;;;SVOBODM;5020 Výroba montáž
19.03.2026;19.03.2026;4900001782;1;2000;0001;1000397;Motor 114 kW;Elektro;261;Výdej do výrobní zakázky;H;-30,320;KS;710,22;-21533,87;CZK;VZ400060;;;;;;;PROCHAZ;5030 Výroba obrábění
19.03.2026;19.03.2026;4900001782;2;2000;0001;1000132;Matice M34;Spojovací materiál;261;Výdej do výrobní zakázky;H;-10,720;KS;7,13;-76,43;CZK;VZ400060;;;;;;;PROCHAZ;5020 Výroba montáž
19.03.2026;19.03.2026;4900001782;3;2000;0001;1000254;Tyč kruhová 76 mm;Ocel;261;Výdej do výrobní zakázky;H;-4,400;KG;34,35;-151,14;CZK;VZ400060;;;;;;;NOVAKJ;5030 Výroba obrábění
19.03.2026;19.03.2026;4900001782;4;2000;0001;1000208;Stykač 43 A;Elektro;261;Výdej do výrobní zakázky;H;-46,720;KS;687,68;-32128,41;CZK;VZ400060;;;;;;;DVORAKP;5020 Výroba montáž
19.03.2026;19.03.2026;4900001782;5;2000;0001;1000170;Trubka ocelová 73x65;Ocel;261;Výdej do výrobní zakázky;H;-26,880;KG;23,63;-635,17;CZK;VZ400060;;;;;;;SVOBODM;5020 Výroba montáž
19.03.2026;19.03.2026;4900001782;6;2000;0001;1000302;Tlumič gumový 20;Těsnění a guma;261;Výdej do výrobní zakázky;H;-7,960;KS;4,51;-35,90;CZK;VZ400060;;;;;;;NOVAKJ;5030 Výroba obrábění
19.03.2026;19.03.2026;4900001782;7;2000;0001;1000230;Kolík 14x73;Spojovací materiál;261;Výdej do výrobní zakázky;H;-40,320;KS;9,78;-394,33;CZK;VZ400060;;;;;;;PROCHAZ;5020 Výroba montáž
19.03.2026;19.03.2026;4900001811;1;2000;0003;5000119;Ventilová jednotka B766;Hotový výrobek;131;Příjem z výroby;S;26,000;KS;5908,29;153615,54;CZK;VZ400073;;;SV1408;;;;CERNAT;5020 Výroba montáž
19.03.2026;19.03.2026;4900001849;1;2000;0003;5000128;Konzole montážní E878;Hotový výrobek;131;Příjem z výroby;S;26,000;KS;2954,77;76824,02;CZK;VZ400093;;;SV5957;;;;DVORAKP;5020 Výroba montáž
19.03.2026;19.03.2026;4900001855;1;2000;0003;5000108;Konzole montážní C372;Hotový výrobek;131;Příjem z výroby;S;40,000;KS;3574,42;142976,80;CZK;VZ400096;;;SV2086;;;;SVOBODM;5020 Výroba montáž
19.03.2026;19.03.2026;4900002051;1;1000;0001;1000385;Odmašťovač RAL 6011;Nátěry a chemie;261;Výdej do výrobní zakázky;H;-25,920;L;320,08;-8296,47;CZK;VZ400220;;;;;;;NOVAKJ;5020 Výroba montáž
19.03.2026;19.03.2026;4900002051;2;1000;0001;1000363;Kolík 119x35;Spojovací materiál;261;Výdej do výrobní zakázky;H;-67,120;KS;5,72;-383,93;CZK;VZ400220;;;;;;;NOVAKJ;5030 Výroba obrábění
19.03.2026;19.03.2026;4900002051;3;1000;0001;1000261;Profil U 10;Ocel;261;Výdej do výrobní zakázky;H;-44,400;KG;33,90;-1505,16;CZK;VZ400220;;;;;;;CERNAT;5020 Výroba montáž
19.03.2026;19.03.2026;4900002051;4;1000;0001;1000381;Trubka Al 117 mm;Hliník;261;Výdej do výrobní zakázky;H;-58,880;KG;64,58;-3802,47;CZK;VZ400220;;;;;;;CERNAT;5020 Výroba montáž
19.03.2026;19.03.2026;4900002051;5;1000;0001;1000104;Nýt 57x11;Spojovací materiál;261;Výdej do výrobní zakázky;H;-65,840;KS;5,48;-360,80;CZK;VZ400220;;;;;;;SVOBODM;5030 Výroba obrábění
19.03.2026;19.03.2026;4900002051;6;1000;0001;1000330;O-kroužek 39 mm;Těsnění a guma;261;Výdej do výrobní zakázky;H;-62,720;KS;18,43;-1155,93;CZK;VZ400220;;;;;;;PROCHAZ;5030 Výroba obrábění
19.03.2026;19.03.2026;4900002051;7;1000;0001;1000253;Těsnění ploché 56 mm;Těsnění a guma;261;Výdej do výrobní zakázky;H;-49,680;KS;7,50;-372,60;CZK;VZ400220;;;;;;;NOVAKJ;5030 Výroba obrábění
19.03.2026;19.03.2026;4900002060;1;1000;0003;5000107;Kryt převodovky B587;Hotový výrobek;131;Příjem z výroby;S;32,000;KS;2113,83;67642,56;CZK;VZ400229;;;SV2444;;;;CERNAT;5020 Výroba montáž
19.03.2026;19.03.2026;4900002293;1;2000;0003;5000117;Kryt převodovky F393;Hotový výrobek;601;Výdej při dodání zákazníkovi;H;-28,000;KS;6197,29;-173524,12;CZK;;;Vítkovice Machinery;SV6867;250225,84;173524,12;45694,87;HORAKT;6010 Expedice
19.03.2026;19.03.2026;4900002405;1;1000;0003;5000101;Převodovka šneková B301;Hotový výrobek;601;Výdej při dodání zákazníkovi;H;-7,000;KS;9813,50;-68694,50;CZK;;;Continental Automotive;SV9272;97813,77;68694,50;20688,83;CERNAT;6010 Expedice
19.03.2026;19.03.2026;4900002583;1;2000;0003;5000109;Ventilová jednotka D945;Hotový výrobek;601;Výdej při dodání zákazníkovi;H;-16,000;KS;15315,80;-245052,80;CZK;;;Tatra Trucks a.s.;SV4924;377092,20;245052,80;73341,29;NOVAKJ;6010 Expedice
20.03.2026;20.03.2026;4900000038;1;1000;0001;1000107;Profil U 83;Ocel;101;Příjem zboží na objednávku;S;1364,330;KG;26,39;36004,67;CZK;;Trelleborg Bohemia;;SN1618;;;;PROCHAZ;4010 Nákup
20.03.2026;20.03.2026;4900000607;1;1000;0001;1000207;Granulát PA6 54;Plasty;101;Příjem zboží na objednávku;S;287,840;KG;68,70;19774,61;CZK;;Haberkorn s.r.o.;;SN2811;;;;VESELAM;4010 Nákup
20.03.2026;20.03.2026;4900001607;1;2000;0001;1000390;Frekvenční měnič 119 kW;Elektro;101;Příjem zboží na objednávku;S;163,320;KS;680,45;111131,09;CZK;;Plastika Nitra a.s.;;SN9697;;;;VESELAM;4010 Nákup
20.03.2026;20.03.2026;4900001657;1;1000;0003;5000129;Ventilová jednotka F138;Hotový výrobek;131;Příjem z výroby;S;6,000;KS;5816,31;34897,86;CZK;VZ400000;;;SV2440;;;;HORAKT;5020 Výroba montáž
20.03.2026;20.03.2026;4900001705;1;1000;0001;1000172;Deska PE 85 mm;Plasty;261;Výdej do výrobní zakázky;H;-12,950;KG;44,67;-578,48;CZK;VZ400024;;;;;;;CERNAT;5030 Výroba obrábění
20.03.2026;20.03.2026;4900001705;2;1000;0001;1000109;Granulát PA6 108;Plasty;261;Výdej do výrobní zakázky;H;-29,470;KG;65,68;-1935,59;CZK;VZ400024;;;;;;;HORAKT;5030 Výroba obrábění
20.03.2026;20.03.2026;4900001705;3;1000;0001;1000240;Profil U 62;Ocel;261;Výdej do výrobní zakázky;H;-45,990;KG;20,67;-950,61;CZK;VZ400024;;;;;;;HORAKT;5030 Výroba obrábění
20.03.2026;20.03.2026;4900001705;4;1000;0001;1000219;Jekl 28x28x58;Ocel;261;Výdej do výrobní zakázky;H;-6,090;KG;22,30;-135,81;CZK;VZ400024;;;;;;;PROCHAZ;5020 Výroba montáž
20.03.2026;20.03.2026;4900001705;5;1000;0001;1000275;Jekl 98x98x65;Ocel;261;Výdej do výrobní zakázky;H;-47,180;KG;34,85;-1644,22;CZK;VZ400024;;;;;;;HORAKT;5020 Výroba montáž
20.03.2026;20.03.2026;4900001705;6;1000;0001;1000317;Plech ocelový 81 mm;Ocel;261;Výdej do výrobní zakázky;H;-21,700;KG;28,83;-625,61;CZK;VZ400024;;;;;;;KUCERAL;5030 Výroba obrábění
20.03.2026;20.03.2026;4900001705;7;1000;0001;1000183;O-kroužek 107 mm;Těsnění a guma;261;Výdej do výrobní zakázky;H;-63,280;KS;51,09;-3232,98;CZK;VZ400024;;;;;;;VESELAM;5030 Výroba obrábění
20.03.2026;20.03.2026;4900001705;8;1000;0001;1000389;Deska PE 67 mm;Plasty;261;Výdej do výrobní zakázky;H;-27,370;KG;59,43;-1626,60;CZK;VZ400024;;;;;;;HORAKT;5030 Výroba obrábění
20.03.2026;20.03.2026;4900001705;9;1000;0001;1000396;Granulát PA6 20;Plasty;261;Výdej do výrobní zakázky;H;-12,810;KG;82,13;-1052,09;CZK;VZ400024;;;;;;;PROCHAZ;5020 Výroba montáž
20.03.2026;20.03.2026;4900001719;1;1000;0003;5000107;Kryt převodovky B587;Hotový výrobek;131;Příjem z výroby;S;21,000;KS;2113,83;44390,43;CZK;VZ400030;;;SV1847;;;;PROCHAZ;5020 Výroba montáž
20.03.2026;20.03.2026;4900001816;1;2000;0001;1000145;Stykač 108 A;Elektro;261;Výdej do výrobní zakázky;H;-71,540;KS;646,65;-46261,34;CZK;VZ400076;;;;;;;HORAKT;5030 Výroba obrábění
20.03.2026;20.03.2026;4900001816;2;2000;0001;1000211;O-kroužek 90 mm;Těsnění a guma;261;Výdej do výrobní zakázky;H;-60,480;KS;5,48;-331,43;CZK;VZ400076;;;;;;;DVORAKP;5020 Výroba montáž
20.03.2026;20.03.2026;4900001816;3;2000;0001;1000349;Podložka 13;Spojovací materiál;261;Výdej do výrobní zakázky;H;-79,170;KS;13,44;-1064,04;CZK;VZ400076;;;;;;;NOVAKJ;5020 Výroba montáž
20.03.2026;20.03.2026;4900001816;4;2000;0001;1000325;Trubka Al 2 mm;Hliník;261;Výdej do výrobní zakázky;H;-33,040;KG;72,94;-2409,94;CZK;VZ400076;;;;;;;HORAKT;5020 Výroba montáž
20.03.2026;20.03.2026;4900001816;5;2000;0001;1000170;Trubka ocelová 73x65;Ocel;261;Výdej do výrobní zakázky;H;-17,640;KG;23,63;-416,83;CZK;VZ400076;;;;;;;CERNAT;5020 Výroba montáž
20.03.2026;20.03.2026;4900001816;6;2000;0001;1000187;Stykač 3 A;Elektro;261;Výdej do výrobní zakázky;H;-79,030;KS;249,99;-19756,71;CZK;VZ400076;;;;;;;NOVAKJ;5020 Výroba montáž
20.03.2026;20.03.2026;4900001816;7;2000;0001;1000330;O-kroužek 39 mm;Těsnění a guma;261;Výdej do výrobní zakázky;H;-52,010;KS;18,43;-958,54;CZK;VZ400076;;;;;;;HORAKT;5020 Výroba montáž
20.03.2026;20.03.2026;4900001846;1;1000;0001;1000385;Odmašťovač RAL 6011;Nátěry a chemie;261;Výdej do výrobní zakázky;H;-100,440;L;320,08;-32148,84;CZK;VZ400091;;;;;;;PROCHAZ;5020 Výroba montáž
20.03.2026;20.03.2026;4900001846;2;1000;0001;1000363;Kolík 119x35;Spojovací materiál;261;Výdej do výrobní zakázky;H;-260,090;KS;5,72;-1487,71;CZK;VZ400091;;;;;;;PROCHAZ;5030 Výroba obrábění
20.03.2026;20.03.2026;4900001846;3;1000;0001;1000261;Profil U 10;Ocel;261;Výdej do výrobní zakázky;H;-172,050;KG;33,90;-5832,49;CZK;VZ400091;;;;;;;DVORAKP;5030 Výroba obrábění
20.03.2026;20.03.2026;4900001846;4;1000;0001;1000381;Trubka Al 117 mm;Hliník;261;Výdej do výrobní zakázky;H;-228,160;KG;64,58;-14734,57;CZK;VZ400091;;;;;;;DVORAKP;5020 Výroba montáž
20.03.2026;20.03.2026;4900001846;5;1000;0001;1000104;Nýt 57x11;Spojovací materiál;261;Výdej do výrobní zakázky;H;-255,130;KS;5,48;-1398,11;CZK;VZ400091;;;;;;;VESELAM;5030 Výroba obrábění
20.03.2026;20.03.2026;4900001846;6;1000;0001;1000330;O-kroužek 39 mm;Těsnění a guma;261;Výdej do výrobní zakázky;H;-243,040;KS;18,43;-4479,23;CZK;VZ400091;;;;;;;SVOBODM;5020 Výroba montáž
20.03.2026;20.03.2026;4900001846;7;1000;0001;1000253;Těsnění ploché 56 mm;Těsnění a guma;261;Výdej do výrobní zakázky;H;-192,510;KS;7,50;-1443,82;CZK;VZ400091;;;;;;;KUCERAL;5030 Výroba obrábění
20.03.2026;20.03.2026;4900002179;1;2000;0003;5000121;Převodovka šneková D513;Hotový výrobek;601;Výdej při dodání zákazníkovi;H;-4,000;KS;9506,76;-38027,04;CZK;;;Bosch Diesel s.r.o.;SV7141;57978,11;38027,04;11465,92;SVOBODM;6010 Expedice
20.03.2026;20.03.2026;4900002206;1;1000;0003;5000101;Převodovka šneková B301;Hotový výrobek;601;Výdej při dodání zákazníkovi;H;-8,000;KS;9813,50;-78508,00;CZK;;;Hella Autotechnik Nova;SV3600;95410,79;78508,00;17564,44;PROCHAZ;6010 Expedice
20.03.2026;20.03.2026;4900002404;1;2000;0003;5000132;Rám podvozkový C802;Hotový výrobek;601;Výdej při dodání zákazníkovi;H;-43,000;KS;1980,08;-85143,44;CZK;;;Agrostroj Pelhřimov a.s.;SV7584;127039,11;85143,44;28732,08;SVOBODM;6010 Expedice
20.03.2026;20.03.2026;4900002491;1;1000;0003;5000101;Převodovka šneková B301;Hotový výrobek;601;Výdej při dodání zákazníkovi;H;-2,000;KS;9813,50;-19627,00;CZK;;;Brose CZ spol. s r.o.;SV9805;27916,64;19627,00;5553,59;HORAKT;6010 Expedice
20.03.2026;20.03.2026;4900002528;1;1000;0003;5000142;Rám podvozkový A874;Hotový výrobek;601;Výdej při dodání zákazníkovi;H;-9,000;KS;7208,74;-64878,66;CZK;;;Bosch Diesel s.r.o.;SV4685;96772,80;64878,66;18283,35;CERNAT;6010 Expedice
20.03.2026;20.03.2026;4900002605;1;1000;0003;5000107;Kryt převodovky B587;Hotový výrobek;601;Výdej při dodání zákazníkovi;H;-5,000;KS;2113,83;-10569,15;CZK;;;Witte Automotive;SV3784;11089,55;10569,15;2476,18;KUCERAL;6010 Expedice
23.03.2026;23.03.2026;4900000070;1;1000;0001;1000112;Lak polyuretanový RAL 3020;Nátěry a chemie;101;Příjem zboží na objednávku;S;2072,400;L;246,57;510991,67;CZK;;Alumat s.r.o.;;SN6628;;;;PROCHAZ;4010 Nákup
23.03.2026;23.03.2026;4900000205;1;1000;0001;1000137;Deska PE 65 mm;Plasty;101;Příjem zboží na objednávku;S;2026,480;KG;63,92;129532,60;CZK;;Wurth s.r.o.;;SN1599;;;;SVOBODM;4010 Nákup
23.03.2026;23.03.2026;4900000949;1;2000;0001;1000271;Čidlo indukční 75 mm;Elektro;101;Příjem zboží na objednávku;S;384,330;KS;119,80;46042,73;CZK;;Hilti ČR s.r.o.;;SN5434;;;;PROCHAZ;4010 Nákup
23.03.2026;23.03.2026;4900001422;1;2000;0001;1000357;Ředidlo S101;Nátěry a chemie;101;Příjem zboží na objednávku;S;849,370;L;181,43;154101,20;CZK;;Hilti ČR s.r.o.;;SN8758;;;;VESELAM;4010 Nákup
23.03.2026;23.03.2026;4900001650;1;2000;0001;1000398;Šroub M41x56;Spojovací materiál;101;Příjem zboží na objednávku;S;185,600;KS;14,54;2698,62;CZK;;Hilti ČR s.r.o.;;SN1487;;;;SVOBODM;4010 Nákup
23.03.2026;23.03.2026;4900001722;1;2000;0001;1000115;Profil Al 44x37;Hliník;261;Výdej do výrobní zakázky;H;-107,100;KG;75,99;-8138,53;CZK;VZ400032;;;;;;;DVORAKP;5020 Výroba montáž
23.03.2026;23.03.2026;4900001722;2;2000;0001;1000129;Profil Al 107x59;Hliník;261;Výdej do výrobní zakázky;H;-41,250;KG;63,91;-2636,29;CZK;VZ400032;;;;;;;DVORAKP;5030 Výroba obrábění
23.03.2026;23.03.2026;4900001722;3;2000;0001;1000319;Granulát PA6 44;Plasty;261;Výdej do výrobní zakázky;H;-41,250;KG;71,64;-2955,15;CZK;VZ400032;;;;;;;CERNAT;5020 Výroba montáž
23.03.2026;23.03.2026;4900001722;4;2000;0001;1000100;Trubka ocelová 100x79;Ocel;261;Výdej do výrobní zakázky;H;-36,000;KG;34,31;-1235,16;CZK;VZ400032;;;;;;;HORAKT;5020 Výroba montáž
23.03.2026;23.03.2026;4900001722;5;2000;0001;1000139;Nýt 46x36;Spojovací materiál;261;Výdej do výrobní zakázky;H;-117,600;KS;4,20;-493,92;CZK;VZ400032;;;;;;;SVOBODM;5020 Výroba montáž
23.03.2026;23.03.2026;4900001722;6;2000;0001;1000198;Trubka ocelová 56x45;Ocel;261;Výdej do výrobní zakázky;H;-19,950;KG;20,95;-417,95;CZK;VZ400032;;;;;;;DVORAKP;5030 Výroba obrábění
23.03.2026;23.03.2026;4900001722;7;2000;0001;1000339;Profil Al 7x33;Hliník;261;Výdej do výrobní zakázky;H;-84,300;KG;91,34;-7699,96;CZK;VZ400032;;;;;;;VESELAM;5020 Výroba montáž
23.03.2026;23.03.2026;4900001734;1;1000;0001;1000238;Lak polyuretanový RAL 9005;Nátěry a chemie;261;Výdej do výrobní zakázky;H;-50,160;L;171,20;-8587,39;CZK;VZ400038;;;;;;;VESELAM;5030 Výroba obrábění
23.03.2026;23.03.2026;4900001734;2;1000;0001;1000348;Motor 108 kW;Elektro;261;Výdej do výrobní zakázky;H;-92,480;KS;739,67;-68404,68;CZK;VZ400038;;;;;;;HORAKT;5020 Výroba montáž
23.03.2026;23.03.2026;4900001734;3;1000;0001;1000333;Deska PE 40 mm;Plasty;261;Výdej do výrobní zakázky;H;-53,680;KG;43,58;-2339,37;CZK;VZ400038;;;;;;;KUCERAL;5020 Výroba montáž
23.03.2026;23.03.2026;4900001734;4;1000;0001;1000117;Motor 72 kW;Elektro;261;Výdej do výrobní zakázky;H;-85,520;KS;660,38;-56475,70;CZK;VZ400038;;;;;;;PROCHAZ;5030 Výroba obrábění
23.03.2026;23.03.2026;4900001734;5;1000;0001;1000162;Manžeta 19x29;Těsnění a guma;261;Výdej do výrobní zakázky;H;-30,240;KS;19,44;-587,87;CZK;VZ400038;;;;;;;SVOBODM;5030 Výroba obrábění
23.03.2026;23.03.2026;4900001735;1;1000;0001;1000117;Motor 72 kW;Elektro;551;Výdej do šrotu;H;-9,900;KS;660,38;-6537,76;CZK;VZ400038;;;;;;;KUCERAL;5030 Výroba obrábění
23.03.2026;23.03.2026;4900001847;1;1000;0003;5000104;Dopravník pásový E932;Hotový výrobek;131;Příjem z výroby;S;31,000;KS;2436,00;75516,00;CZK;VZ400091;;;SV6118;;;;CERNAT;5020 Výroba montáž
23.03.2026;23.03.2026;4900002019;1;1000;0001;1000375;Deska PE 101 mm;Plasty;261;Výdej do výrobní zakázky;H;-19,610;KG;63,57;-1246,61;CZK;VZ400201;;;;;;;DVORAKP;5030 Výroba obrábění
23.03.2026;23.03.2026;4900002019;2;1000;0001;1000333;Deska PE 40 mm;Plasty;261;Výdej do výrobní zakázky;H;-96,940;KG;43,58;-4224,65;CZK;VZ400201;;;;;;;SVOBODM;5020 Výroba montáž
23.03.2026;23.03.2026;4900002019;3;1000;0001;1000259;Základní barva RAL 3020;Nátěry a chemie;261;Výdej do výrobní zakázky;H;-40,330;L;236,85;-9552,16;CZK;VZ400201;;;;;;;PROCHAZ;5020 Výroba montáž
23.03.2026;23.03.2026;4900002019;4;1000;0001;1000193;Deska PE 67 mm;Plasty;261;Výdej do výrobní zakázky;H;-72,890;KG;87,82;-6401,20;CZK;VZ400201;;;;;;;KUCERAL;5020 Výroba montáž
23.03.2026;23.03.2026;4900002019;5;1000;0001;1000234;Plech Al 44 mm;Hliník;261;Výdej do výrobní zakázky;H;-121,360;KG;95,56;-11597,16;CZK;VZ400201;;;;;;;CERNAT;5030 Výroba obrábění
23.03.2026;23.03.2026;4900002019;6;1000;0001;1000223;Šroub M2x48;Spojovací materiál;261;Výdej do výrobní zakázky;H;-244,570;KS;10,18;-2489,72;CZK;VZ400201;;;;;;;CERNAT;5030 Výroba obrábění
23.03.2026;23.03.2026;4900002019;7;1000;0001;1000383;Motor 69 kW;Elektro;261;Výdej do výrobní zakázky;H;-82,140;KS;150,72;-12380,14;CZK;VZ400201;;;;;;;DVORAKP;5030 Výroba obrábění
23.03.2026;23.03.2026;4900002019;8;1000;0001;1000396;Granulát PA6 20;Plasty;261;Výdej do výrobní zakázky;H;-200,170;KG;82,13;-16439,96;CZK;VZ400201;;;;;;;NOVAKJ;5020 Výroba montáž
23.03.2026;23.03.2026;4900002052;1;1000;0003;5000104;Dopravník pásový E932;Hotový výrobek;131;Příjem z výroby;S;8,000;KS;2436,00;19488,00;CZK;VZ400220;;;SV8372;;;;VESELAM;5020 Výroba montáž
23.03.2026;23.03.2026;4900002057;1;1000;0001;1000238;Lak polyuretanový RAL 9005;Nátěry a chemie;261;Výdej do výrobní zakázky;H;-231,990;L;171,20;-39716,69;CZK;VZ400227;;;;;;;HORAKT;5020 Výroba montáž
23.03.2026;23.03.2026;4900002057;2;1000;0001;1000348;Motor 108 kW;Elektro;261;Výdej do výrobní zakázky;H;-427,720;KS;739,67;-316371,65;CZK;VZ400227;;;;;;;PROCHAZ;5030 Výroba obrábění
23.03.2026;23.03.2026;4900002057;3;1000;0001;1000333;Deska PE 40 mm;Plasty;261;Výdej do výrobní zakázky;H;-248,270;KG;43,58;-10819,61;CZK;VZ400227;;;;;;;HORAKT;5030 Výroba obrábění
23.03.2026;23.03.2026;4900002057;4;1000;0001;1000117;Motor 72 kW;Elektro;261;Výdej do výrobní zakázky;H;-395,530;KS;660,38;-261200,10;CZK;VZ400227;;;;;;;HORAKT;5020 Výroba montáž
23.03.2026;23.03.2026;4900002057;5;1000;0001;1000162;Manžeta 19x29;Těsnění a guma;261;Výdej do výrobní zakázky;H;-139,860;KS;19,44;-2718,88;CZK;VZ400227;;;;;;;VESELAM;5020 Výroba montáž
23.03.2026;23.03.2026;4900002101;1;2000;0001;1000248;Trubka Al 51 mm;Hliník;261;Výdej do výrobní zakázky;H;-304,440;KG;67,47;-20540,57;CZK;VZ400265;;;;;;;DVORAKP;5020 Výroba montáž
23.03.2026;23.03.2026;4900002101;2;2000;0001;1000307;Matice M93;Spojovací materiál;261;Výdej do výrobní zakázky;H;-356,040;KS;6,22;-2214,57;CZK;VZ400265;;;;;;;NOVAKJ;5030 Výroba obrábění
23.03.2026;23.03.2026;4900002101;3;2000;0001;1000286;Kolík 71x53;Spojovací materiál;261;Výdej do výrobní zakázky;H;-458,810;KS;3,28;-1504,90;CZK;VZ400265;;;;;;;PROCHAZ;5020 Výroba montáž
23.03.2026;23.03.2026;4900002101;4;2000;0001;1000379;O-kroužek 24 mm;Těsnění a guma;261;Výdej do výrobní zakázky;H;-209,840;KS;10,55;-2213,81;CZK;VZ400265;;;;;;;PROCHAZ;5030 Výroba obrábění
23.03.2026;23.03.2026;4900002101;5;2000;0001;1000107;Profil U 83;Ocel;261;Výdej do výrobní zakázky;H;-300,570;KG;26,39;-7932,04;CZK;VZ400265;;;;;;;VESELAM;5020 Výroba montáž
23.03.2026;23.03.2026;4900002101;6;2000;0001;1000184;Profil U 96;Ocel;261;Výdej do výrobní zakázky;H;-276,060;KG;20,09;-5546,05;CZK;VZ400265;;;;;;;CERNAT;5030 Výroba obrábění
23.03.2026;23.03.2026;4900002102;1;2000;0001;1000286;Kolík 71x53;Spojovací materiál;551;Výdej do šrotu;H;-10,060;KS;3,28;-33,00;CZK;VZ400265;;;;;;;VESELAM;5030 Výroba obrábění
23.03.2026;23.03.2026;4900002180;1;2000;0003;5000121;Převodovka šneková D513;Hotový výrobek;601;Výdej při dodání zákazníkovi;H;-3,000;KS;9506,76;-28520,28;CZK;;;Strojírny Prostějov a.s.;SV1990;43363,08;28520,28;7750,79;NOVAKJ;6010 Expedice
23.03.2026;23.03.2026;4900002245;1;2000;0003;5000100;Čerpadlo odstředivé A594;Hotový výrobek;601;Výdej při dodání zákazníkovi;H;-14,000;KS;1079,41;-15111,74;CZK;;;Tatra Trucks a.s.;SV8443;23955,73;15111,74;4957,77;NOVAKJ;6010 Expedice
23.03.2026;23.03.2026;4900002287;1;1000;0003;5000146;Svařenec nosný E906;Hotový výrobek;601;Výdej při dodání zákazníkovi;H;-14,000;KS;3723,23;-52125,22;CZK;;;Witte Automotive;SV5179;83287,03;52125,22;17610,54;VESELAM;6010 Expedice
23.03.2026;23.03.2026;4900002360;1;1000;0003;5000126;Svařenec nosný C392;Hotový výrobek;601;Výdej při dodání zákazníkovi;H;-4,000;KS;8670,21;-34680,84;CZK;;;Koyo Bearings ČR;SV1861;45375,39;34680,84;8488,36;KUCERAL;6010 Expedice
23.03.2026;23.03.2026;4900002582;1;2000;0003;5000109;Ventilová jednotka D945;Hotový výrobek;601;Výdej při dodání zákazníkovi;H;-13,000;KS;15315,80;-199105,40;CZK;;;Bonatrans Group a.s.;SV7160;300853,79;199105,40;58030,96;CERNAT;6010 Expedice
24.03.2026;24.03.2026;4900000031;1;1000;0001;1000105;Základní barva RAL 5010;Nátěry a chemie;101;Příjem zboží na objednávku;S;851,170;L;241,85;205855,46;CZK;;Trelleborg Bohemia;;SN9633;;;;HORAKT;4010 Nákup
24.03.2026;24.03.2026;4900000507;1;2000;0001;1000189;Lak polyuretanový RAL 6011;Nátěry a chemie;101;Příjem zboží na objednávku;S;1605,460;L;322,32;517471,87;CZK;;Rubena a.s.;;SN8645;;;;PROCHAZ;4010 Nákup
24.03.2026;24.03.2026;4900000518;1;1000;0001;1000191;Trubka ocelová 94x42;Ocel;101;Příjem zboží na objednávku;S;568,520;KG;27,06;15384,15;CZK;;ESSA Czech;;SN4473;;;;VESELAM;4010 Nákup
24.03.2026;24.03.2026;4900000631;1;1000;0001;1000212;Jekl 92x92x7;Ocel;101;Příjem zboží na objednávku;S;338,680;KG;44,23;14979,82;CZK;;Rubena a.s.;;SN8012;;;;CERNAT;4010 Nákup
24.03.2026;24.03.2026;4900000674;1;1000;0001;1000220;Plech Al 60 mm;Hliník;101;Příjem zboží na objednávku;S;282,580;KG;117,61;33234,23;CZK;;Haberkorn s.r.o.;;SN1657;;;;SVOBODM;4010 Nákup
24.03.2026;24.03.2026;4900000753;1;1000;0001;1000234;Plech Al 44 mm;Hliník;101;Příjem zboží na objednávku;S;615,460;KG;95,56;58813,36;CZK;;Siemens s.r.o.;;SN4427;;;;KUCERAL;4010 Nákup
24.03.2026;24.03.2026;4900000860;1;1000;0001;1000253;Těsnění ploché 56 mm;Těsnění a guma;101;Příjem zboží na objednávku;S;749,970;KS;7,50;5624,78;CZK;;PPG Deco Czech;;SN2517;;;;PROCHAZ;4010 Nákup
24.03.2026;24.03.2026;4900001069;1;1000;0001;1000293;Matice M3;Spojovací materiál;101;Příjem zboží na objednávku;S;1033,750;KS;10,49;10844,04;CZK;;Siemens s.r.o.;;SN6060;;;;PROCHAZ;4010 Nákup
24.03.2026;24.03.2026;4900001091;1;2000;0001;1000296;Plech ocelový 110 mm;Ocel;101;Příjem zboží na objednávku;S;2066,720;KG;44,46;91886,37;CZK;;Wurth s.r.o.;;SN9815;;;;VESELAM;4010 Nákup
24.03.2026;24.03.2026;4900001261;1;1000;0001;1000326;Deska PE 12 mm;Plasty;101;Příjem zboží na objednávku;S;1726,550;KG;79,39;137070,80;CZK;;Killich s.r.o.;;SN1217;;;;SVOBODM;4010 Nákup
24.03.2026;24.03.2026;4900001500;1;2000;0001;1000369;Kabel CYKY 69x15;Elektro;101;Příjem zboží na objednávku;S;171,560;KS;47,42;8135,38;CZK;;Haberkorn s.r.o.;;SN1496;;;;DVORAKP;4010 Nákup
24.03.2026;24.03.2026;4900001599;1;1000;0001;1000388;Profil Al 12x37;Hliník;101;Příjem zboží na objednávku;S;2064,750;KG;100,11;206702,12;CZK;;Hilti ČR s.r.o.;;SN2099;;;;HORAKT;4010 Nákup
24.03.2026;24.03.2026;4900001706;1;1000;0003;5000115;Hydraulický agregát D743;Hotový výrobek;131;Příjem z výroby;S;7,000;KS;2017,76;14124,32;CZK;VZ400024;;;SV2094;;;;KUCERAL;5020 Výroba montáž
24.03.2026;24.03.2026;4900001736;1;1000;0003;5000133;Skříň rozvaděče D196;Hotový výrobek;131;Příjem z výroby;S;8,000;KS;20147,73;161181,84;CZK;VZ400038;;;SV8437;;;;HORAKT;5020 Výroba montáž
24.03.2026;24.03.2026;4900001778;1;2000;0001;1000145;Stykač 108 A;Elektro;261;Výdej do výrobní zakázky;H;-235,060;KS;646,65;-152001,55;CZK;VZ400058;;;;;;;DVORAKP;5020 Výroba montáž
24.03.2026;24.03.2026;4900001778;2;2000;0001;1000211;O-kroužek 90 mm;Těsnění a guma;261;Výdej do výrobní zakázky;H;-198,720;KS;5,48;-1088,99;CZK;VZ400058;;;;;;;HORAKT;5030 Výroba obrábění
24.03.2026;24.03.2026;4900001778;3;2000;0001;1000349;Podložka 13;Spojovací materiál;261;Výdej do výrobní zakázky;H;-260,130;KS;13,44;-3496,15;CZK;VZ400058;;;;;;;SVOBODM;5030 Výroba obrábění
24.03.2026;24.03.2026;4900001778;4;2000;0001;1000325;Trubka Al 2 mm;Hliník;261;Výdej do výrobní zakázky;H;-108,560;KG;72,94;-7918,37;CZK;VZ400058;;;;;;;KUCERAL;5020 Výroba montáž
24.03.2026;24.03.2026;4900001778;5;2000;0001;1000170;Trubka ocelová 73x65;Ocel;261;Výdej do výrobní zakázky;H;-57,960;KG;23,63;-1369,59;CZK;VZ400058;;;;;;;KUCERAL;5030 Výroba obrábění
24.03.2026;24.03.2026;4900001778;6;2000;0001;1000187;Stykač 3 A;Elektro;261;Výdej do výrobní zakázky;H;-259,670;KS;249,99;-64914,90;CZK;VZ400058;;;;;;;DVORAKP;5020 Výroba montáž
24.03.2026;24.03.2026;4900001778;7;2000;0001;1000330;O-kroužek 39 mm;Těsnění a guma;261;Výdej do výrobní zakázky;H;-170,890;KS;18,43;-3149,50;CZK;VZ400058;;;;;;;VESELAM;5020 Výroba montáž
24.03.2026;24.03.2026;4900001783;1;2000;0003;5000147;Kryt převodovky F636;Hotový výrobek;131;Příjem z výroby;S;4,000;KS;16341,87;65367,48;CZK;VZ400060;;;SV8399;;;;DVORAKP;5020 Výroba montáž
24.03.2026;24.03.2026;4900001814;1;2000;0001;1000269;Trubka Al 78 mm;Hliník;261;Výdej do výrobní zakázky;H;-28,620;KG;81,40;-2329,67;CZK;VZ400075;;;;;;;NOVAKJ;5030 Výroba obrábění
24.03.2026;24.03.2026;4900001814;2;2000;0001;1000390;Frekvenční měnič 119 kW;Elektro;261;Výdej do výrobní zakázky;H;-46,980;KS;680,45;-31967,54;CZK;VZ400075;;;;;;;VESELAM;5030 Výroba obrábění
24.03.2026;24.03.2026;4900001814;3;2000;0001;1000358;Tlumič gumový 49;Těsnění a guma;261;Výdej do výrobní zakázky;H;-126,630;KS;45,51;-5762,93;CZK;VZ400075;;;;;;;PROCHAZ;5020 Výroba montáž
24.03.2026;24.03.2026;4900001814;4;2000;0001;1000117;Motor 72 kW;Elektro;261;Výdej do výrobní zakázky;H;-25,110;KS;660,38;-16582,14;CZK;VZ400075;;;;;;;DVORAKP;5030 Výroba obrábění
24.03.2026;24.03.2026;4900001814;5;2000;0001;1000179;Granulát ABS 25;Plasty;261;Výdej do výrobní zakázky;H;-190,620;KG;54,80;-10445,98;CZK;VZ400075;;;;;;;PROCHAZ;5030 Výroba obrábění
24.03.2026;24.03.2026;4900001945;1;2000;0001;1000192;Plech Al 70 mm;Hliník;261;Výdej do výrobní zakázky;H;-119,040;KG;121,62;-14477,64;CZK;VZ400154;;;;;;;SVOBODM;5020 Výroba montáž
24.03.2026;24.03.2026;4900001945;2;2000;0001;1000259;Základní barva RAL 3020;Nátěry a chemie;261;Výdej do výrobní zakázky;H;-48,160;L;236,85;-11406,70;CZK;VZ400154;;;;;;;CERNAT;5020 Výroba montáž
24.03.2026;24.03.2026;4900001945;3;2000;0001;1000247;Profil U 55;Ocel;261;Výdej do výrobní zakázky;H;-75,040;KG;23,08;-1731,92;CZK;VZ400154;;;;;;;NOVAKJ;5020 Výroba montáž
24.03.2026;24.03.2026;4900001945;4;2000;0001;1000309;Tlumič gumový 24;Těsnění a guma;261;Výdej do výrobní zakázky;H;-18,400;KS;42,90;-789,36;CZK;VZ400154;;;;;;;DVORAKP;5030 Výroba obrábění
24.03.2026;24.03.2026;4900001945;5;2000;0001;1000362;Frekvenční měnič 17 kW;Elektro;261;Výdej do výrobní zakázky;H;-185,920;KS;512,26;-95239,38;CZK;VZ400154;;;;;;;DVORAKP;5030 Výroba obrábění
24.03.2026;24.03.2026;4900001945;6;2000;0001;1000380;Profil U 111;Ocel;261;Výdej do výrobní zakázky;H;-62,560;KG;24,59;-1538,35;CZK;VZ400154;;;;;;;KUCERAL;5030 Výroba obrábění
24.03.2026;24.03.2026;4900001945;7;2000;0001;1000130;Deska PE 105 mm;Plasty;261;Výdej do výrobní zakázky;H;-81,600;KG;64,17;-5236,27;CZK;VZ400154;;;;;;;SVOBODM;5030 Výroba obrábění
24.03.2026;24.03.2026;4900001945;8;2000;0001;1000278;Frekvenční měnič 11 kW;Elektro;261;Výdej do výrobní zakázky;H;-19,200;KS;659,54;-12663,17;CZK;VZ400154;;;;;;;HORAKT;5030 Výroba obrábění
24.03.2026;24.03.2026;4900001980;1;2000;0003;5000137;Kryt převodovky B734;Hotový výrobek;131;Příjem z výroby;S;9,000;KS;4419,44;39774,96;CZK;VZ400176;;;SV9489;;;;HORAKT;5020 Výroba montáž
24.03.2026;24.03.2026;4900002103;1;2000;0003;5000100;Čerpadlo odstředivé A594;Hotový výrobek;131;Příjem z výroby;S;43,000;KS;1079,41;46414,63;CZK;VZ400265;;;SV4369;;;;HORAKT;5020 Výroba montáž
24.03.2026;24.03.2026;4900002299;1;2000;0003;5000119;Ventilová jednotka B766;Hotový výrobek;601;Výdej při dodání zákazníkovi;H;-12,000;KS;5908,29;-70899,48;CZK;;;Koyo Bearings ČR;SV7527;102801,33;70899,48;19172,21;PROCHAZ;6010 Expedice
24.03.2026;24.03.2026;4900002365;1;1000;0003;5000110;Čerpadlo odstředivé E673;Hotový výrobek;601;Výdej při dodání zákazníkovi;H;-10,000;KS;1588,38;-15883,80;CZK;;;Zetor Tractors a.s.;SV3375;26048,59;15883,80;4725,33;NOVAKJ;6010 Expedice
24.03.2026;24.03.2026;4900002431;1;1000;0003;5000141;Převodovka šneková F508;Hotový výrobek;601;Výdej při dodání zákazníkovi;H;-21,000;KS;1789,06;-37570,26;CZK;;;Strojírny Prostějov a.s.;SV8138;42014,71;37570,26;8871,02;SVOBODM;6010 Expedice
24.03.2026;24.03.2026;4900002468;1;2000;0003;5000132;Rám podvozkový C802;Hotový výrobek;601;Výdej při dodání zákazníkovi;H;-21,000;KS;1980,08;-41581,68;CZK;;;Tatra Trucks a.s.;SV1298;62912,58;41581,68;12648,71;VESELAM;6010 Expedice
24.03.2026;24.03.2026;4900002529;1;1000;0003;5000142;Rám podvozkový A874;Hotový výrobek;601;Výdej při dodání zákazníkovi;H;-7,000;KS;7208,74;-50461,18;CZK;;;Linet spol. s r.o.;SV1809;74066,42;50461,18;14718,33;SVOBODM;6010 Expedice
24.03.2026;24.03.2026;4900002541;1;1000;0003;5000112;Rám podvozkový A238;Hotový výrobek;601;Výdej při dodání zákazníkovi;H;-11,000;KS;1349,43;-14843,73;CZK;;;Linet spol. s r.o.;SV8924;22969,17;14843,73;4303,79;DVORAKP;6010 Expedice
24.03.2026;24.03.2026;4900002598;1;2000;0003;5000132;Rám podvozkový C802;Hotový výrobek;601;Výdej při dodání zákazníkovi;H;-7,000;KS;1980,08;-13860,56;CZK;;;Vítkovice Machinery;SV7266;20962,16;13860,56;4015,23;KUCERAL;6010 Expedice
25.03.2026;25.03.2026;4900000092;1;1000;0001;1000116;Deska PE 48 mm;Plasty;101;Příjem zboží na objednávku;S;994,440;KG;75,62;75199,55;CZK;;Hilti ČR s.r.o.;;SN7388;;;;HORAKT;4010 Nákup
25.03.2026;25.03.2026;4900000971;1;2000;0001;1000275;Jekl 98x98x65;Ocel;101;Příjem zboží na objednávku;S;2089,410;KG;34,85;72815,94;CZK;;Haberkorn s.r.o.;;SN7033;;;;VESELAM;4010 Nákup
25.03.2026;25.03.2026;4900001296;1;1000;0001;1000332;Plech Al 60 mm;Hliník;101;Příjem zboží na objednávku;S;2018,470;KG;87,05;175707,81;CZK;;Hennlich s.r.o.;;SN3637;;;;KUCERAL;4010 Nákup
25.03.2026;25.03.2026;4900001331;1;1000;0001;1000340;Deska PP 90 mm;Plasty;101;Příjem zboží na objednávku;S;226,790;KG;80,19;18186,29;CZK;;Hennlich s.r.o.;;SN3562;;;;SVOBODM;4010 Nákup
25.03.2026;25.03.2026;4900001516;1;1000;0001;1000374;Plech Al 115 mm;Hliník;101;Příjem zboží na objednávku;S;1140,470;KG;66,46;75795,64;CZK;;ThyssenKrupp Ferrostal;;SN1969;;;;CERNAT;4010 Nákup
25.03.2026;25.03.2026;4900001779;1;2000;0003;5000138;Konzole montážní C661;Hotový výrobek;131;Příjem z výroby;S;23,000;KS;11642,23;267771,29;CZK;VZ400058;;;SV6253;;;;KUCERAL;5020 Výroba montáž
25.03.2026;25.03.2026;4900002020;1;1000;0003;5000107;Kryt převodovky B587;Hotový výrobek;131;Příjem z výroby;S;37,000;KS;2113,83;78211,71;CZK;VZ400201;;;SV2184;;;;NOVAKJ;5020 Výroba montáž
25.03.2026;25.03.2026;4900002231;1;1000;0003;5000148;Konzole montážní A793;Hotový výrobek;601;Výdej při dodání zákazníkovi;H;-13,000;KS;7570,47;-98416,11;CZK;;;Continental Automotive;SV3928;144715,88;98416,11;28649,41;PROCHAZ;6010 Expedice
25.03.2026;25.03.2026;4900002288;1;1000;0003;5000146;Svařenec nosný E906;Hotový výrobek;601;Výdej při dodání zákazníkovi;H;-15,000;KS;3723,23;-55848,45;CZK;;;Mubea CZ s.r.o.;SV9007;90159,02;55848,45;18478,12;CERNAT;6010 Expedice
25.03.2026;25.03.2026;4900002296;1;1000;0003;5000111;Převodovka šneková F683;Hotový výrobek;601;Výdej při dodání zákazníkovi;H;-20,000;KS;6903,87;-138077,40;CZK;;;Hanon Systems Autopal;SV2130;203140,85;138077,40;35260,47;NOVAKJ;6010 Expedice
25.03.2026;25.03.2026;4900002339;1;2000;0003;5000128;Konzole montážní E878;Hotový výrobek;601;Výdej při dodání zákazníkovi;H;-12,000;KS;2954,77;-35457,24;CZK;;;Tatra Trucks a.s.;SV8355;58402,59;35457,24;11999,16;PROCHAZ;6010 Expedice
25.03.2026;25.03.2026;4900002345;1;2000;0003;5000108;Konzole montážní C372;Hotový výrobek;601;Výdej při dodání zákazníkovi;H;-25,000;KS;3574,42;-89360,50;CZK;;;Juta a.s.;SV2553;121290,21;89360,50;25039,07;DVORAKP;6010 Expedice
25.03.2026;25.03.2026;4900002494;1;2000;0003;5000109;Ventilová jednotka D945;Hotový výrobek;601;Výdej při dodání zákazníkovi;H;-18,000;KS;15315,80;-275684,40;CZK;;;Agrostroj Pelhřimov a.s.;SV1778;436790,39;275684,40;75184,30;KUCERAL;6010 Expedice
25.03.2026;25.03.2026;4900002613;1;1000;0003;5000116;Svařenec nosný E926;Hotový výrobek;601;Výdej při dodání zákazníkovi;H;-26,000;KS;635,56;-16524,56;CZK;;;Bonatrans Group a.s.;SV5326;24293,83;16524,56;4468,42;CERNAT;6010 Expedice
26.03.2026;26.03.2026;4900000012;1;2000;0001;1000101;Profil Al 82x12;Hliník;101;Příjem zboží na objednávku;S;2192,430;KG;126,57;277495,87;CZK;;Bossard CZ s.r.o.;;SN5774;;;;HORAKT;4010 Nákup
26.03.2026;26.03.2026;4900000433;1;1000;0001;1000175;Odmašťovač RAL 7035;Nátěry a chemie;101;Příjem zboží na objednávku;S;798,240;L;263,16;210064,84;CZK;;ArcelorMittal Distribution;;SN6378;;;;KUCERAL;4010 Nákup
26.03.2026;26.03.2026;4900000706;1;2000;0001;1000226;Profil U 4;Ocel;101;Příjem zboží na objednávku;S;2025,200;KG;27,36;55409,47;CZK;;Rubena a.s.;;SN6546;;;;DVORAKP;4010 Nákup
26.03.2026;26.03.2026;4900000721;1;2000;0001;1000229;Motor 76 kW;Elektro;101;Příjem zboží na objednávku;S;80,710;KS;140,38;11330,07;CZK;;Bibus s.r.o.;;SN9575;;;;VESELAM;4010 Nákup
26.03.2026;26.03.2026;4900000833;1;1000;0001;1000248;Trubka Al 51 mm;Hliník;101;Příjem zboží na objednávku;S;830,510;KG;67,47;56034,51;CZK;;ThyssenKrupp Ferrostal;;SN6659;;;;NOVAKJ;4010 Nákup
26.03.2026;26.03.2026;4900000891;1;2000;0001;1000259;Základní barva RAL 3020;Nátěry a chemie;101;Příjem zboží na objednávku;S;162,050;L;236,85;38381,54;CZK;;Wurth s.r.o.;;SN2730;;;;KUCERAL;4010 Nákup
26.03.2026;26.03.2026;4900000892;1;2000;0001;1000259;Základní barva RAL 3020;Nátěry a chemie;101;Příjem zboží na objednávku;S;597,330;L;236,85;141477,61;CZK;;Haberkorn s.r.o.;;SN6909;;;;CERNAT;4010 Nákup
26.03.2026;26.03.2026;4900000893;1;2000;0001;1000259;Základní barva RAL 3020;Nátěry a chemie;101;Příjem zboží na objednávku;S;1417,740;L;236,85;335791,72;CZK;;ThyssenKrupp Ferrostal;;SN4041;;;;SVOBODM;4010 Nákup
26.03.2026;26.03.2026;4900000929;1;2000;0001;1000266;Ředidlo S85;Nátěry a chemie;101;Příjem zboží na objednávku;S;347,960;L;292,77;101872,25;CZK;;Wurth s.r.o.;;SN6115;;;;NOVAKJ;4010 Nákup
26.03.2026;26.03.2026;4900000987;1;2000;0001;1000278;Frekvenční měnič 11 kW;Elektro;101;Příjem zboží na objednávku;S;1021,890;KS;659,54;673977,33;CZK;;Alumat s.r.o.;;SN9420;;;;KUCERAL;4010 Nákup
26.03.2026;26.03.2026;4900000990;1;2000;0001;1000279;Šroub M112x31;Spojovací materiál;101;Příjem zboží na objednávku;S;514,080;KS;9,52;4894,04;CZK;;PPG Deco Czech;;SN5976;;;;CERNAT;4010 Nákup
26.03.2026;26.03.2026;4900000999;1;2000;0001;1000281;Manžeta 90x49;Těsnění a guma;101;Příjem zboží na objednávku;S;1129,420;KS;32,59;36807,80;CZK;;ABB s.r.o.;;SN4759;;;;VESELAM;4010 Nákup
26.03.2026;26.03.2026;4900001103;1;1000;0001;1000298;Granulát PA6 97;Plasty;101;Příjem zboží na objednávku;S;377,590;KG;78,04;29467,12;CZK;;PPG Deco Czech;;SN1020;;;;VESELAM;4010 Nákup
26.03.2026;26.03.2026;4900001119;1;2000;0001;1000301;Lak polyuretanový RAL 5010;Nátěry a chemie;101;Příjem zboží na objednávku;S;652,170;L;339,05;221118,24;CZK;;ABB s.r.o.;;SN3631;;;;DVORAKP;4010 Nákup
26.03.2026;26.03.2026;4900001203;1;1000;0001;1000316;Tlumič gumový 7;Těsnění a guma;101;Příjem zboží na objednávku;S;867,120;KS;67,08;58166,41;CZK;;ABB s.r.o.;;SN7644;;;;SVOBODM;4010 Nákup
26.03.2026;26.03.2026;4900001252;1;1000;0001;1000324;Profil U 62;Ocel;101;Příjem zboží na objednávku;S;1531,930;KG;40,88;62625,30;CZK;;Killich s.r.o.;;SN8896;;;;NOVAKJ;4010 Nákup
26.03.2026;26.03.2026;4900001433;1;1000;0001;1000359;Profil U 62;Ocel;101;Příjem zboží na objednávku;S;2075,770;KG;43,72;90752,66;CZK;;Trelleborg Bohemia;;SN4059;;;;HORAKT;4010 Nákup
26.03.2026;26.03.2026;4900001723;1;2000;0003;5000134;Dopravník pásový E794;Hotový výrobek;131;Příjem z výroby;S;15,000;KS;1976,93;29653,95;CZK;VZ400032;;;SV9443;;;;KUCERAL;5020 Výroba montáž
26.03.2026;26.03.2026;4900001817;1;2000;0003;5000138;Konzole montážní C661;Hotový výrobek;131;Příjem z výroby;S;7,000;KS;11642,23;81495,61;CZK;VZ400076;;;SV5681;;;;HORAKT;5020 Výroba montáž
26.03.2026;26.03.2026;4900002182;1;1000;0003;5000104;Dopravník pásový E932;Hotový výrobek;601;Výdej při dodání zákazníkovi;H;-25,000;KS;2436,00;-60900,00;CZK;;;Magna Exteriors Bohemia;SV7231;83335,94;60900,00;19012,20;DVORAKP;6010 Expedice
26.03.2026;26.03.2026;4900002629;1;2000;0001;1000101;Profil Al 82x12;Hliník;102;Storno příjmu zboží;H;-2192,430;KG;126,57;-277495,87;CZK;;Bossard CZ s.r.o.;;SN5774;;;;HORAKT;4010 Nákup
27.03.2026;27.03.2026;4900000094;1;2000;0001;1000117;Motor 72 kW;Elektro;101;Příjem zboží na objednávku;S;875,360;KS;660,38;578070,24;CZK;;ABB s.r.o.;;SN4953;;;;NOVAKJ;4010 Nákup
27.03.2026;27.03.2026;4900000099;1;2000;0001;1000117;Motor 72 kW;Elektro;101;Příjem zboží na objednávku;S;558,360;KS;660,38;368729,78;CZK;;Hennlich s.r.o.;;SN7297;;;;PROCHAZ;4010 Nákup
27.03.2026;27.03.2026;4900000252;1;1000;0001;1000144;Deska PP 104 mm;Plasty;101;Příjem zboží na objednávku;S;1753,990;KG;75,68;132741,96;CZK;;Metalšrot Tlumačov;;SN1024;;;;KUCERAL;4010 Nákup
27.03.2026;27.03.2026;4900000295;1;1000;0001;1000152;Frekvenční měnič 74 kW;Elektro;101;Příjem zboží na objednávku;S;124,210;KS;607,08;75405,41;CZK;;ArcelorMittal Distribution;;SN9321;;;;VESELAM;4010 Nákup
27.03.2026;27.03.2026;4900000427;1;1000;0001;1000175;Odmašťovač RAL 7035;Nátěry a chemie;101;Příjem zboží na objednávku;S;213,110;L;263,16;56082,03;CZK;;Killich s.r.o.;;SN9990;;;;DVORAKP;4010 Nákup
27.03.2026;27.03.2026;4900000577;1;1000;0001;1000201;Motor 5 kW;Elektro;101;Příjem zboží na objednávku;S;519,350;KS;658,47;341976,39;CZK;;Haberkorn s.r.o.;;SN6942;;;;HORAKT;4010 Nákup
27.03.2026;27.03.2026;4900001070;1;1000;0001;1000293;Matice M3;Spojovací materiál;101;Příjem zboží na objednávku;S;585,140;KS;10,49;6138,12;CZK;;Metalšrot Tlumačov;;SN6274;;;;HORAKT;4010 Nákup
27.03.2026;27.03.2026;4900001143;1;2000;0001;1000305;Granulát ABS 54;Plasty;101;Příjem zboží na objednávku;S;1094,790;KG;83,28;91174,11;CZK;;Fabory CZ;;SN5592;;;;PROCHAZ;4010 Nákup
27.03.2026;27.03.2026;4900001262;1;1000;0001;1000326;Deska PE 12 mm;Plasty;101;Příjem zboží na objednávku;S;755,710;KG;79,39;59995,82;CZK;;Bibus s.r.o.;;SN2573;;;;CERNAT;4010 Nákup
27.03.2026;27.03.2026;4900001434;1;1000;0001;1000359;Profil U 62;Ocel;101;Příjem zboží na objednávku;S;928,380;KG;43,72;40588,77;CZK;;Metalšrot Tlumačov;;SN2179;;;;KUCERAL;4010 Nákup
27.03.2026;27.03.2026;4900001553;1;1000;0001;1000379;O-kroužek 24 mm;Těsnění a guma;101;Příjem zboží na objednávku;S;651,930;KS;10,55;6877,86;CZK;;Metalšrot Tlumačov;;SN4566;;;;CERNAT;4010 Nákup
27.03.2026;27.03.2026;4900001597;1;1000;0001;1000388;Profil Al 12x37;Hliník;101;Příjem zboží na objednávku;S;1773,500;KG;100,11;177545,08;CZK;;Haberkorn s.r.o.;;SN6947;;;;NOVAKJ;4010 Nákup
27.03.2026;27.03.2026;4900002140;1;2000;0001;1000390;Frekvenční měnič 119 kW;Elektro;261;Výdej do výrobní zakázky;H;-169,560;KS;680,45;-115377,10;CZK;VZ400295;;;;;;;CERNAT;5030 Výroba obrábění
27.03.2026;27.03.2026;4900002140;2;2000;0001;1000391;Kolík 64x14;Spojovací materiál;261;Výdej do výrobní zakázky;H;-290,160;KS;15,07;-4372,71;CZK;VZ400295;;;;;;;PROCHAZ;5030 Výroba obrábění
27.03.2026;27.03.2026;4900002140;3;2000;0001;1000378;Základní barva RAL 6011;Nátěry a chemie;261;Výdej do výrobní zakázky;H;-111,600;L;99,53;-11107,55;CZK;VZ400295;;;;;;;PROCHAZ;5020 Výroba montáž
27.03.2026;27.03.2026;4900002140;4;2000;0001;1000181;Matice M81;Spojovací materiál;261;Výdej do výrobní zakázky;H;-431,640;KS;15,28;-6595,46;CZK;VZ400295;;;;;;;KUCERAL;5020 Výroba montáž
27.03.2026;27.03.2026;4900002141;1;2000;0001;1000391;Kolík 64x14;Spojovací materiál;551;Výdej do šrotu;H;-11,810;KS;15,07;-177,98;CZK;VZ400295;;;;;;;PROCHAZ;5030 Výroba obrábění
27.03.2026;27.03.2026;4900002200;1;1000;0003;5000136;Svařenec nosný A321;Hotový výrobek;601;Výdej při dodání zákazníkovi;H;-26,000;KS;13945,05;-362571,30;CZK;;;Juta a.s.;SV2440;472099,39;362571,30;102031,44;KUCERAL;6010 Expedice
27.03.2026;27.03.2026;4900002205;1;1000;0003;5000101;Převodovka šneková B301;Hotový výrobek;601;Výdej při dodání zákazníkovi;H;-3,000;KS;9813,50;-29440,50;CZK;;;Hanon Systems Autopal;SV2480;43970,49;29440,50;8976,15;SVOBODM;6010 Expedice
27.03.2026;27.03.2026;4900002214;1;1000;0003;5000107;Kryt převodovky B587;Hotový výrobek;601;Výdej při dodání zákazníkovi;H;-8,000;KS;2113,83;-16910,64;CZK;;;Magna Exteriors Bohemia;SV6403;18100,92;16910,64;3725,20;VESELAM;6010 Expedice
27.03.2026;27.03.2026;4900002496;1;2000;0003;5000109;Ventilová jednotka D945;Hotový výrobek;601;Výdej při dodání zákazníkovi;H;-9,000;KS;15315,80;-137842,20;CZK;;;Zetor Tractors a.s.;SV5457;222516,67;137842,20;46333,25;SVOBODM;6010 Expedice
27.03.2026;27.03.2026;4900002539;1;1000;0003;5000107;Kryt převodovky B587;Hotový výrobek;601;Výdej při dodání zákazníkovi;H;-13,000;KS;2113,83;-27479,79;CZK;;;Vítkovice Machinery;SV2767;30376,61;27479,79;6868,66;CERNAT;6010 Expedice
27.03.2026;27.03.2026;4900002606;1;1000;0003;5000107;Kryt převodovky B587;Hotový výrobek;601;Výdej při dodání zákazníkovi;H;-13,000;KS;2113,83;-27479,79;CZK;;;Strojírny Prostějov a.s.;SV6272;28925,64;27479,79;5902,73;CERNAT;6010 Expedice
30.03.2026;30.03.2026;4900000141;1;2000;0001;1000125;Nýt 106x48;Spojovací materiál;101;Příjem zboží na objednávku;S;550,780;KS;12,18;6708,50;CZK;;Trelleborg Bohemia;;SN1493;;;;DVORAKP;4010 Nákup
30.03.2026;30.03.2026;4900000259;1;2000;0001;1000146;Kolík 36x56;Spojovací materiál;101;Příjem zboží na objednávku;S;518,130;KS;5,86;3036,24;CZK;;Colorlak a.s.;;SN1577;;;;CERNAT;4010 Nákup
30.03.2026;30.03.2026;4900000305;1;1000;0001;1000154;Ředidlo S38;Nátěry a chemie;101;Příjem zboží na objednávku;S;1226,840;L;298,27;365929,57;CZK;;Wurth s.r.o.;;SN2403;;;;KUCERAL;4010 Nákup
30.03.2026;30.03.2026;4900000372;1;2000;0001;1000165;Deska PE 38 mm;Plasty;101;Příjem zboží na objednávku;S;998,550;KG;43,33;43267,17;CZK;;Killich s.r.o.;;SN1800;;;;KUCERAL;4010 Nákup
30.03.2026;30.03.2026;4900000459;1;2000;0001;1000180;Čidlo indukční 72 mm;Elektro;101;Příjem zboží na objednávku;S;172,580;KS;500,05;86298,63;CZK;;Metalšrot Tlumačov;;SN8673;;;;HORAKT;4010 Nákup
30.03.2026;30.03.2026;4900000521;1;1000;0001;1000192;Plech Al 70 mm;Hliník;101;Příjem zboží na objednávku;S;865,970;KG;121,62;105319,27;CZK;;ESSA Czech;;SN2267;;;;PROCHAZ;4010 Nákup
30.03.2026;30.03.2026;4900000545;1;2000;0001;1000196;Odmašťovač RAL 3020;Nátěry a chemie;101;Příjem zboží na objednávku;S;1387,250;L;250,63;347686,47;CZK;;Colorlak a.s.;;SN9043;;;;PROCHAZ;4010 Nákup
30.03.2026;30.03.2026;4900000563;1;2000;0001;1000199;Plech Al 25 mm;Hliník;101;Příjem zboží na objednávku;S;1492,570;KG;87,30;130301,36;CZK;;Hilti ČR s.r.o.;;SN2540;;;;KUCERAL;4010 Nákup
30.03.2026;30.03.2026;4900000626;1;1000;0001;1000211;O-kroužek 90 mm;Těsnění a guma;101;Příjem zboží na objednávku;S;1133,280;KS;5,48;6210,37;CZK;;Lapp Kabel s.r.o.;;SN2618;;;;NOVAKJ;4010 Nákup
30.03.2026;30.03.2026;4900000649;1;2000;0001;1000215;Motor 73 kW;Elektro;101;Příjem zboží na objednávku;S;587,790;KS;175,44;103121,88;CZK;;Alumat s.r.o.;;SN8859;;;;DVORAKP;4010 Nákup
30.03.2026;30.03.2026;4900000754;1;1000;0001;1000234;Plech Al 44 mm;Hliník;101;Příjem zboží na objednávku;S;1925,900;KG;95,56;184039,00;CZK;;Colorlak a.s.;;SN2462;;;;NOVAKJ;4010 Nákup
30.03.2026;30.03.2026;4900000803;1;1000;0001;1000242;Granulát PA6 14;Plasty;101;Příjem zboží na objednávku;S;411,980;KG;54,05;22267,52;CZK;;Alumat s.r.o.;;SN1075;;;;KUCERAL;4010 Nákup
30.03.2026;30.03.2026;4900000849;1;1000;0001;1000250;Kabel CYKY 34x42;Elektro;101;Příjem zboží na objednávku;S;1048,420;KS;795,46;833976,17;CZK;;Lapp Kabel s.r.o.;;SN2893;;;;CERNAT;4010 Nákup
30.03.2026;30.03.2026;4900000927;1;2000;0001;1000266;Ředidlo S85;Nátěry a chemie;101;Příjem zboží na objednávku;S;1750,430;L;292,77;512473,39;CZK;;Bossard CZ s.r.o.;;SN9242;;;;PROCHAZ;4010 Nákup
30.03.2026;30.03.2026;4900001411;1;2000;0001;1000355;Motor 65 kW;Elektro;101;Příjem zboží na objednávku;S;1134,520;KS;794,20;901035,78;CZK;;Bibus s.r.o.;;SN3185;;;;SVOBODM;4010 Nákup
30.03.2026;30.03.2026;4900001488;1;1000;0001;1000368;Deska PE 52 mm;Plasty;101;Příjem zboží na objednávku;S;1014,500;KG;65,30;66246,85;CZK;;Trelleborg Bohemia;;SN4651;;;;CERNAT;4010 Nákup
30.03.2026;30.03.2026;4900001546;1;2000;0001;1000378;Základní barva RAL 6011;Nátěry a chemie;101;Příjem zboží na objednávku;S;2034,180;L;99,53;202461,94;CZK;;Fabory CZ;;SN2898;;;;CERNAT;4010 Nákup
30.03.2026;30.03.2026;4900001593;1;1000;0001;1000387;Trubka ocelová 55x68;Ocel;101;Příjem zboží na objednávku;S;1830,460;KG;29,33;53687,39;CZK;;Siemens s.r.o.;;SN9370;;;;SVOBODM;4010 Nákup
30.03.2026;30.03.2026;4900001681;1;2000;0001;1000122;Trubka Al 54 mm;Hliník;261;Výdej do výrobní zakázky;H;-159,480;KG;99,64;-15890,59;CZK;VZ400012;;;;;;;HORAKT;5030 Výroba obrábění
30.03.2026;30.03.2026;4900001681;2;2000;0001;1000198;Trubka ocelová 56x45;Ocel;261;Výdej do výrobní zakázky;H;-232,200;KG;20,95;-4864,59;CZK;VZ400012;;;;;;;VESELAM;5030 Výroba obrábění
30.03.2026;30.03.2026;4900001681;3;2000;0001;1000207;Granulát PA6 54;Plasty;261;Výdej do výrobní zakázky;H;-220,680;KG;68,70;-15160,72;CZK;VZ400012;;;;;;;SVOBODM;5030 Výroba obrábění
30.03.2026;30.03.2026;4900001681;4;2000;0001;1000233;Trubka ocelová 70x56;Ocel;261;Výdej do výrobní zakázky;H;-215,640;KG;20,71;-4465,90;CZK;VZ400012;;;;;;;VESELAM;5020 Výroba montáž
30.03.2026;30.03.2026;4900001681;5;2000;0001;1000247;Profil U 55;Ocel;261;Výdej do výrobní zakázky;H;-113,760;KG;23,08;-2625,58;CZK;VZ400012;;;;;;;KUCERAL;5020 Výroba montáž
30.03.2026;30.03.2026;4900001815;1;2000;0003;5000128;Konzole montážní E878;Hotový výrobek;131;Příjem z výroby;S;27,000;KS;2954,77;79778,79;CZK;VZ400075;;;SV4278;;;;NOVAKJ;5020 Výroba montáž
30.03.2026;30.03.2026;4900001864;1;1000;0001;1000279;Šroub M112x31;Spojovací materiál;261;Výdej do výrobní zakázky;H;-249,300;KS;9,52;-2373,34;CZK;VZ400103;;;;;;;VESELAM;5030 Výroba obrábění
30.03.2026;30.03.2026;4900001864;2;1000;0001;1000195;Kolík 20x27;Spojovací materiál;261;Výdej do výrobní zakázky;H;-16,500;KS;15,97;-263,50;CZK;VZ400103;;;;;;;PROCHAZ;5030 Výroba obrábění
30.03.2026;30.03.2026;4900001864;3;1000;0001;1000336;Základní barva RAL 7035;Nátěry a chemie;261;Výdej do výrobní zakázky;H;-90,900;L;119,31;-10845,28;CZK;VZ400103;;;;;;;CERNAT;5020 Výroba montáž
30.03.2026;30.03.2026;4900001864;4;1000;0001;1000321;Podložka 22;Spojovací materiál;261;Výdej do výrobní zakázky;H;-138,900;KS;13,53;-1879,32;CZK;VZ400103;;;;;;;NOVAKJ;5030 Výroba obrábění
30.03.2026;30.03.2026;4900001951;1;2000;0001;1000115;Profil Al 44x37;Hliník;261;Výdej do výrobní zakázky;H;-271,320;KG;75,99;-20617,61;CZK;VZ400158;;;;;;;PROCHAZ;5030 Výroba obrábění
30.03.2026;30.03.2026;4900001951;2;2000;0001;1000129;Profil Al 107x59;Hliník;261;Výdej do výrobní zakázky;H;-104,500;KG;63,91;-6678,59;CZK;VZ400158;;;;;;;CERNAT;5020 Výroba montáž
30.03.2026;30.03.2026;4900001951;3;2000;0001;1000319;Granulát PA6 44;Plasty;261;Výdej do výrobní zakázky;H;-104,500;KG;71,64;-7486,38;CZK;VZ400158;;;;;;;HORAKT;5030 Výroba obrábění
30.03.2026;30.03.2026;4900001951;4;2000;0001;1000100;Trubka ocelová 100x79;Ocel;261;Výdej do výrobní zakázky;H;-91,200;KG;34,31;-3129,07;CZK;VZ400158;;;;;;;VESELAM;5030 Výroba obrábění
30.03.2026;30.03.2026;4900001951;5;2000;0001;1000139;Nýt 46x36;Spojovací materiál;261;Výdej do výrobní zakázky;H;-297,920;KS;4,20;-1251,26;CZK;VZ400158;;;;;;;SVOBODM;5020 Výroba montáž
30.03.2026;30.03.2026;4900001951;6;2000;0001;1000198;Trubka ocelová 56x45;Ocel;261;Výdej do výrobní zakázky;H;-50,540;KG;20,95;-1058,81;CZK;VZ400158;;;;;;;SVOBODM;5020 Výroba montáž
30.03.2026;30.03.2026;4900001951;7;2000;0001;1000339;Profil Al 7x33;Hliník;261;Výdej do výrobní zakázky;H;-213,560;KG;91,34;-19506,57;CZK;VZ400158;;;;;;;HORAKT;5030 Výroba obrábění
30.03.2026;30.03.2026;4900002058;1;1000;0003;5000133;Skříň rozvaděče D196;Hotový výrobek;131;Příjem z výroby;S;37,000;KS;20147,73;745466,01;CZK;VZ400227;;;SV4283;;;;DVORAKP;5020 Výroba montáž
30.03.2026;30.03.2026;4900002202;1;1000;0003;5000136;Svařenec nosný A321;Hotový výrobek;601;Výdej při dodání zákazníkovi;H;-13,000;KS;13945,05;-181285,65;CZK;;;Tatra Trucks a.s.;SV6405;243812,46;181285,65;43232,30;KUCERAL;6010 Expedice
30.03.2026;30.03.2026;4900002219;1;2000;0003;5000134;Dopravník pásový E794;Hotový výrobek;601;Výdej při dodání zákazníkovi;H;-4,000;KS;1976,93;-7907,72;CZK;;;Hella Autotechnik Nova;SV6319;9594,41;7907,72;2039,92;KUCERAL;6010 Expedice
30.03.2026;30.03.2026;4900002252;1;1000;0003;5000142;Rám podvozkový A874;Hotový výrobek;601;Výdej při dodání zákazníkovi;H;-25,000;KS;7208,74;-180218,50;CZK;;;Magna Exteriors Bohemia;SV5709;263159,29;180218,50;50379,17;CERNAT;6010 Expedice
30.03.2026;30.03.2026;4900002341;1;2000;0003;5000128;Konzole montážní E878;Hotový výrobek;601;Výdej při dodání zákazníkovi;H;-9,000;KS;2954,77;-26592,93;CZK;;;Bonatrans Group a.s.;SV1114;43413,54;26592,93;8162,00;DVORAKP;6010 Expedice
30.03.2026;30.03.2026;4900002380;1;1000;0003;5000133;Skříň rozvaděče D196;Hotový výrobek;601;Výdej při dodání zákazníkovi;H;-4,000;KS;20147,73;-80590,92;CZK;;;Witte Automotive;SV8349;119171,28;80590,92;25859,72;HORAKT;6010 Expedice
30.03.2026;30.03.2026;4900002503;1;1000;0003;5000107;Kryt převodovky B587;Hotový výrobek;601;Výdej při dodání zákazníkovi;H;-37,000;KS;2113,83;-78211,71;CZK;;;Vítkovice Machinery;SV8735;84276,89;78211,71;19124,40;DVORAKP;6010 Expedice
30.03.2026;30.03.2026;4900002537;1;1000;0003;5000133;Skříň rozvaděče D196;Hotový výrobek;601;Výdej při dodání zákazníkovi;H;-37,000;KS;20147,73;-745466,01;CZK;;;Bonatrans Group a.s.;SV9124;1183803,43;745466,01;259147,61;KUCERAL;6010 Expedice
30.03.2026;30.03.2026;4900002580;1;2000;0003;5000100;Čerpadlo odstředivé A594;Hotový výrobek;601;Výdej při dodání zákazníkovi;H;-18,000;KS;1079,41;-19429,38;CZK;;;Bosch Diesel s.r.o.;SV5451;30064,79;19429,38;5400,40;DVORAKP;6010 Expedice
31.03.2026;31.03.2026;4900000173;1;2000;0001;1000131;Čidlo indukční 113 mm;Elektro;101;Příjem zboží na objednávku;S;819,690;KS;756,41;620021,71;CZK;;Resinex CZ s.r.o.;;SN2702;;;;DVORAKP;4010 Nákup
31.03.2026;31.03.2026;4900000211;1;1000;0001;1000139;Nýt 46x36;Spojovací materiál;101;Příjem zboží na objednávku;S;1168,800;KS;4,20;4908,96;CZK;;Metalšrot Tlumačov;;SN8106;;;;NOVAKJ;4010 Nákup
31.03.2026;31.03.2026;4900000218;1;2000;0001;1000140;Lak polyuretanový RAL 3020;Nátěry a chemie;101;Příjem zboží na objednávku;S;698,510;L;129,92;90750,42;CZK;;Fabory CZ;;SN6132;;;;CERNAT;4010 Nákup
31.03.2026;31.03.2026;4900000578;1;2000;0001;1000202;Kolík 46x32;Spojovací materiál;101;Příjem zboží na objednávku;S;259,590;KS;2,81;729,45;CZK;;Killich s.r.o.;;SN3724;;;;CERNAT;4010 Nákup
31.03.2026;31.03.2026;4900000614;1;1000;0001;1000208;Stykač 43 A;Elektro;101;Příjem zboží na objednávku;S;375,680;KS;687,68;258347,62;CZK;;Bossard CZ s.r.o.;;SN7931;;;;CERNAT;4010 Nákup
31.03.2026;31.03.2026;4900000859;1;2000;0001;1000252;Ředidlo S24;Nátěry a chemie;101;Příjem zboží na objednávku;S;1873,970;L;270,93;507714,69;CZK;;Hennlich s.r.o.;;SN5913;;;;VESELAM;4010 Nákup
31.03.2026;31.03.2026;4900001453;1;2000;0001;1000363;Kolík 119x35;Spojovací materiál;101;Příjem zboží na objednávku;S;609,730;KS;5,72;3487,66;CZK;;Trelleborg Bohemia;;SN4504;;;;PROCHAZ;4010 Nákup
31.03.2026;31.03.2026;4900001521;1;2000;0001;1000375;Deska PE 101 mm;Plasty;101;Příjem zboží na objednávku;S;274,400;KG;63,57;17443,61;CZK;;Haberkorn s.r.o.;;SN4305;;;;VESELAM;4010 Nákup
31.03.2026;31.03.2026;4900001946;1;2000;0003;5000131;Převodovka šneková B156;Hotový výrobek;131;Příjem z výroby;S;16,000;KS;10607,58;169721,28;CZK;VZ400154;;;SV8643;;;;VESELAM;5020 Výroba montáž
31.03.2026;31.03.2026;4900002222;1;1000;0003;5000104;Dopravník pásový E932;Hotový výrobek;601;Výdej při dodání zákazníkovi;H;-22,000;KS;2436,00;-53592,00;CZK;;;Tatra Trucks a.s.;SV4524;73665,39;53592,00;15203,87;KUCERAL;6010 Expedice
01.04.2026;01.04.2026;4900000131;1;2000;0001;1000123;Granulát ABS 76;Plasty;101;Příjem zboží na objednávku;S;422,030;KG;48,36;20409,37;CZK;;Plastika Nitra a.s.;;SN2223;;;;CERNAT;4010 Nákup
01.04.2026;01.04.2026;4900000174;1;2000;0001;1000131;Čidlo indukční 113 mm;Elektro;101;Příjem zboží na objednávku;S;735,980;KS;756,41;556702,63;CZK;;ESSA Czech;;SN8308;;;;SVOBODM;4010 Nákup
01.04.2026;01.04.2026;4900000209;1;2000;0001;1000138;Frekvenční měnič 18 kW;Elektro;101;Příjem zboží na objednávku;S;637,440;KS;423,21;269770,98;CZK;;Trelleborg Bohemia;;SN9686;;;;VESELAM;4010 Nákup
01.04.2026;01.04.2026;4900000484;1;1000;0001;1000185;Profil Al 28x35;Hliník;101;Příjem zboží na objednávku;S;993,820;KG;71,24;70799,74;CZK;;Schneider Electric CZ;;SN5571;;;;CERNAT;4010 Nákup
01.04.2026;01.04.2026;4900000519;1;1000;0001;1000191;Trubka ocelová 94x42;Ocel;101;Příjem zboží na objednávku;S;1667,530;KG;31,93;53244,23;CZK;;PPG Deco Czech;;SN9176;;;;NOVAKJ;4010 Nákup
01.04.2026;01.04.2026;4900000594;1;1000;0001;1000205;Trubka ocelová 6x21;Ocel;101;Příjem zboží na objednávku;S;470,960;KG;24,44;11510,26;CZK;;Schneider Electric CZ;;SN3411;;;;KUCERAL;4010 Nákup
01.04.2026;01.04.2026;4900000879;1;1000;0001;1000256;Deska PE 94 mm;Plasty;101;Příjem zboží na objednávku;S;1064,040;KG;65,89;70109,60;CZK;;Bossard CZ s.r.o.;;SN7092;;;;VESELAM;4010 Nákup
01.04.2026;01.04.2026;4900000896;1;2000;0001;1000259;Základní barva RAL 3020;Nátěry a chemie;101;Příjem zboží na objednávku;S;2112,860;L;236,85;500430,89;CZK;;Bibus s.r.o.;;SN3815;;;;PROCHAZ;4010 Nákup
01.04.2026;01.04.2026;4900001208;1;1000;0001;1000316;Tlumič gumový 7;Těsnění a guma;101;Příjem zboží na objednávku;S;496,390;KS;67,08;33297,84;CZK;;Killich s.r.o.;;SN1520;;;;DVORAKP;4010 Nákup
01.04.2026;01.04.2026;4900001473;1;1000;0001;1000365;O-kroužek 119 mm;Těsnění a guma;101;Příjem zboží na objednávku;S;871,920;KS;65,35;56979,97;CZK;;Wurth s.r.o.;;SN2734;;;;NOVAKJ;4010 Nákup
01.04.2026;01.04.2026;4900001682;1;2000;0003;5000124;Dopravník pásový A794;Hotový výrobek;131;Příjem z výroby;S;36,000;KS;1487,77;53559,72;CZK;VZ400012;;;SV8661;;;;NOVAKJ;5020 Výroba montáž
01.04.2026;01.04.2026;4900001865;1;1000;0003;5000116;Svařenec nosný E926;Hotový výrobek;131;Příjem z výroby;S;30,000;KS;635,56;19066,80;CZK;VZ400103;;;SV6003;;;;HORAKT;5020 Výroba montáž
01.04.2026;01.04.2026;4900001952;1;2000;0003;5000134;Dopravník pásový E794;Hotový výrobek;131;Příjem z výroby;S;38,000;KS;1976,93;75123,34;CZK;VZ400158;;;SV7363;;;;VESELAM;5020 Výroba montáž
01.04.2026;01.04.2026;4900001985;1;1000;0001;1000155;Těsnění ploché 95 mm;Těsnění a guma;261;Výdej do výrobní zakázky;H;-26,320;KS;30,84;-811,71;CZK;VZ400179;;;;;;;VESELAM;5020 Výroba montáž
01.04.2026;01.04.2026;4900001985;2;1000;0001;1000179;Granulát ABS 25;Plasty;261;Výdej do výrobní zakázky;H;-101,220;KG;54,80;-5546,86;CZK;VZ400179;;;;;;;HORAKT;5030 Výroba obrábění
01.04.2026;01.04.2026;4900001985;3;1000;0001;1000250;Kabel CYKY 34x42;Elektro;261;Výdej do výrobní zakázky;H;-116,620;KS;795,46;-92766,55;CZK;VZ400179;;;;;;;DVORAKP;5030 Výroba obrábění
01.04.2026;01.04.2026;4900001985;4;1000;0001;1000162;Manžeta 19x29;Těsnění a guma;261;Výdej do výrobní zakázky;H;-134,400;KS;19,44;-2612,74;CZK;VZ400179;;;;;;;KUCERAL;5020 Výroba montáž
01.04.2026;01.04.2026;4900001985;5;1000;0001;1000369;Kabel CYKY 69x15;Elektro;261;Výdej do výrobní zakázky;H;-88,200;KS;47,42;-4182,44;CZK;VZ400179;;;;;;;DVORAKP;5020 Výroba montáž
01.04.2026;01.04.2026;4900001985;6;1000;0001;1000260;Těsnění ploché 87 mm;Těsnění a guma;261;Výdej do výrobní zakázky;H;-95,620;KS;22,51;-2152,41;CZK;VZ400179;;;;;;;KUCERAL;5030 Výroba obrábění
01.04.2026;01.04.2026;4900001985;7;1000;0001;1000382;Deska PE 55 mm;Plasty;261;Výdej do výrobní zakázky;H;-18,620;KG;70,90;-1320,16;CZK;VZ400179;;;;;;;PROCHAZ;5030 Výroba obrábění
01.04.2026;01.04.2026;4900002142;1;2000;0003;5000137;Kryt převodovky B734;Hotový výrobek;131;Příjem z výroby;S;36,000;KS;4419,44;159099,84;CZK;VZ400295;;;SV7504;;;;SVOBODM;5020 Výroba montáž
01.04.2026;01.04.2026;4900002258;1;1000;0003;5000111;Převodovka šneková F683;Hotový výrobek;601;Výdej při dodání zákazníkovi;H;-7,000;KS;6903,87;-48327,09;CZK;;;Juta a.s.;SV2764;72471,09;48327,09;14819,26;NOVAKJ;6010 Expedice
01.04.2026;01.04.2026;4900002261;1;2000;0003;5000118;Konzole montážní A916;Hotový výrobek;601;Výdej při dodání zákazníkovi;H;-4,000;KS;10054,63;-40218,52;CZK;;;Bonatrans Group a.s.;SV3173;57706,28;40218,52;10194,81;PROCHAZ;6010 Expedice
01.04.2026;01.04.2026;4900002262;1;2000;0003;5000118;Konzole montážní A916;Hotový výrobek;601;Výdej při dodání zákazníkovi;H;-6,000;KS;10054,63;-60327,78;CZK;;;Strojírny Prostějov a.s.;SV7559;88820,40;60327,78;16222,81;HORAKT;6010 Expedice
01.04.2026;01.04.2026;4900002286;1;1000;0003;5000146;Svařenec nosný E906;Hotový výrobek;601;Výdej při dodání zákazníkovi;H;-14,000;KS;3723,23;-52125,22;CZK;;;Bosch Diesel s.r.o.;SV8927;81773,14;52125,22;17483,45;CERNAT;6010 Expedice
01.04.2026;01.04.2026;4900002307;1;2000;0003;5000138;Konzole montážní C661;Hotový výrobek;601;Výdej při dodání zákazníkovi;H;-2,000;KS;11642,23;-23284,46;CZK;;;Magna Exteriors Bohemia;SV9247;33002,95;23284,46;6803,41;VESELAM;6010 Expedice
01.04.2026;01.04.2026;4900002603;1;1000;0003;5000142;Rám podvozkový A874;Hotový výrobek;601;Výdej při dodání zákazníkovi;H;-11,000;KS;7208,74;-79296,14;CZK;;;Hanon Systems Autopal;SV6719;117093,24;79296,14;24995,77;NOVAKJ;6010 Expedice
02.04.2026;02.04.2026;4900000008;1;2000;0001;1000101;Profil Al 82x12;Hliník;101;Příjem zboží na objednávku;S;1760,790;KG;126,57;222863,19;CZK;;Wurth s.r.o.;;SN8632;;;;NOVAKJ;4010 Nákup
02.04.2026;02.04.2026;4900000073;1;1000;0001;1000113;Těsnění ploché 115 mm;Těsnění a guma;101;Příjem zboží na objednávku;S;124,560;KS;13,01;1620,53;CZK;;Siemens s.r.o.;;SN2369;;;;HORAKT;4010 Nákup
02.04.2026;02.04.2026;4900000101;1;1000;0001;1000118;Kolík 35x36;Spojovací materiál;101;Příjem zboží na objednávku;S;1001,180;KS;6,62;6627,81;CZK;;Resinex CZ s.r.o.;;SN1403;;;;DVORAKP;4010 Nákup
02.04.2026;02.04.2026;4900000225;1;2000;0001;1000140;Lak polyuretanový RAL 3020;Nátěry a chemie;101;Příjem zboží na objednávku;S;1752,010;L;129,92;227621,14;CZK;;Schneider Electric CZ;;SN3062;;;;VESELAM;4010 Nákup
02.04.2026;02.04.2026;4900000271;1;1000;0001;1000148;Tlumič gumový 44;Těsnění a guma;101;Příjem zboží na objednávku;S;222,490;KS;18,80;4182,81;CZK;;Alumat s.r.o.;;SN6228;;;;NOVAKJ;4010 Nákup
02.04.2026;02.04.2026;4900000645;1;2000;0001;1000215;Motor 73 kW;Elektro;101;Příjem zboží na objednávku;S;1082,630;KS;175,44;189936,61;CZK;;Colorlak a.s.;;SN3644;;;;HORAKT;4010 Nákup
02.04.2026;02.04.2026;4900000727;1;1000;0001;1000230;Kolík 14x73;Spojovací materiál;101;Příjem zboží na objednávku;S;237,910;KS;9,78;2326,76;CZK;;ArcelorMittal Distribution;;SN7883;;;;DVORAKP;4010 Nákup
02.04.2026;02.04.2026;4900000813;1;1000;0001;1000244;Podložka 93;Spojovací materiál;101;Příjem zboží na objednávku;S;512,710;KS;14,76;7567,60;CZK;;Alumat s.r.o.;;SN2129;;;;KUCERAL;4010 Nákup
02.04.2026;02.04.2026;4900000837;1;1000;0001;1000249;Granulát PA6 112;Plasty;101;Příjem zboží na objednávku;S;336,300;KG;71,02;23884,03;CZK;;Ferona a.s.;;SN4311;;;;HORAKT;4010 Nákup
02.04.2026;02.04.2026;4900000848;1;1000;0001;1000250;Kabel CYKY 34x42;Elektro;101;Příjem zboží na objednávku;S;1052,220;KS;795,46;836998,92;CZK;;Elektro Cabel CZ;;SN6441;;;;CERNAT;4010 Nákup
02.04.2026;02.04.2026;4900000856;1;2000;0001;1000252;Ředidlo S24;Nátěry a chemie;101;Příjem zboží na objednávku;S;1111,910;L;270,93;301249,78;CZK;;ABB s.r.o.;;SN3224;;;;SVOBODM;4010 Nákup
02.04.2026;02.04.2026;4900001042;1;1000;0001;1000288;Těsnění ploché 57 mm;Těsnění a guma;101;Příjem zboží na objednávku;S;934,920;KS;50,59;47297,60;CZK;;Haberkorn s.r.o.;;SN9275;;;;PROCHAZ;4010 Nákup
02.04.2026;02.04.2026;4900001088;1;2000;0001;1000295;Těsnění ploché 61 mm;Těsnění a guma;101;Příjem zboží na objednávku;S;434,420;KS;18,17;7893,41;CZK;;Bossard CZ s.r.o.;;SN5077;;;;HORAKT;4010 Nákup
02.04.2026;02.04.2026;4900001494;1;1000;0001;1000368;Deska PE 52 mm;Plasty;101;Příjem zboží na objednávku;S;2099,660;KG;65,30;137107,80;CZK;;Hennlich s.r.o.;;SN3238;;;;PROCHAZ;4010 Nákup
02.04.2026;02.04.2026;4900002003;1;2000;0001;1000122;Trubka Al 54 mm;Hliník;261;Výdej do výrobní zakázky;H;-79,740;KG;99,64;-7945,29;CZK;VZ400190;;;;;;;DVORAKP;5030 Výroba obrábění
02.04.2026;02.04.2026;4900002003;2;2000;0001;1000198;Trubka ocelová 56x45;Ocel;261;Výdej do výrobní zakázky;H;-116,100;KG;20,95;-2432,29;CZK;VZ400190;;;;;;;CERNAT;5030 Výroba obrábění
02.04.2026;02.04.2026;4900002003;3;2000;0001;1000207;Granulát PA6 54;Plasty;261;Výdej do výrobní zakázky;H;-110,340;KG;68,70;-7580,36;CZK;VZ400190;;;;;;;PROCHAZ;5020 Výroba montáž
02.04.2026;02.04.2026;4900002003;4;2000;0001;1000233;Trubka ocelová 70x56;Ocel;261;Výdej do výrobní zakázky;H;-107,820;KG;20,71;-2232,95;CZK;VZ400190;;;;;;;KUCERAL;5030 Výroba obrábění
02.04.2026;02.04.2026;4900002003;5;2000;0001;1000247;Profil U 55;Ocel;261;Výdej do výrobní zakázky;H;-56,880;KG;23,08;-1312,79;CZK;VZ400190;;;;;;;KUCERAL;5030 Výroba obrábění
02.04.2026;02.04.2026;4900002021;1;1000;0001;1000239;Těsnění ploché 68 mm;Těsnění a guma;261;Výdej do výrobní zakázky;H;-72,800;KS;32,26;-2348,53;CZK;VZ400202;;;;;;;VESELAM;5030 Výroba obrábění
02.04.2026;02.04.2026;4900002021;2;1000;0001;1000321;Podložka 22;Spojovací materiál;261;Výdej do výrobní zakázky;H;-42,000;KS;13,53;-568,26;CZK;VZ400202;;;;;;;KUCERAL;5020 Výroba montáž
02.04.2026;02.04.2026;4900002021;3;1000;0001;1000172;Deska PE 85 mm;Plasty;261;Výdej do výrobní zakázky;H;-37,300;KG;44,67;-1666,19;CZK;VZ400202;;;;;;;NOVAKJ;5020 Výroba montáž
02.04.2026;02.04.2026;4900002021;4;1000;0001;1000386;Těsnění ploché 105 mm;Těsnění a guma;261;Výdej do výrobní zakázky;H;-102,700;KS;52,47;-5388,67;CZK;VZ400202;;;;;;;CERNAT;5030 Výroba obrábění
02.04.2026;02.04.2026;4900002021;5;1000;0001;1000281;Manžeta 90x49;Těsnění a guma;261;Výdej do výrobní zakázky;H;-94,400;KS;32,59;-3076,50;CZK;VZ400202;;;;;;;PROCHAZ;5020 Výroba montáž
02.04.2026;02.04.2026;4900002021;6;1000;0001;1000262;Plech Al 68 mm;Hliník;261;Výdej do výrobní zakázky;H;-62,700;KG;60,20;-3774,54;CZK;VZ400202;;;;;;;CERNAT;5020 Výroba montáž
02.04.2026;02.04.2026;4900002021;7;1000;0001;1000215;Motor 73 kW;Elektro;261;Výdej do výrobní zakázky;H;-60,600;KS;175,44;-10631,66;CZK;VZ400202;;;;;;;HORAKT;5020 Výroba montáž
02.04.2026;02.04.2026;4900002021;8;1000;0001;1000157;Trubka Al 95 mm;Hliník;261;Výdej do výrobní zakázky;H;-66,900;KG;85,98;-5752,06;CZK;VZ400202;;;;;;;SVOBODM;5030 Výroba obrábění
02.04.2026;02.04.2026;4900002021;9;1000;0001;1000114;Jekl 107x107x78;Ocel;261;Výdej do výrobní zakázky;H;-28,000;KG;20,98;-587,44;CZK;VZ400202;;;;;;;PROCHAZ;5020 Výroba montáž
02.04.2026;02.04.2026;4900002037;1;1000;0001;1000109;Granulát PA6 108;Plasty;261;Výdej do výrobní zakázky;H;-183,000;KG;65,68;-12019,44;CZK;VZ400212;;;;;;;VESELAM;5030 Výroba obrábění
02.04.2026;02.04.2026;4900002037;2;1000;0001;1000179;Granulát ABS 25;Plasty;261;Výdej do výrobní zakázky;H;-23,100;KG;54,80;-1265,88;CZK;VZ400212;;;;;;;PROCHAZ;5020 Výroba montáž
02.04.2026;02.04.2026;4900002037;3;1000;0001;1000358;Tlumič gumový 49;Těsnění a guma;261;Výdej do výrobní zakázky;H;-105,000;KS;45,51;-4778,55;CZK;VZ400212;;;;;;;PROCHAZ;5030 Výroba obrábění
02.04.2026;02.04.2026;4900002037;4;1000;0001;1000138;Frekvenční měnič 18 kW;Elektro;261;Výdej do výrobní zakázky;H;-328,800;KS;423,21;-139151,45;CZK;VZ400212;;;;;;;VESELAM;5020 Výroba montáž
02.04.2026;02.04.2026;4900002037;5;1000;0001;1000348;Motor 108 kW;Elektro;261;Výdej do výrobní zakázky;H;-33,600;KS;739,67;-24852,91;CZK;VZ400212;;;;;;;PROCHAZ;5030 Výroba obrábění
02.04.2026;02.04.2026;4900002270;1;2000;0003;5000138;Konzole montážní C661;Hotový výrobek;601;Výdej při dodání zákazníkovi;H;-8,000;KS;11642,23;-93137,84;CZK;;;Bonatrans Group a.s.;SV6223;132064,40;93137,84;27631,09;SVOBODM;6010 Expedice
02.04.2026;02.04.2026;4900002276;1;2000;0003;5000147;Kryt převodovky F636;Hotový výrobek;601;Výdej při dodání zákazníkovi;H;-1,000;KS;16341,87;-16341,87;CZK;;;Mubea CZ s.r.o.;SV3126;24177,17;16341,87;4582,59;CERNAT;6010 Expedice
02.04.2026;02.04.2026;4900002433;1;2000;0003;5000131;Převodovka šneková B156;Hotový výrobek;601;Výdej při dodání zákazníkovi;H;-8,000;KS;10607,58;-84860,64;CZK;;;Zetor Tractors a.s.;SV1110;131481,95;84860,64;26606,33;KUCERAL;6010 Expedice
02.04.2026;02.04.2026;4900002469;1;2000;0003;5000132;Rám podvozkový C802;Hotový výrobek;601;Výdej při dodání zákazníkovi;H;-24,000;KS;1980,08;-47521,92;CZK;;;Witte Automotive;SV1877;70210,71;47521,92;14912,89;HORAKT;6010 Expedice
02.04.2026;02.04.2026;4900002511;1;1000;0003;5000111;Převodovka šneková F683;Hotový výrobek;601;Výdej při dodání zákazníkovi;H;-16,000;KS;6903,87;-110461,92;CZK;;;Tatra Trucks a.s.;SV6964;158853,52;110461,92;36068,48;DVORAKP;6010 Expedice
02.04.2026;02.04.2026;4900002581;1;2000;0003;5000100;Čerpadlo odstředivé A594;Hotový výrobek;601;Výdej při dodání zákazníkovi;H;-25,000;KS;1079,41;-26985,25;CZK;;;Witte Automotive;SV5325;40213,26;26985,25;7726,06;SVOBODM;6010 Expedice
02.04.2026;02.04.2026;4900002599;1;2000;0003;5000132;Rám podvozkový C802;Hotový výrobek;601;Výdej při dodání zákazníkovi;H;-16,000;KS;1980,08;-31681,28;CZK;;;Brose CZ spol. s r.o.;SV9539;47886,04;31681,28;10590,17;PROCHAZ;6010 Expedice
02.04.2026;02.04.2026;4900002604;1;1000;0003;5000107;Kryt převodovky B587;Hotový výrobek;601;Výdej při dodání zákazníkovi;H;-22,000;KS;2113,83;-46504,26;CZK;;;Witte Automotive;SV5590;48058,60;46504,26;8931,77;SVOBODM;6010 Expedice
03.04.2026;03.04.2026;4900000013;1;2000;0001;1000102;Granulát PA6 83;Plasty;101;Příjem zboží na objednávku;S;2076,240;KG;73,29;152167,63;CZK;;Ferona a.s.;;SN4258;;;;NOVAKJ;4010 Nákup
03.04.2026;03.04.2026;4900000084;1;1000;0001;1000115;Profil Al 44x37;Hliník;101;Příjem zboží na objednávku;S;2064,180;KG;75,99;156857,04;CZK;;PPG Deco Czech;;SN5639;;;;NOVAKJ;4010 Nákup
03.04.2026;03.04.2026;4900000260;1;2000;0001;1000146;Kolík 36x56;Spojovací materiál;101;Příjem zboží na objednávku;S;341,200;KS;5,86;1999,43;CZK;;Hennlich s.r.o.;;SN2735;;;;CERNAT;4010 Nákup
03.04.2026;03.04.2026;4900000366;1;2000;0001;1000165;Deska PE 38 mm;Plasty;101;Příjem zboží na objednávku;S;408,150;KG;43,33;17685,14;CZK;;Colorlak a.s.;;SN8766;;;;PROCHAZ;4010 Nákup
03.04.2026;03.04.2026;4900000380;1;1000;0001;1000167;Nýt 105x50;Spojovací materiál;101;Příjem zboží na objednávku;S;893,690;KS;10,11;9035,21;CZK;;Resinex CZ s.r.o.;;SN9520;;;;CERNAT;4010 Nákup
03.04.2026;03.04.2026;4900000418;1;2000;0001;1000173;Čidlo indukční 108 mm;Elektro;101;Příjem zboží na objednávku;S;1058,440;KS;435,84;461310,49;CZK;;Hilti ČR s.r.o.;;SN5498;;;;SVOBODM;4010 Nákup
03.04.2026;03.04.2026;4900000654;1;1000;0001;1000216;Podložka 26;Spojovací materiál;101;Příjem zboží na objednávku;S;678,760;KS;12,61;8559,16;CZK;;PPG Deco Czech;;SN5618;;;;CERNAT;4010 Nákup
03.04.2026;03.04.2026;4900000689;1;1000;0001;1000223;Šroub M2x48;Spojovací materiál;101;Příjem zboží na objednávku;S;771,350;KS;10,18;7852,34;CZK;;Rubena a.s.;;SN1366;;;;PROCHAZ;4010 Nákup
03.04.2026;03.04.2026;4900000914;1;2000;0001;1000262;Plech Al 68 mm;Hliník;101;Příjem zboží na objednávku;S;665,790;KG;60,20;40080,56;CZK;;Trelleborg Bohemia;;SN8616;;;;CERNAT;4010 Nákup
03.04.2026;03.04.2026;4900000920;1;1000;0001;1000264;Motor 26 kW;Elektro;101;Příjem zboží na objednávku;S;575,640;KS;733,69;422341,31;CZK;;Resinex CZ s.r.o.;;SN2484;;;;PROCHAZ;4010 Nákup
03.04.2026;03.04.2026;4900000985;1;2000;0001;1000278;Frekvenční měnič 11 kW;Elektro;101;Příjem zboží na objednávku;S;1034,770;KS;659,54;682472,21;CZK;;ThyssenKrupp Ferrostal;;SN9340;;;;PROCHAZ;4010 Nákup
03.04.2026;03.04.2026;4900001039;1;2000;0001;1000287;Odmašťovač RAL 6011;Nátěry a chemie;101;Příjem zboží na objednávku;S;893,640;L;273,08;244035,21;CZK;;ABB s.r.o.;;SN6262;;;;HORAKT;4010 Nákup
03.04.2026;03.04.2026;4900001274;1;2000;0001;1000329;Lak polyuretanový RAL 3020;Nátěry a chemie;101;Příjem zboží na objednávku;S;2137,800;L;156,30;334138,14;CZK;;Hilti ČR s.r.o.;;SN2202;;;;VESELAM;4010 Nákup
03.04.2026;03.04.2026;4900001325;1;1000;0001;1000339;Profil Al 7x33;Hliník;101;Příjem zboží na objednávku;S;1112,850;KG;91,34;101647,72;CZK;;Killich s.r.o.;;SN5868;;;;HORAKT;4010 Nákup
03.04.2026;03.04.2026;4900001423;1;2000;0001;1000357;Ředidlo S101;Nátěry a chemie;101;Příjem zboží na objednávku;S;1748,110;L;181,43;317159,60;CZK;;Fabory CZ;;SN3894;;;;HORAKT;4010 Nákup
03.04.2026;03.04.2026;4900001570;1;2000;0001;1000383;Motor 69 kW;Elektro;101;Příjem zboží na objednávku;S;502,980;KS;150,72;75809,15;CZK;;Fabory CZ;;SN5102;;;;PROCHAZ;4010 Nákup
03.04.2026;03.04.2026;4900001615;1;1000;0001;1000391;Kolík 64x14;Spojovací materiál;101;Příjem zboží na objednávku;S;839,140;KS;15,07;12645,84;CZK;;Wurth s.r.o.;;SN9631;;;;SVOBODM;4010 Nákup
03.04.2026;03.04.2026;4900001654;1;2000;0001;1000399;Lak polyuretanový RAL 5010;Nátěry a chemie;101;Příjem zboží na objednávku;S;1378,500;L;170,55;235103,18;CZK;;Schneider Electric CZ;;SN8917;;;;KUCERAL;4010 Nákup
03.04.2026;03.04.2026;4900001892;1;2000;0001;1000311;Profil Al 93x76;Hliník;261;Výdej do výrobní zakázky;H;-3,000;KG;92,87;-278,61;CZK;VZ400118;;;;;;;CERNAT;5030 Výroba obrábění
03.04.2026;03.04.2026;4900001892;2;2000;0001;1000152;Frekvenční měnič 74 kW;Elektro;261;Výdej do výrobní zakázky;H;-14,150;KS;607,08;-8590,18;CZK;VZ400118;;;;;;;DVORAKP;5020 Výroba montáž
03.04.2026;03.04.2026;4900001892;3;2000;0001;1000207;Granulát PA6 54;Plasty;261;Výdej do výrobní zakázky;H;-9,450;KG;68,70;-649,22;CZK;VZ400118;;;;;;;PROCHAZ;5020 Výroba montáž
03.04.2026;03.04.2026;4900001892;4;2000;0001;1000397;Motor 114 kW;Elektro;261;Výdej do výrobní zakázky;H;-43,350;KS;710,22;-30788,04;CZK;VZ400118;;;;;;;NOVAKJ;5030 Výroba obrábění
03.04.2026;03.04.2026;4900001892;5;2000;0001;1000288;Těsnění ploché 57 mm;Těsnění a guma;261;Výdej do výrobní zakázky;H;-16,150;KS;50,59;-817,03;CZK;VZ400118;;;;;;;SVOBODM;5020 Výroba montáž
03.04.2026;03.04.2026;4900001892;6;2000;0001;1000358;Tlumič gumový 49;Těsnění a guma;261;Výdej do výrobní zakázky;H;-49,800;KS;45,51;-2266,40;CZK;VZ400118;;;;;;;KUCERAL;5030 Výroba obrábění
03.04.2026;03.04.2026;4900001894;1;1000;0001;1000162;Manžeta 19x29;Těsnění a guma;261;Výdej do výrobní zakázky;H;-307,350;KS;19,44;-5974,88;CZK;VZ400119;;;;;;;SVOBODM;5020 Výroba montáž
03.04.2026;03.04.2026;4900001894;2;1000;0001;1000305;Granulát ABS 54;Plasty;261;Výdej do výrobní zakázky;H;-343,350;KG;83,28;-28594,19;CZK;VZ400119;;;;;;;PROCHAZ;5020 Výroba montáž
03.04.2026;03.04.2026;4900001894;3;1000;0001;1000205;Trubka ocelová 6x21;Ocel;261;Výdej do výrobní zakázky;H;-164,250;KG;20,71;-3401,62;CZK;VZ400119;;;;;;;NOVAKJ;5020 Výroba montáž
03.04.2026;03.04.2026;4900001894;4;1000;0001;1000246;Těsnění ploché 116 mm;Těsnění a guma;261;Výdej do výrobní zakázky;H;-280,350;KS;47,79;-13397,93;CZK;VZ400119;;;;;;;VESELAM;5020 Výroba montáž
03.04.2026;03.04.2026;4900001894;5;1000;0001;1000280;Lak polyuretanový RAL 5010;Nátěry a chemie;261;Výdej do výrobní zakázky;H;-54,900;L;269,15;-14776,33;CZK;VZ400119;;;;;;;PROCHAZ;5020 Výroba montáž
03.04.2026;03.04.2026;4900002070;1;2000;0001;1000250;Kabel CYKY 34x42;Elektro;261;Výdej do výrobní zakázky;H;-99,450;KS;795,46;-79108,50;CZK;VZ400238;;;;;;;CERNAT;5030 Výroba obrábění
03.04.2026;03.04.2026;4900002070;2;2000;0001;1000171;Plech Al 110 mm;Hliník;261;Výdej do výrobní zakázky;H;-38,350;KG;73,80;-2830,23;CZK;VZ400238;;;;;;;VESELAM;5030 Výroba obrábění
03.04.2026;03.04.2026;4900002070;3;2000;0001;1000113;Těsnění ploché 115 mm;Těsnění a guma;261;Výdej do výrobní zakázky;H;-148,590;KS;13,01;-1933,16;CZK;VZ400238;;;;;;;KUCERAL;5030 Výroba obrábění
03.04.2026;03.04.2026;4900002070;4;2000;0001;1000357;Ředidlo S101;Nátěry a chemie;261;Výdej do výrobní zakázky;H;-82,030;L;181,43;-14882,70;CZK;VZ400238;;;;;;;KUCERAL;5030 Výroba obrábění
03.04.2026;03.04.2026;4900002070;5;2000;0001;1000117;Motor 72 kW;Elektro;261;Výdej do výrobní zakázky;H;-87,490;KS;660,38;-57776,65;CZK;VZ400238;;;;;;;NOVAKJ;5030 Výroba obrábění
03.04.2026;03.04.2026;4900002070;6;2000;0001;1000336;Základní barva RAL 7035;Nátěry a chemie;261;Výdej do výrobní zakázky;H;-83,460;L;119,31;-9957,61;CZK;VZ400238;;;;;;;SVOBODM;5030 Výroba obrábění
03.04.2026;03.04.2026;4900002229;1;1000;0003;5000133;Skříň rozvaděče D196;Hotový výrobek;601;Výdej při dodání zákazníkovi;H;-8,000;KS;20147,73;-161181,84;CZK;;;Brose CZ spol. s r.o.;SV1386;248609,73;161181,84;48156,55;SVOBODM;6010 Expedice
03.04.2026;03.04.2026;4900002381;1;1000;0003;5000133;Skříň rozvaděče D196;Hotový výrobek;601;Výdej při dodání zákazníkovi;H;-2,000;KS;20147,73;-40295,46;CZK;;;Hella Autotechnik Nova;SV5563;51450,25;40295,46;11241,79;PROCHAZ;6010 Expedice
03.04.2026;03.04.2026;4900002535;1;1000;0003;5000112;Rám podvozkový A238;Hotový výrobek;601;Výdej při dodání zákazníkovi;H;-22,000;KS;1349,43;-29687,46;CZK;;;Linet spol. s r.o.;SV9770;43118,34;29687,46;9486,77;NOVAKJ;6010 Expedice
03.04.2026;03.04.2026;4900002538;1;1000;0003;5000107;Kryt převodovky B587;Hotový výrobek;601;Výdej při dodání zákazníkovi;H;-19,000;KS;2113,83;-40162,77;CZK;;;Juta a.s.;SV9213;43361,64;40162,77;9753,25;NOVAKJ;6010 Expedice
03.04.2026;03.04.2026;4900002630;1;2000;0001;1000102;Granulát PA6 83;Plasty;102;Storno příjmu zboží;H;-2076,240;KG;73,29;-152167,63;CZK;;Ferona a.s.;;SN4258;;;;NOVAKJ;4010 Nákup
06.04.2026;06.04.2026;4900000077;1;1000;0001;1000114;Jekl 107x107x78;Ocel;101;Příjem zboží na objednávku;S;2064,610;KG;24,76;51119,74;CZK;;ABB s.r.o.;;SN6005;;;;KUCERAL;4010 Nákup
06.04.2026;06.04.2026;4900000124;1;1000;0001;1000122;Trubka Al 54 mm;Hliník;101;Příjem zboží na objednávku;S;1105,910;KG;99,64;110192,87;CZK;;Rubena a.s.;;SN8310;;;;NOVAKJ;4010 Nákup
06.04.2026;06.04.2026;4900000304;1;1000;0001;1000154;Ředidlo S38;Nátěry a chemie;101;Příjem zboží na objednávku;S;1625,620;L;298,27;484873,68;CZK;;ESSA Czech;;SN3776;;;;KUCERAL;4010 Nákup
06.04.2026;06.04.2026;4900000469;1;2000;0001;1000182;Ředidlo S111;Nátěry a chemie;101;Příjem zboží na objednávku;S;1213,170;L;318,03;385824,46;CZK;;Killich s.r.o.;;SN8210;;;;NOVAKJ;4010 Nákup
06.04.2026;06.04.2026;4900000500;1;1000;0001;1000188;Kolík 68x10;Spojovací materiál;101;Příjem zboží na objednávku;S;542,240;KS;8,82;4782,56;CZK;;Rubena a.s.;;SN1973;;;;DVORAKP;4010 Nákup
06.04.2026;06.04.2026;4900000822;1;1000;0001;1000246;Těsnění ploché 116 mm;Těsnění a guma;101;Příjem zboží na objednávku;S;944,300;KS;47,79;45128,10;CZK;;Killich s.r.o.;;SN5190;;;;KUCERAL;4010 Nákup
06.04.2026;06.04.2026;4900000867;1;2000;0001;1000254;Tyč kruhová 76 mm;Ocel;101;Příjem zboží na objednávku;S;1548,760;KG;40,53;62771,24;CZK;;PPG Deco Czech;;SN3858;;;;PROCHAZ;4010 Nákup
06.04.2026;06.04.2026;4900000946;1;1000;0001;1000270;Granulát PA6 87;Plasty;101;Příjem zboží na objednávku;S;1326,870;KG;90,82;120506,33;CZK;;Metalšrot Tlumačov;;SN4460;;;;VESELAM;4010 Nákup
06.04.2026;06.04.2026;4900000979;1;1000;0001;1000276;Profil Al 96x51;Hliník;101;Příjem zboží na objednávku;S;1917,780;KG;80,22;153844,31;CZK;;Elektro Cabel CZ;;SN3746;;;;DVORAKP;4010 Nákup
06.04.2026;06.04.2026;4900001223;1;1000;0001;1000319;Granulát PA6 44;Plasty;101;Příjem zboží na objednávku;S;1311,740;KG;71,64;93973,05;CZK;;Fabory CZ;;SN6610;;;;NOVAKJ;4010 Nákup
06.04.2026;06.04.2026;4900001739;1;2000;0001;1000397;Motor 114 kW;Elektro;261;Výdej do výrobní zakázky;H;-113,700;KS;710,22;-80752,01;CZK;VZ400040;;;;;;;SVOBODM;5030 Výroba obrábění
06.04.2026;06.04.2026;4900001739;2;2000;0001;1000132;Matice M34;Spojovací materiál;261;Výdej do výrobní zakázky;H;-40,200;KS;7,13;-286,63;CZK;VZ400040;;;;;;;VESELAM;5020 Výroba montáž
06.04.2026;06.04.2026;4900001739;3;2000;0001;1000254;Tyč kruhová 76 mm;Ocel;261;Výdej do výrobní zakázky;H;-16,500;KG;34,35;-566,77;CZK;VZ400040;;;;;;;SVOBODM;5030 Výroba obrábění
06.04.2026;06.04.2026;4900001739;4;2000;0001;1000208;Stykač 43 A;Elektro;261;Výdej do výrobní zakázky;H;-175,200;KS;687,68;-120481,54;CZK;VZ400040;;;;;;;DVORAKP;5020 Výroba montáž
06.04.2026;06.04.2026;4900001739;5;2000;0001;1000170;Trubka ocelová 73x65;Ocel;261;Výdej do výrobní zakázky;H;-100,800;KG;23,63;-2381,90;CZK;VZ400040;;;;;;;KUCERAL;5030 Výroba obrábění
06.04.2026;06.04.2026;4900001739;6;2000;0001;1000302;Tlumič gumový 20;Těsnění a guma;261;Výdej do výrobní zakázky;H;-29,850;KS;4,51;-134,62;CZK;VZ400040;;;;;;;HORAKT;5030 Výroba obrábění
06.04.2026;06.04.2026;4900001739;7;2000;0001;1000230;Kolík 14x73;Spojovací materiál;261;Výdej do výrobní zakázky;H;-151,200;KS;9,78;-1478,74;CZK;VZ400040;;;;;;;HORAKT;5020 Výroba montáž
06.04.2026;06.04.2026;4900001793;1;1000;0001;1000301;Lak polyuretanový RAL 5010;Nátěry a chemie;261;Výdej do výrobní zakázky;H;-51,480;L;339,05;-17454,29;CZK;VZ400065;;;;;;;DVORAKP;5020 Výroba montáž
06.04.2026;06.04.2026;4900001793;2;1000;0001;1000373;Tyč kruhová 44 mm;Ocel;261;Výdej do výrobní zakázky;H;-214,890;KG;31,69;-6809,86;CZK;VZ400065;;;;;;;PROCHAZ;5020 Výroba montáž
06.04.2026;06.04.2026;4900001793;3;1000;0001;1000395;Profil Al 33x47;Hliník;261;Výdej do výrobní zakázky;H;-86,970;KG;128,86;-11206,95;CZK;VZ400065;;;;;;;PROCHAZ;5030 Výroba obrábění
06.04.2026;06.04.2026;4900001793;4;1000;0001;1000322;Lak polyuretanový RAL 7035;Nátěry a chemie;261;Výdej do výrobní zakázky;H;-301,080;L;219,04;-65948,56;CZK;VZ400065;;;;;;;PROCHAZ;5030 Výroba obrábění
06.04.2026;06.04.2026;4900001793;5;1000;0001;1000183;O-kroužek 107 mm;Těsnění a guma;261;Výdej do výrobní zakázky;H;-57,720;KS;51,09;-2948,91;CZK;VZ400065;;;;;;;PROCHAZ;5020 Výroba montáž
06.04.2026;06.04.2026;4900001793;6;1000;0001;1000299;Čidlo indukční 99 mm;Elektro;261;Výdej do výrobní zakázky;H;-136,110;KS;576,77;-78504,16;CZK;VZ400065;;;;;;;KUCERAL;5020 Výroba montáž
06.04.2026;06.04.2026;4900001804;1;2000;0001;1000122;Trubka Al 54 mm;Hliník;261;Výdej do výrobní zakázky;H;-66,450;KG;99,64;-6621,08;CZK;VZ400070;;;;;;;NOVAKJ;5030 Výroba obrábění
06.04.2026;06.04.2026;4900001804;2;2000;0001;1000198;Trubka ocelová 56x45;Ocel;261;Výdej do výrobní zakázky;H;-96,750;KG;20,95;-2026,91;CZK;VZ400070;;;;;;;CERNAT;5020 Výroba montáž
06.04.2026;06.04.2026;4900001804;3;2000;0001;1000207;Granulát PA6 54;Plasty;261;Výdej do výrobní zakázky;H;-91,950;KG;68,70;-6316,97;CZK;VZ400070;;;;;;;DVORAKP;5030 Výroba obrábění
06.04.2026;06.04.2026;4900001804;4;2000;0001;1000233;Trubka ocelová 70x56;Ocel;261;Výdej do výrobní zakázky;H;-89,850;KG;20,71;-1860,79;CZK;VZ400070;;;;;;;DVORAKP;5030 Výroba obrábění
06.04.2026;06.04.2026;4900001804;5;2000;0001;1000247;Profil U 55;Ocel;261;Výdej do výrobní zakázky;H;-47,400;KG;23,08;-1093,99;CZK;VZ400070;;;;;;;CERNAT;5020 Výroba montáž
06.04.2026;06.04.2026;4900001893;1;2000;0003;5000118;Konzole montážní A916;Hotový výrobek;131;Příjem z výroby;S;5,000;KS;10054,63;50273,15;CZK;VZ400118;;;SV1738;;;;KUCERAL;5020 Výroba montáž
06.04.2026;06.04.2026;4900001895;1;1000;0003;5000141;Převodovka šneková F508;Hotový výrobek;131;Příjem z výroby;S;45,000;KS;1789,06;80507,70;CZK;VZ400119;;;SV7466;;;;KUCERAL;5020 Výroba montáž
06.04.2026;06.04.2026;4900001961;1;1000;0001;1000103;Čidlo indukční 32 mm;Elektro;261;Výdej do výrobní zakázky;H;-159,000;KS;26,60;-4229,40;CZK;VZ400164;;;;;;;PROCHAZ;5020 Výroba montáž
06.04.2026;06.04.2026;4900001961;2;1000;0001;1000345;Tyč kruhová 110 mm;Ocel;261;Výdej do výrobní zakázky;H;-24,400;KG;36,23;-884,01;CZK;VZ400164;;;;;;;KUCERAL;5020 Výroba montáž
06.04.2026;06.04.2026;4900001961;3;1000;0001;1000141;Těsnění ploché 77 mm;Těsnění a guma;261;Výdej do výrobní zakázky;H;-79,200;KS;20,01;-1584,79;CZK;VZ400164;;;;;;;CERNAT;5020 Výroba montáž
06.04.2026;06.04.2026;4900001961;4;1000;0001;1000159;Čidlo indukční 23 mm;Elektro;261;Výdej do výrobní zakázky;H;-65,800;KS;206,10;-13561,38;CZK;VZ400164;;;;;;;CERNAT;5020 Výroba montáž
06.04.2026;06.04.2026;4900001961;5;1000;0001;1000135;Jekl 3x3x76;Ocel;261;Výdej do výrobní zakázky;H;-29,000;KG;33,76;-979,04;CZK;VZ400164;;;;;;;PROCHAZ;5020 Výroba montáž
06.04.2026;06.04.2026;4900001961;6;1000;0001;1000226;Profil U 4;Ocel;261;Výdej do výrobní zakázky;H;-28,600;KG;27,36;-782,50;CZK;VZ400164;;;;;;;HORAKT;5030 Výroba obrábění
06.04.2026;06.04.2026;4900001961;7;1000;0001;1000111;Podložka 21;Spojovací materiál;261;Výdej do výrobní zakázky;H;-87,000;KS;16,00;-1392,00;CZK;VZ400164;;;;;;;VESELAM;5030 Výroba obrábění
06.04.2026;06.04.2026;4900001961;8;1000;0001;1000207;Granulát PA6 54;Plasty;261;Výdej do výrobní zakázky;H;-42,000;KG;68,70;-2885,40;CZK;VZ400164;;;;;;;KUCERAL;5030 Výroba obrábění
06.04.2026;06.04.2026;4900002305;1;2000;0003;5000128;Konzole montážní E878;Hotový výrobek;601;Výdej při dodání zákazníkovi;H;-4,000;KS;2954,77;-11819,08;CZK;;;Tatra Trucks a.s.;SV5724;18878,46;11819,08;3613,80;NOVAKJ;6010 Expedice
06.04.2026;06.04.2026;4900002306;1;2000;0003;5000128;Konzole montážní E878;Hotový výrobek;601;Výdej při dodání zákazníkovi;H;-10,000;KS;2954,77;-29547,70;CZK;;;Strojírny Prostějov a.s.;SV6760;48608,40;29547,70;8845,64;PROCHAZ;6010 Expedice
06.04.2026;06.04.2026;4900002340;1;2000;0003;5000128;Konzole montážní E878;Hotový výrobek;601;Výdej při dodání zákazníkovi;H;-5,000;KS;2954,77;-14773,85;CZK;;;Linet spol. s r.o.;SV9269;24250,05;14773,85;4947,20;CERNAT;6010 Expedice
06.04.2026;06.04.2026;4900002462;1;2000;0003;5000137;Kryt převodovky B734;Hotový výrobek;601;Výdej při dodání zákazníkovi;H;-4,000;KS;4419,44;-17677,76;CZK;;;Bonatrans Group a.s.;SV4221;25531,46;17677,76;5136,49;NOVAKJ;6010 Expedice
06.04.2026;06.04.2026;4900002617;1;2000;0003;5000137;Kryt převodovky B734;Hotový výrobek;601;Výdej při dodání zákazníkovi;H;-12,000;KS;4419,44;-53033,28;CZK;;;Hanon Systems Autopal;SV5643;75076,92;53033,28;15924,06;DVORAKP;6010 Expedice
07.04.2026;07.04.2026;4900000004;1;1000;0001;1000100;Trubka ocelová 100x79;Ocel;101;Příjem zboží na objednávku;S;437,200;KG;40,49;17702,23;CZK;;ThyssenKrupp Ferrostal;;SN5775;;;;PROCHAZ;4010 Nákup
07.04.2026;07.04.2026;4900000262;1;2000;0001;1000146;Kolík 36x56;Spojovací materiál;101;Příjem zboží na objednávku;S;517,480;KS;5,86;3032,43;CZK;;Fabory CZ;;SN3580;;;;HORAKT;4010 Nákup
07.04.2026;07.04.2026;4900000351;1;2000;0001;1000163;Tyč kruhová 7 mm;Ocel;101;Příjem zboží na objednávku;S;1671,510;KG;46,13;77106,76;CZK;;PPG Deco Czech;;SN6931;;;;KUCERAL;4010 Nákup
07.04.2026;07.04.2026;4900000471;1;2000;0001;1000182;Ředidlo S111;Nátěry a chemie;101;Příjem zboží na objednávku;S;1840,220;L;318,03;585245,17;CZK;;Plastika Nitra a.s.;;SN7787;;;;HORAKT;4010 Nákup
07.04.2026;07.04.2026;4900000515;1;1000;0001;1000191;Trubka ocelová 94x42;Ocel;101;Příjem zboží na objednávku;S;1335,900;KG;31,93;42655,29;CZK;;Bossard CZ s.r.o.;;SN1840;;;;CERNAT;4010 Nákup
07.04.2026;07.04.2026;4900000534;1;2000;0001;1000195;Kolík 20x27;Spojovací materiál;101;Příjem zboží na objednávku;S;1115,100;KS;15,97;17808,15;CZK;;Trelleborg Bohemia;;SN4855;;;;PROCHAZ;4010 Nákup
07.04.2026;07.04.2026;4900000828;1;1000;0001;1000247;Profil U 55;Ocel;101;Příjem zboží na objednávku;S;1131,910;KG;27,23;30821,91;CZK;;Fabory CZ;;SN5958;;;;DVORAKP;4010 Nákup
07.04.2026;07.04.2026;4900000853;1;1000;0001;1000251;Kolík 70x43;Spojovací materiál;101;Příjem zboží na objednávku;S;129,320;KS;11,50;1487,18;CZK;;Hilti ČR s.r.o.;;SN7054;;;;SVOBODM;4010 Nákup
07.04.2026;07.04.2026;4900000894;1;2000;0001;1000259;Základní barva RAL 3020;Nátěry a chemie;101;Příjem zboží na objednávku;S;646,960;L;236,85;153232,48;CZK;;Ferona a.s.;;SN6945;;;;KUCERAL;4010 Nákup
07.04.2026;07.04.2026;4900000900;1;1000;0001;1000260;Těsnění ploché 87 mm;Těsnění a guma;101;Příjem zboží na objednávku;S;528,760;KS;22,51;11902,39;CZK;;Metalšrot Tlumačov;;SN8069;;;;NOVAKJ;4010 Nákup
07.04.2026;07.04.2026;4900001113;1;2000;0001;1000300;Šroub M24x45;Spojovací materiál;101;Příjem zboží na objednávku;S;112,990;KS;2,77;312,98;CZK;;Killich s.r.o.;;SN8706;;;;DVORAKP;4010 Nákup
07.04.2026;07.04.2026;4900001226;1;2000;0001;1000320;Motor 37 kW;Elektro;101;Příjem zboží na objednávku;S;1163,390;KS;281,93;327994,54;CZK;;Lapp Kabel s.r.o.;;SN6138;;;;SVOBODM;4010 Nákup
07.04.2026;07.04.2026;4900001461;1;2000;0001;1000364;Lak polyuretanový RAL 7035;Nátěry a chemie;101;Příjem zboží na objednávku;S;1995,690;L;309,04;616748,04;CZK;;Elektro Cabel CZ;;SN9605;;;;SVOBODM;4010 Nákup
07.04.2026;07.04.2026;4900001526;1;2000;0001;1000376;Kabel CYKY 40x24;Elektro;101;Příjem zboží na objednávku;S;456,690;KS;338,22;154461,69;CZK;;Trelleborg Bohemia;;SN5923;;;;CERNAT;4010 Nákup
07.04.2026;07.04.2026;4900001630;1;1000;0001;1000394;Profil U 48;Ocel;101;Příjem zboží na objednávku;S;2167,190;KG;28,10;60898,04;CZK;;Metalšrot Tlumačov;;SN9901;;;;PROCHAZ;4010 Nákup
07.04.2026;07.04.2026;4900001740;1;2000;0003;5000147;Kryt převodovky F636;Hotový výrobek;131;Příjem z výroby;S;15,000;KS;16341,87;245128,05;CZK;VZ400040;;;SV3006;;;;NOVAKJ;5020 Výroba montáž
07.04.2026;07.04.2026;4900001762;1;2000;0001;1000271;Čidlo indukční 75 mm;Elektro;261;Výdej do výrobní zakázky;H;-154,190;KS;119,80;-18471,96;CZK;VZ400051;;;;;;;HORAKT;5020 Výroba montáž
07.04.2026;07.04.2026;4900001762;2;2000;0001;1000382;Deska PE 55 mm;Plasty;261;Výdej do výrobní zakázky;H;-103,870;KG;70,90;-7364,38;CZK;VZ400051;;;;;;;PROCHAZ;5020 Výroba montáž
07.04.2026;07.04.2026;4900001762;3;2000;0001;1000166;Motor 76 kW;Elektro;261;Výdej do výrobní zakázky;H;-188,870;KS;333,01;-62895,60;CZK;VZ400051;;;;;;;SVOBODM;5030 Výroba obrábění
07.04.2026;07.04.2026;4900001762;4;2000;0001;1000345;Tyč kruhová 110 mm;Ocel;261;Výdej do výrobní zakázky;H;-8,670;KG;36,23;-314,11;CZK;VZ400051;;;;;;;SVOBODM;5030 Výroba obrábění
07.04.2026;07.04.2026;4900001762;5;2000;0001;1000351;O-kroužek 30 mm;Těsnění a guma;261;Výdej do výrobní zakázky;H;-34,510;KS;59,66;-2058,87;CZK;VZ400051;;;;;;;PROCHAZ;5030 Výroba obrábění
07.04.2026;07.04.2026;4900001762;6;2000;0001;1000177;Plech ocelový 91 mm;Ocel;261;Výdej do výrobní zakázky;H;-13,600;KG;41,14;-559,50;CZK;VZ400051;;;;;;;HORAKT;5030 Výroba obrábění
07.04.2026;07.04.2026;4900001763;1;2000;0001;1000382;Deska PE 55 mm;Plasty;551;Výdej do šrotu;H;-7,880;KG;70,90;-558,69;CZK;VZ400051;;;;;;;PROCHAZ;5030 Výroba obrábění
07.04.2026;07.04.2026;4900001774;1;2000;0001;1000272;Šroub M28x22;Spojovací materiál;261;Výdej do výrobní zakázky;H;-33,760;KS;8,82;-297,76;CZK;VZ400056;;;;;;;DVORAKP;5020 Výroba montáž
07.04.2026;07.04.2026;4900001774;2;2000;0001;1000186;Deska PP 63 mm;Plasty;261;Výdej do výrobní zakázky;H;-36,000;KG;66,21;-2383,56;CZK;VZ400056;;;;;;;SVOBODM;5020 Výroba montáž
07.04.2026;07.04.2026;4900001774;3;2000;0001;1000192;Plech Al 70 mm;Hliník;261;Výdej do výrobní zakázky;H;-72,320;KG;121,62;-8795,56;CZK;VZ400056;;;;;;;NOVAKJ;5030 Výroba obrábění
07.04.2026;07.04.2026;4900001774;4;2000;0001;1000288;Těsnění ploché 57 mm;Těsnění a guma;261;Výdej do výrobní zakázky;H;-172,000;KS;50,59;-8701,48;CZK;VZ400056;;;;;;;DVORAKP;5030 Výroba obrábění
07.04.2026;07.04.2026;4900002004;1;2000;0003;5000124;Dopravník pásový A794;Hotový výrobek;131;Příjem z výroby;S;18,000;KS;1487,77;26779,86;CZK;VZ400190;;;SV2919;;;;CERNAT;5020 Výroba montáž
07.04.2026;07.04.2026;4900002022;1;1000;0003;5000140;Čerpadlo odstředivé E290;Hotový výrobek;131;Příjem z výroby;S;10,000;KS;4253,35;42533,50;CZK;VZ400202;;;SV7674;;;;HORAKT;5020 Výroba montáž
07.04.2026;07.04.2026;4900002382;1;1000;0003;5000133;Skříň rozvaděče D196;Hotový výrobek;601;Výdej při dodání zákazníkovi;H;-2,000;KS;20147,73;-40295,46;CZK;;;Witte Automotive;SV3377;61339,68;40295,46;13508,55;DVORAKP;6010 Expedice
07.04.2026;07.04.2026;4900002463;1;2000;0003;5000137;Kryt převodovky B734;Hotový výrobek;601;Výdej při dodání zákazníkovi;H;-1,000;KS;4419,44;-4419,44;CZK;;;Bosch Diesel s.r.o.;SV5291;6445,86;4419,44;1320,42;SVOBODM;6010 Expedice
08.04.2026;08.04.2026;4900000409;1;1000;0001;1000172;Deska PE 85 mm;Plasty;101;Příjem zboží na objednávku;S;1171,600;KG;44,67;52335,37;CZK;;Trelleborg Bohemia;;SN8636;;;;CERNAT;4010 Nákup
08.04.2026;08.04.2026;4900000624;1;1000;0001;1000210;Odmašťovač RAL 9005;Nátěry a chemie;101;Příjem zboží na objednávku;S;2001,880;L;166,86;334033,70;CZK;;Killich s.r.o.;;SN1639;;;;KUCERAL;4010 Nákup
08.04.2026;08.04.2026;4900000657;1;1000;0001;1000216;Podložka 26;Spojovací materiál;101;Příjem zboží na objednávku;S;869,940;KS;12,61;10969,94;CZK;;ArcelorMittal Distribution;;SN3311;;;;CERNAT;4010 Nákup
08.04.2026;08.04.2026;4900000769;1;2000;0001;1000237;Kolík 80x54;Spojovací materiál;101;Příjem zboží na objednávku;S;375,580;KS;4,33;1626,26;CZK;;Fabory CZ;;SN8025;;;;CERNAT;4010 Nákup
08.04.2026;08.04.2026;4900000770;1;2000;0001;1000237;Kolík 80x54;Spojovací materiál;101;Příjem zboží na objednávku;S;1159,230;KS;4,33;5019,47;CZK;;Resinex CZ s.r.o.;;SN4997;;;;PROCHAZ;4010 Nákup
08.04.2026;08.04.2026;4900000817;1;2000;0001;1000245;Ředidlo S51;Nátěry a chemie;101;Příjem zboží na objednávku;S;1016,430;L;96,37;97953,36;CZK;;Ferona a.s.;;SN9157;;;;NOVAKJ;4010 Nákup
08.04.2026;08.04.2026;4900000883;1;2000;0001;1000257;Kabel CYKY 73x66;Elektro;101;Příjem zboží na objednávku;S;237,860;KS;863,64;205425,41;CZK;;Fabory CZ;;SN4479;;;;KUCERAL;4010 Nákup
08.04.2026;08.04.2026;4900001073;1;1000;0001;1000293;Matice M3;Spojovací materiál;101;Příjem zboží na objednávku;S;895,590;KS;10,49;9394,74;CZK;;Elektro Cabel CZ;;SN8402;;;;KUCERAL;4010 Nákup
08.04.2026;08.04.2026;4900001115;1;2000;0001;1000300;Šroub M24x45;Spojovací materiál;101;Příjem zboží na objednávku;S;404,340;KS;2,77;1120,02;CZK;;Bibus s.r.o.;;SN3230;;;;SVOBODM;4010 Nákup
08.04.2026;08.04.2026;4900001155;1;2000;0001;1000307;Matice M93;Spojovací materiál;101;Příjem zboží na objednávku;S;554,780;KS;6,22;3450,73;CZK;;ThyssenKrupp Ferrostal;;SN2932;;;;VESELAM;4010 Nákup
08.04.2026;08.04.2026;4900001170;1;2000;0001;1000310;Jekl 41x41x61;Ocel;101;Příjem zboží na objednávku;S;634,110;KG;29,51;18712,59;CZK;;ArcelorMittal Distribution;;SN6455;;;;PROCHAZ;4010 Nákup
08.04.2026;08.04.2026;4900001441;1;2000;0001;1000361;Deska PP 28 mm;Plasty;101;Příjem zboží na objednávku;S;2118,580;KG;68,57;145271,03;CZK;;Siemens s.r.o.;;SN6927;;;;SVOBODM;4010 Nákup
08.04.2026;08.04.2026;4900001489;1;1000;0001;1000368;Deska PE 52 mm;Plasty;101;Příjem zboží na objednávku;S;1245,840;KG;65,30;81353,35;CZK;;Colorlak a.s.;;SN6325;;;;VESELAM;4010 Nákup
08.04.2026;08.04.2026;4900001573;1;2000;0001;1000384;Matice M24;Spojovací materiál;101;Příjem zboží na objednávku;S;871,660;KS;6,64;5787,82;CZK;;Ferona a.s.;;SN3996;;;;DVORAKP;4010 Nákup
08.04.2026;08.04.2026;4900001635;1;2000;0001;1000396;Granulát PA6 20;Plasty;101;Příjem zboží na objednávku;S;1343,100;KG;82,13;110308,80;CZK;;PPG Deco Czech;;SN7274;;;;HORAKT;4010 Nákup
08.04.2026;08.04.2026;4900001652;1;2000;0001;1000399;Lak polyuretanový RAL 5010;Nátěry a chemie;101;Příjem zboží na objednávku;S;1517,130;L;170,55;258746,52;CZK;;Lapp Kabel s.r.o.;;SN6673;;;;PROCHAZ;4010 Nákup
08.04.2026;08.04.2026;4900001732;1;2000;0001;1000250;Kabel CYKY 34x42;Elektro;261;Výdej do výrobní zakázky;H;-183,600;KS;795,46;-146046,46;CZK;VZ400037;;;;;;;VESELAM;5030 Výroba obrábění
08.04.2026;08.04.2026;4900001732;2;2000;0001;1000171;Plech Al 110 mm;Hliník;261;Výdej do výrobní zakázky;H;-70,800;KG;73,80;-5225,04;CZK;VZ400037;;;;;;;KUCERAL;5030 Výroba obrábění
08.04.2026;08.04.2026;4900001732;3;2000;0001;1000113;Těsnění ploché 115 mm;Těsnění a guma;261;Výdej do výrobní zakázky;H;-274,320;KS;13,01;-3568,90;CZK;VZ400037;;;;;;;NOVAKJ;5030 Výroba obrábění
08.04.2026;08.04.2026;4900001732;4;2000;0001;1000357;Ředidlo S101;Nátěry a chemie;261;Výdej do výrobní zakázky;H;-151,440;L;181,43;-27475,76;CZK;VZ400037;;;;;;;NOVAKJ;5020 Výroba montáž
08.04.2026;08.04.2026;4900001732;5;2000;0001;1000117;Motor 72 kW;Elektro;261;Výdej do výrobní zakázky;H;-161,520;KS;660,38;-106664,58;CZK;VZ400037;;;;;;;CERNAT;5030 Výroba obrábění
08.04.2026;08.04.2026;4900001732;6;2000;0001;1000336;Základní barva RAL 7035;Nátěry a chemie;261;Výdej do výrobní zakázky;H;-154,080;L;119,31;-18383,28;CZK;VZ400037;;;;;;;DVORAKP;5030 Výroba obrábění
08.04.2026;08.04.2026;4900001775;1;2000;0003;5000127;Kryt převodovky D532;Hotový výrobek;131;Příjem z výroby;S;16,000;KS;1451,50;23224,00;CZK;VZ400056;;;SV5715;;;;CERNAT;5020 Výroba montáž
08.04.2026;08.04.2026;4900001794;1;1000;0003;5000129;Ventilová jednotka F138;Hotový výrobek;131;Příjem z výroby;S;39,000;KS;5816,31;226836,09;CZK;VZ400065;;;SV8692;;;;CERNAT;5020 Výroba montáž
08.04.2026;08.04.2026;4900001962;1;1000;0003;5000144;Dopravník pásový C168;Hotový výrobek;131;Příjem z výroby;S;20,000;KS;1636,34;32726,80;CZK;VZ400164;;;SV2640;;;;VESELAM;5020 Výroba montáž
08.04.2026;08.04.2026;4900001963;1;1000;0001;1000172;Deska PE 85 mm;Plasty;261;Výdej do výrobní zakázky;H;-44,400;KG;44,67;-1983,35;CZK;VZ400165;;;;;;;CERNAT;5020 Výroba montáž
08.04.2026;08.04.2026;4900001963;2;1000;0001;1000109;Granulát PA6 108;Plasty;261;Výdej do výrobní zakázky;H;-101,040;KG;65,68;-6636,31;CZK;VZ400165;;;;;;;NOVAKJ;5020 Výroba montáž
08.04.2026;08.04.2026;4900001963;3;1000;0001;1000240;Profil U 62;Ocel;261;Výdej do výrobní zakázky;H;-157,680;KG;20,67;-3259,25;CZK;VZ400165;;;;;;;PROCHAZ;5020 Výroba montáž
08.04.2026;08.04.2026;4900001963;4;1000;0001;1000219;Jekl 28x28x58;Ocel;261;Výdej do výrobní zakázky;H;-20,880;KG;22,30;-465,62;CZK;VZ400165;;;;;;;PROCHAZ;5030 Výroba obrábění
08.04.2026;08.04.2026;4900001963;5;1000;0001;1000275;Jekl 98x98x65;Ocel;261;Výdej do výrobní zakázky;H;-161,760;KG;34,85;-5637,34;CZK;VZ400165;;;;;;;CERNAT;5020 Výroba montáž
08.04.2026;08.04.2026;4900001963;6;1000;0001;1000317;Plech ocelový 81 mm;Ocel;261;Výdej do výrobní zakázky;H;-74,400;KG;28,83;-2144,95;CZK;VZ400165;;;;;;;NOVAKJ;5020 Výroba montáž
08.04.2026;08.04.2026;4900001963;7;1000;0001;1000183;O-kroužek 107 mm;Těsnění a guma;261;Výdej do výrobní zakázky;H;-216,960;KS;51,09;-11084,49;CZK;VZ400165;;;;;;;KUCERAL;5030 Výroba obrábění
08.04.2026;08.04.2026;4900001963;8;1000;0001;1000389;Deska PE 67 mm;Plasty;261;Výdej do výrobní zakázky;H;-93,840;KG;59,43;-5576,91;CZK;VZ400165;;;;;;;VESELAM;5020 Výroba montáž
08.04.2026;08.04.2026;4900001963;9;1000;0001;1000396;Granulát PA6 20;Plasty;261;Výdej do výrobní zakázky;H;-43,920;KG;82,13;-3607,15;CZK;VZ400165;;;;;;;HORAKT;5030 Výroba obrábění
08.04.2026;08.04.2026;4900001981;1;1000;0001;1000155;Těsnění ploché 95 mm;Těsnění a guma;261;Výdej do výrobní zakázky;H;-28,200;KS;30,84;-869,69;CZK;VZ400177;;;;;;;CERNAT;5030 Výroba obrábění
08.04.2026;08.04.2026;4900001981;2;1000;0001;1000179;Granulát ABS 25;Plasty;261;Výdej do výrobní zakázky;H;-108,450;KG;54,80;-5943,06;CZK;VZ400177;;;;;;;KUCERAL;5030 Výroba obrábění
08.04.2026;08.04.2026;4900001981;3;1000;0001;1000250;Kabel CYKY 34x42;Elektro;261;Výdej do výrobní zakázky;H;-124,950;KS;795,46;-99392,73;CZK;VZ400177;;;;;;;NOVAKJ;5020 Výroba montáž
08.04.2026;08.04.2026;4900001981;4;1000;0001;1000162;Manžeta 19x29;Těsnění a guma;261;Výdej do výrobní zakázky;H;-144,000;KS;19,44;-2799,36;CZK;VZ400177;;;;;;;KUCERAL;5020 Výroba montáž
08.04.2026;08.04.2026;4900001981;5;1000;0001;1000369;Kabel CYKY 69x15;Elektro;261;Výdej do výrobní zakázky;H;-94,500;KS;47,42;-4481,19;CZK;VZ400177;;;;;;;SVOBODM;5020 Výroba montáž
08.04.2026;08.04.2026;4900001981;6;1000;0001;1000260;Těsnění ploché 87 mm;Těsnění a guma;261;Výdej do výrobní zakázky;H;-102,450;KS;22,51;-2306,15;CZK;VZ400177;;;;;;;DVORAKP;5020 Výroba montáž
08.04.2026;08.04.2026;4900001981;7;1000;0001;1000382;Deska PE 55 mm;Plasty;261;Výdej do výrobní zakázky;H;-19,950;KG;70,90;-1414,46;CZK;VZ400177;;;;;;;PROCHAZ;5030 Výroba obrábění
08.04.2026;08.04.2026;4900001986;1;1000;0003;5000101;Převodovka šneková B301;Hotový výrobek;131;Příjem z výroby;S;14,000;KS;9813,50;137389,00;CZK;VZ400179;;;SV6935;;;;KUCERAL;5020 Výroba montáž
08.04.2026;08.04.2026;4900002038;1;1000;0003;5000142;Rám podvozkový A874;Hotový výrobek;131;Příjem z výroby;S;30,000;KS;7208,74;216262,20;CZK;VZ400212;;;SV1747;;;;SVOBODM;5020 Výroba montáž
08.04.2026;08.04.2026;4900002071;1;2000;0003;5000109;Ventilová jednotka D945;Hotový výrobek;131;Příjem z výroby;S;13,000;KS;15315,80;199105,40;CZK;VZ400238;;;SV3303;;;;VESELAM;5020 Výroba montáž
08.04.2026;08.04.2026;4900002220;1;2000;0003;5000134;Dopravník pásový E794;Hotový výrobek;601;Výdej při dodání zákazníkovi;H;-4,000;KS;1976,93;-7907,72;CZK;;;Koyo Bearings ČR;SV2040;10995,50;7907,72;2416,55;NOVAKJ;6010 Expedice
08.04.2026;08.04.2026;4900002259;1;1000;0003;5000111;Převodovka šneková F683;Hotový výrobek;601;Výdej při dodání zákazníkovi;H;-6,000;KS;6903,87;-41423,22;CZK;;;Agrostroj Pelhřimov a.s.;SV6138;59025,84;41423,22;10691,30;SVOBODM;6010 Expedice
08.04.2026;08.04.2026;4900002271;1;2000;0003;5000138;Konzole montážní C661;Hotový výrobek;601;Výdej při dodání zákazníkovi;H;-6,000;KS;11642,23;-69853,38;CZK;;;Bonatrans Group a.s.;SV6721;100320,51;69853,38;19390,40;SVOBODM;6010 Expedice
08.04.2026;08.04.2026;4900002300;1;2000;0003;5000119;Ventilová jednotka B766;Hotový výrobek;601;Výdej při dodání zákazníkovi;H;-14,000;KS;5908,29;-82716,06;CZK;;;Witte Automotive;SV5191;121235,41;82716,06;21771,35;SVOBODM;6010 Expedice
08.04.2026;08.04.2026;4900002308;1;2000;0003;5000138;Konzole montážní C661;Hotový výrobek;601;Výdej při dodání zákazníkovi;H;-5,000;KS;11642,23;-58211,15;CZK;;;Mubea CZ s.r.o.;SV9972;85049,64;58211,15;15187,55;KUCERAL;6010 Expedice
08.04.2026;08.04.2026;4900002366;1;1000;0003;5000110;Čerpadlo odstředivé E673;Hotový výrobek;601;Výdej při dodání zákazníkovi;H;-13,000;KS;1588,38;-20648,94;CZK;;;Linet spol. s r.o.;SV8446;33815,92;20648,94;6637,27;NOVAKJ;6010 Expedice
08.04.2026;08.04.2026;4900002435;1;2000;0003;5000131;Převodovka šneková B156;Hotový výrobek;601;Výdej při dodání zákazníkovi;H;-3,000;KS;10607,58;-31822,74;CZK;;;Tatra Trucks a.s.;SV4453;50556,98;31822,74;9322,92;NOVAKJ;6010 Expedice
08.04.2026;08.04.2026;4900002464;1;2000;0003;5000137;Kryt převodovky B734;Hotový výrobek;601;Výdej při dodání zákazníkovi;H;-4,000;KS;4419,44;-17677,76;CZK;;;Agrostroj Pelhřimov a.s.;SV7002;26576,64;17677,76;5040,73;SVOBODM;6010 Expedice
08.04.2026;08.04.2026;4900002536;1;1000;0003;5000112;Rám podvozkový A238;Hotový výrobek;601;Výdej při dodání zákazníkovi;H;-22,000;KS;1349,43;-29687,46;CZK;;;Strojírny Prostějov a.s.;SV8959;45490,11;29687,46;9567,52;PROCHAZ;6010 Expedice
09.04.2026;09.04.2026;4900000257;1;2000;0001;1000146;Kolík 36x56;Spojovací materiál;101;Příjem zboží na objednávku;S;543,510;KS;5,86;3184,97;CZK;;Haberkorn s.r.o.;;SN5981;;;;DVORAKP;4010 Nákup
09.04.2026;09.04.2026;4900000266;1;2000;0001;1000147;Lak polyuretanový RAL 9005;Nátěry a chemie;101;Příjem zboží na objednávku;S;1748,770;L;140,57;245824,60;CZK;;Siemens s.r.o.;;SN2722;;;;PROCHAZ;4010 Nákup
09.04.2026;09.04.2026;4900000609;1;1000;0001;1000207;Granulát PA6 54;Plasty;101;Příjem zboží na objednávku;S;1494,840;KG;68,70;102695,51;CZK;;Bibus s.r.o.;;SN7619;;;;HORAKT;4010 Nákup
09.04.2026;09.04.2026;4900000732;1;1000;0001;1000230;Kolík 14x73;Spojovací materiál;101;Příjem zboží na objednávku;S;662,340;KS;9,78;6477,69;CZK;;Schneider Electric CZ;;SN3931;;;;PROCHAZ;4010 Nákup
09.04.2026;09.04.2026;4900000942;1;2000;0001;1000269;Trubka Al 78 mm;Hliník;101;Příjem zboží na objednávku;S;1360,910;KG;81,40;110778,07;CZK;;Bossard CZ s.r.o.;;SN6173;;;;DVORAKP;4010 Nákup
09.04.2026;09.04.2026;4900001191;1;1000;0001;1000314;Šroub M107x51;Spojovací materiál;101;Příjem zboží na objednávku;S;242,830;KS;7,91;1920,79;CZK;;Bibus s.r.o.;;SN4299;;;;CERNAT;4010 Nákup
09.04.2026;09.04.2026;4900001220;1;2000;0001;1000318;Plech Al 86 mm;Hliník;101;Příjem zboží na objednávku;S;174,630;KG;63,81;11143,14;CZK;;Trelleborg Bohemia;;SN2041;;;;CERNAT;4010 Nákup
09.04.2026;09.04.2026;4900001328;1;1000;0001;1000339;Profil Al 7x33;Hliník;101;Příjem zboží na objednávku;S;1349,700;KG;91,34;123281,60;CZK;;Bibus s.r.o.;;SN1136;;;;CERNAT;4010 Nákup
09.04.2026;09.04.2026;4900001471;1;1000;0001;1000365;O-kroužek 119 mm;Těsnění a guma;101;Příjem zboží na objednávku;S;911,860;KS;65,35;59590,05;CZK;;Schneider Electric CZ;;SN2822;;;;SVOBODM;4010 Nákup
09.04.2026;09.04.2026;4900001481;1;1000;0001;1000367;Trubka Al 13 mm;Hliník;101;Příjem zboží na objednávku;S;1172,320;KG;97,83;114688,07;CZK;;Colorlak a.s.;;SN2885;;;;DVORAKP;4010 Nákup
09.04.2026;09.04.2026;4900001636;1;2000;0001;1000396;Granulát PA6 20;Plasty;101;Příjem zboží na objednávku;S;576,800;KG;82,13;47372,58;CZK;;ESSA Czech;;SN5117;;;;NOVAKJ;4010 Nákup
09.04.2026;09.04.2026;4900001805;1;2000;0003;5000124;Dopravník pásový A794;Hotový výrobek;131;Příjem z výroby;S;15,000;KS;1487,77;22316,55;CZK;VZ400070;;;SV6288;;;;SVOBODM;5020 Výroba montáž
09.04.2026;09.04.2026;4900002230;1;1000;0003;5000148;Konzole montážní A793;Hotový výrobek;601;Výdej při dodání zákazníkovi;H;-24,000;KS;7570,47;-181691,28;CZK;;;Juta a.s.;SV6879;271676,54;181691,28;59617,53;HORAKT;6010 Expedice
09.04.2026;09.04.2026;4900002304;1;2000;0003;5000128;Konzole montážní E878;Hotový výrobek;601;Výdej při dodání zákazníkovi;H;-13,000;KS;2954,77;-38412,01;CZK;;;Hanon Systems Autopal;SV8365;62360,83;38412,01;12191,26;VESELAM;6010 Expedice
09.04.2026;09.04.2026;4900002505;1;1000;0003;5000140;Čerpadlo odstředivé E290;Hotový výrobek;601;Výdej při dodání zákazníkovi;H;-5,000;KS;4253,35;-21266,75;CZK;;;Bonatrans Group a.s.;SV6368;32280,36;21266,75;6704,83;SVOBODM;6010 Expedice
10.04.2026;10.04.2026;4900000033;1;1000;0001;1000106;Tlumič gumový 44;Těsnění a guma;101;Příjem zboží na objednávku;S;346,360;KS;67,12;23247,68;CZK;;Colorlak a.s.;;SN4498;;;;VESELAM;4010 Nákup
10.04.2026;10.04.2026;4900000039;1;1000;0001;1000107;Profil U 83;Ocel;101;Příjem zboží na objednávku;S;398,750;KG;31,14;12417,08;CZK;;Killich s.r.o.;;SN3567;;;;KUCERAL;4010 Nákup
10.04.2026;10.04.2026;4900000341;1;1000;0001;1000160;Podložka 6;Spojovací materiál;101;Příjem zboží na objednávku;S;637,860;KS;7,02;4477,78;CZK;;Siemens s.r.o.;;SN7315;;;;SVOBODM;4010 Nákup
10.04.2026;10.04.2026;4900000347;1;1000;0001;1000162;Manžeta 19x29;Těsnění a guma;101;Příjem zboží na objednávku;S;1109,260;KS;19,44;21564,01;CZK;;Bossard CZ s.r.o.;;SN7957;;;;SVOBODM;4010 Nákup
10.04.2026;10.04.2026;4900000511;1;2000;0001;1000190;Manžeta 92x78;Těsnění a guma;101;Příjem zboží na objednávku;S;1020,300;KS;8,95;9131,68;CZK;;PPG Deco Czech;;SN4469;;;;DVORAKP;4010 Nákup
10.04.2026;10.04.2026;4900000568;1;1000;0001;1000200;Deska PE 42 mm;Plasty;101;Příjem zboží na objednávku;S;213,720;KG;93,92;20072,58;CZK;;Hennlich s.r.o.;;SN7369;;;;KUCERAL;4010 Nákup
10.04.2026;10.04.2026;4900000693;1;1000;0001;1000223;Šroub M2x48;Spojovací materiál;101;Příjem zboží na objednávku;S;1159,660;KS;10,18;11805,34;CZK;;ThyssenKrupp Ferrostal;;SN6679;;;;CERNAT;4010 Nákup
10.04.2026;10.04.2026;4900000874;1;2000;0001;1000255;Trubka Al 111 mm;Hliník;101;Příjem zboží na objednávku;S;1056,420;KG;114,47;120928,40;CZK;;Siemens s.r.o.;;SN1094;;;;HORAKT;4010 Nákup
10.04.2026;10.04.2026;4900000905;1;1000;0001;1000261;Profil U 10;Ocel;101;Příjem zboží na objednávku;S;578,860;KG;40,00;23154,40;CZK;;ThyssenKrupp Ferrostal;;SN7417;;;;CERNAT;4010 Nákup
10.04.2026;10.04.2026;4900000966;1;1000;0001;1000273;Lak polyuretanový RAL 3020;Nátěry a chemie;101;Příjem zboží na objednávku;S;1828,530;L;292,88;535539,87;CZK;;Rubena a.s.;;SN1539;;;;NOVAKJ;4010 Nákup
10.04.2026;10.04.2026;4900001192;1;1000;0001;1000314;Šroub M107x51;Spojovací materiál;101;Příjem zboží na objednávku;S;1020,110;KS;7,91;8069,07;CZK;;Bibus s.r.o.;;SN1062;;;;SVOBODM;4010 Nákup
10.04.2026;10.04.2026;4900001224;1;1000;0001;1000319;Granulát PA6 44;Plasty;101;Příjem zboží na objednávku;S;1666,520;KG;71,64;119389,49;CZK;;Elektro Cabel CZ;;SN2178;;;;HORAKT;4010 Nákup
10.04.2026;10.04.2026;4900001449;1;2000;0001;1000362;Frekvenční měnič 17 kW;Elektro;101;Příjem zboží na objednávku;S;1082,460;KS;512,26;554500,96;CZK;;Trelleborg Bohemia;;SN7538;;;;PROCHAZ;4010 Nákup
10.04.2026;10.04.2026;4900001537;1;1000;0001;1000377;Kolík 82x4;Spojovací materiál;101;Příjem zboží na objednávku;S;740,590;KS;4,28;3169,73;CZK;;Wurth s.r.o.;;SN2406;;;;VESELAM;4010 Nákup
10.04.2026;10.04.2026;4900001559;1;2000;0001;1000381;Trubka Al 117 mm;Hliník;101;Příjem zboží na objednávku;S;325,060;KG;64,58;20992,37;CZK;;ArcelorMittal Distribution;;SN3804;;;;DVORAKP;4010 Nákup
10.04.2026;10.04.2026;4900001660;1;1000;0001;1000380;Profil U 111;Ocel;261;Výdej do výrobní zakázky;H;-89,440;KG;24,59;-2199,33;CZK;VZ400002;;;;;;;KUCERAL;5020 Výroba montáž
10.04.2026;10.04.2026;4900001660;2;1000;0001;1000215;Motor 73 kW;Elektro;261;Výdej do výrobní zakázky;H;-321,210;KS;175,44;-56353,08;CZK;VZ400002;;;;;;;VESELAM;5030 Výroba obrábění
10.04.2026;10.04.2026;4900001660;3;1000;0001;1000325;Trubka Al 2 mm;Hliník;261;Výdej do výrobní zakázky;H;-36,120;KG;72,94;-2634,59;CZK;VZ400002;;;;;;;HORAKT;5020 Výroba montáž
10.04.2026;10.04.2026;4900001660;4;1000;0001;1000280;Lak polyuretanový RAL 5010;Nátěry a chemie;261;Výdej do výrobní zakázky;H;-221,880;L;269,15;-59719,00;CZK;VZ400002;;;;;;;VESELAM;5020 Výroba montáž
10.04.2026;10.04.2026;4900001660;5;1000;0001;1000165;Deska PE 38 mm;Plasty;261;Výdej do výrobní zakázky;H;-42,140;KG;43,33;-1825,93;CZK;VZ400002;;;;;;;HORAKT;5030 Výroba obrábění
10.04.2026;10.04.2026;4900001660;6;1000;0001;1000224;Lak polyuretanový RAL 6011;Nátěry a chemie;261;Výdej do výrobní zakázky;H;-113,520;L;165,51;-18788,70;CZK;VZ400002;;;;;;;VESELAM;5020 Výroba montáž
10.04.2026;10.04.2026;4900001733;1;2000;0003;5000109;Ventilová jednotka D945;Hotový výrobek;131;Příjem z výroby;S;24,000;KS;15315,80;367579,20;CZK;VZ400037;;;SV4099;;;;KUCERAL;5020 Výroba montáž
10.04.2026;10.04.2026;4900001764;1;2000;0003;5000117;Kryt převodovky F393;Hotový výrobek;131;Příjem z výroby;S;17,000;KS;6197,29;105353,93;CZK;VZ400051;;;SV6645;;;;HORAKT;5020 Výroba montáž
10.04.2026;10.04.2026;4900001874;1;2000;0001;1000201;Motor 5 kW;Elektro;261;Výdej do výrobní zakázky;H;-262,080;KS;658,47;-172571,82;CZK;VZ400109;;;;;;;HORAKT;5030 Výroba obrábění
10.04.2026;10.04.2026;4900001874;2;2000;0001;1000227;Profil Al 118x69;Hliník;261;Výdej do výrobní zakázky;H;-249,600;KG;60,93;-15208,13;CZK;VZ400109;;;;;;;SVOBODM;5020 Výroba montáž
10.04.2026;10.04.2026;4900001874;3;2000;0001;1000327;Stykač 56 A;Elektro;261;Výdej do výrobní zakázky;H;-228,160;KS;238,71;-54464,07;CZK;VZ400109;;;;;;;VESELAM;5030 Výroba obrábění
10.04.2026;10.04.2026;4900001874;4;2000;0001;1000339;Profil Al 7x33;Hliník;261;Výdej do výrobní zakázky;H;-130,880;KG;91,34;-11954,58;CZK;VZ400109;;;;;;;DVORAKP;5020 Výroba montáž
10.04.2026;10.04.2026;4900001935;1;1000;0001;1000375;Deska PE 101 mm;Plasty;261;Výdej do výrobní zakázky;H;-7,420;KG;63,57;-471,69;CZK;VZ400148;;;;;;;CERNAT;5020 Výroba montáž
10.04.2026;10.04.2026;4900001935;2;1000;0001;1000333;Deska PE 40 mm;Plasty;261;Výdej do výrobní zakázky;H;-36,680;KG;43,58;-1598,51;CZK;VZ400148;;;;;;;VESELAM;5020 Výroba montáž
10.04.2026;10.04.2026;4900001935;3;1000;0001;1000259;Základní barva RAL 3020;Nátěry a chemie;261;Výdej do výrobní zakázky;H;-15,260;L;236,85;-3614,33;CZK;VZ400148;;;;;;;VESELAM;5020 Výroba montáž
10.04.2026;10.04.2026;4900001935;4;1000;0001;1000193;Deska PE 67 mm;Plasty;261;Výdej do výrobní zakázky;H;-27,580;KG;87,82;-2422,08;CZK;VZ400148;;;;;;;CERNAT;5020 Výroba montáž
10.04.2026;10.04.2026;4900001935;5;1000;0001;1000234;Plech Al 44 mm;Hliník;261;Výdej do výrobní zakázky;H;-45,920;KG;95,56;-4388,12;CZK;VZ400148;;;;;;;PROCHAZ;5020 Výroba montáž
10.04.2026;10.04.2026;4900001935;6;1000;0001;1000223;Šroub M2x48;Spojovací materiál;261;Výdej do výrobní zakázky;H;-92,540;KS;10,18;-942,06;CZK;VZ400148;;;;;;;KUCERAL;5030 Výroba obrábění
10.04.2026;10.04.2026;4900001935;7;1000;0001;1000383;Motor 69 kW;Elektro;261;Výdej do výrobní zakázky;H;-31,080;KS;150,72;-4684,38;CZK;VZ400148;;;;;;;NOVAKJ;5020 Výroba montáž
10.04.2026;10.04.2026;4900001935;8;1000;0001;1000396;Granulát PA6 20;Plasty;261;Výdej do výrobní zakázky;H;-75,740;KG;82,13;-6220,53;CZK;VZ400148;;;;;;;KUCERAL;5020 Výroba montáž
10.04.2026;10.04.2026;4900001964;1;1000;0003;5000115;Hydraulický agregát D743;Hotový výrobek;131;Příjem z výroby;S;24,000;KS;2017,76;48426,24;CZK;VZ400165;;;SV7422;;;;SVOBODM;5020 Výroba montáž
10.04.2026;10.04.2026;4900001982;1;1000;0003;5000101;Převodovka šneková B301;Hotový výrobek;131;Příjem z výroby;S;15,000;KS;9813,50;147202,50;CZK;VZ400177;;;SV5839;;;;DVORAKP;5020 Výroba montáž
10.04.2026;10.04.2026;4900001987;1;1000;0001;1000367;Trubka Al 13 mm;Hliník;261;Výdej do výrobní zakázky;H;-79,170;KG;97,83;-7745,20;CZK;VZ400181;;;;;;;DVORAKP;5020 Výroba montáž
10.04.2026;10.04.2026;4900001987;2;1000;0001;1000184;Profil U 96;Ocel;261;Výdej do výrobní zakázky;H;-105,630;KG;20,09;-2122,11;CZK;VZ400181;;;;;;;SVOBODM;5030 Výroba obrábění
10.04.2026;10.04.2026;4900001987;3;1000;0001;1000389;Deska PE 67 mm;Plasty;261;Výdej do výrobní zakázky;H;-14,070;KG;59,43;-836,18;CZK;VZ400181;;;;;;;NOVAKJ;5030 Výroba obrábění
10.04.2026;10.04.2026;4900001987;4;1000;0001;1000285;Čidlo indukční 55 mm;Elektro;261;Výdej do výrobní zakázky;H;-36,120;KS;424,53;-15334,02;CZK;VZ400181;;;;;;;DVORAKP;5030 Výroba obrábění
10.04.2026;10.04.2026;4900001987;5;1000;0001;1000202;Kolík 46x32;Spojovací materiál;261;Výdej do výrobní zakázky;H;-235,410;KS;2,81;-661,50;CZK;VZ400181;;;;;;;DVORAKP;5030 Výroba obrábění
10.04.2026;10.04.2026;4900002099;1;1000;0001;1000239;Těsnění ploché 68 mm;Těsnění a guma;261;Výdej do výrobní zakázky;H;-29,120;KS;32,26;-939,41;CZK;VZ400263;;;;;;;CERNAT;5020 Výroba montáž
10.04.2026;10.04.2026;4900002099;2;1000;0001;1000321;Podložka 22;Spojovací materiál;261;Výdej do výrobní zakázky;H;-16,800;KS;13,53;-227,30;CZK;VZ400263;;;;;;;HORAKT;5020 Výroba montáž
10.04.2026;10.04.2026;4900002099;3;1000;0001;1000172;Deska PE 85 mm;Plasty;261;Výdej do výrobní zakázky;H;-14,920;KG;44,67;-666,48;CZK;VZ400263;;;;;;;SVOBODM;5030 Výroba obrábění
10.04.2026;10.04.2026;4900002099;4;1000;0001;1000386;Těsnění ploché 105 mm;Těsnění a guma;261;Výdej do výrobní zakázky;H;-41,080;KS;52,47;-2155,47;CZK;VZ400263;;;;;;;SVOBODM;5030 Výroba obrábění
10.04.2026;10.04.2026;4900002099;5;1000;0001;1000281;Manžeta 90x49;Těsnění a guma;261;Výdej do výrobní zakázky;H;-37,760;KS;32,59;-1230,60;CZK;VZ400263;;;;;;;CERNAT;5030 Výroba obrábění
10.04.2026;10.04.2026;4900002099;6;1000;0001;1000262;Plech Al 68 mm;Hliník;261;Výdej do výrobní zakázky;H;-25,080;KG;60,20;-1509,82;CZK;VZ400263;;;;;;;KUCERAL;5030 Výroba obrábění
10.04.2026;10.04.2026;4900002099;7;1000;0001;1000215;Motor 73 kW;Elektro;261;Výdej do výrobní zakázky;H;-24,240;KS;175,44;-4252,67;CZK;VZ400263;;;;;;;VESELAM;5020 Výroba montáž
10.04.2026;10.04.2026;4900002099;8;1000;0001;1000157;Trubka Al 95 mm;Hliník;261;Výdej do výrobní zakázky;H;-26,760;KG;85,98;-2300,82;CZK;VZ400263;;;;;;;VESELAM;5020 Výroba montáž
10.04.2026;10.04.2026;4900002099;9;1000;0001;1000114;Jekl 107x107x78;Ocel;261;Výdej do výrobní zakázky;H;-11,200;KG;20,98;-234,98;CZK;VZ400263;;;;;;;HORAKT;5030 Výroba obrábění
10.04.2026;10.04.2026;4900002148;1;1000;0003;5000129;Ventilová jednotka F138;Hotový výrobek;601;Výdej při dodání zákazníkovi;H;-3,000;KS;5816,31;-17448,93;CZK;;;Zetor Tractors a.s.;SV5443;24327,91;17448,93;4347,24;KUCERAL;6010 Expedice
10.04.2026;10.04.2026;4900002272;1;2000;0003;5000138;Konzole montážní C661;Hotový výrobek;601;Výdej při dodání zákazníkovi;H;-9,000;KS;11642,23;-104780,07;CZK;;;Brose CZ spol. s r.o.;SV1907;152852,57;104780,07;32272,48;CERNAT;6010 Expedice
10.04.2026;10.04.2026;4900002295;1;2000;0003;5000124;Dopravník pásový A794;Hotový výrobek;601;Výdej při dodání zákazníkovi;H;-8,000;KS;1487,77;-11902,16;CZK;;;Koyo Bearings ČR;SV4113;17709,50;11902,16;3520,11;SVOBODM;6010 Expedice
13.04.2026;13.04.2026;4900000045;1;1000;0001;1000108;Plech Al 76 mm;Hliník;101;Příjem zboží na objednávku;S;484,860;KG;68,38;33154,73;CZK;;Killich s.r.o.;;SN7643;;;;SVOBODM;4010 Nákup
13.04.2026;13.04.2026;4900000235;1;2000;0001;1000142;Plech ocelový 112 mm;Ocel;101;Příjem zboží na objednávku;S;2091,270;KG;37,69;78819,97;CZK;;Elektro Cabel CZ;;SN7946;;;;DVORAKP;4010 Nákup
13.04.2026;13.04.2026;4900000242;1;2000;0001;1000143;Plech Al 68 mm;Hliník;101;Příjem zboží na objednávku;S;785,510;KG;76,77;60303,60;CZK;;Lapp Kabel s.r.o.;;SN7155;;;;VESELAM;4010 Nákup
13.04.2026;13.04.2026;4900000463;1;1000;0001;1000181;Matice M81;Spojovací materiál;101;Příjem zboží na objednávku;S;910,460;KS;15,28;13911,83;CZK;;PPG Deco Czech;;SN2633;;;;PROCHAZ;4010 Nákup
13.04.2026;13.04.2026;4900000692;1;1000;0001;1000223;Šroub M2x48;Spojovací materiál;101;Příjem zboží na objednávku;S;917,430;KS;10,18;9339,44;CZK;;Lapp Kabel s.r.o.;;SN4046;;;;VESELAM;4010 Nákup
13.04.2026;13.04.2026;4900000767;1;2000;0001;1000236;Stykač 75 A;Elektro;101;Příjem zboží na objednávku;S;450,890;KS;482,61;217604,02;CZK;;Alumat s.r.o.;;SN1378;;;;KUCERAL;4010 Nákup
13.04.2026;13.04.2026;4900001127;1;2000;0001;1000302;Tlumič gumový 20;Těsnění a guma;101;Příjem zboží na objednávku;S;413,900;KS;4,51;1866,69;CZK;;Fabory CZ;;SN1163;;;;VESELAM;4010 Nákup
13.04.2026;13.04.2026;4900001266;1;1000;0001;1000327;Stykač 56 A;Elektro;101;Příjem zboží na objednávku;S;397,670;KS;238,71;94927,81;CZK;;Schneider Electric CZ;;SN3904;;;;HORAKT;4010 Nákup
13.04.2026;13.04.2026;4900001447;1;2000;0001;1000361;Deska PP 28 mm;Plasty;101;Příjem zboží na objednávku;S;954,820;KG;68,57;65472,01;CZK;;Alumat s.r.o.;;SN4903;;;;DVORAKP;4010 Nákup
13.04.2026;13.04.2026;4900001882;1;1000;0001;1000385;Odmašťovač RAL 6011;Nátěry a chemie;261;Výdej do výrobní zakázky;H;-16,200;L;320,08;-5185,30;CZK;VZ400113;;;;;;;NOVAKJ;5030 Výroba obrábění
13.04.2026;13.04.2026;4900001882;2;1000;0001;1000363;Kolík 119x35;Spojovací materiál;261;Výdej do výrobní zakázky;H;-41,950;KS;5,72;-239,95;CZK;VZ400113;;;;;;;PROCHAZ;5030 Výroba obrábění
13.04.2026;13.04.2026;4900001882;3;1000;0001;1000261;Profil U 10;Ocel;261;Výdej do výrobní zakázky;H;-27,750;KG;33,90;-940,72;CZK;VZ400113;;;;;;;PROCHAZ;5020 Výroba montáž
13.04.2026;13.04.2026;4900001882;4;1000;0001;1000381;Trubka Al 117 mm;Hliník;261;Výdej do výrobní zakázky;H;-36,800;KG;64,58;-2376,54;CZK;VZ400113;;;;;;;SVOBODM;5020 Výroba montáž
13.04.2026;13.04.2026;4900001882;5;1000;0001;1000104;Nýt 57x11;Spojovací materiál;261;Výdej do výrobní zakázky;H;-41,150;KS;5,48;-225,50;CZK;VZ400113;;;;;;;SVOBODM;5020 Výroba montáž
13.04.2026;13.04.2026;4900001882;6;1000;0001;1000330;O-kroužek 39 mm;Těsnění a guma;261;Výdej do výrobní zakázky;H;-39,200;KS;18,43;-722,46;CZK;VZ400113;;;;;;;SVOBODM;5030 Výroba obrábění
13.04.2026;13.04.2026;4900001882;7;1000;0001;1000253;Těsnění ploché 56 mm;Těsnění a guma;261;Výdej do výrobní zakázky;H;-31,050;KS;7,50;-232,88;CZK;VZ400113;;;;;;;PROCHAZ;5020 Výroba montáž
13.04.2026;13.04.2026;4900002213;1;1000;0003;5000107;Kryt převodovky B587;Hotový výrobek;601;Výdej při dodání zákazníkovi;H;-13,000;KS;2113,83;-27479,79;CZK;;;Bonatrans Group a.s.;SV8112;29084,85;27479,79;5256,46;DVORAKP;6010 Expedice
13.04.2026;13.04.2026;4900002338;1;1000;0003;5000104;Dopravník pásový E932;Hotový výrobek;601;Výdej při dodání zákazníkovi;H;-14,000;KS;2436,00;-34104,00;CZK;;;Bonatrans Group a.s.;SV3997;45914,36;34104,00;9548,14;CERNAT;6010 Expedice
13.04.2026;13.04.2026;4900002386;1;1000;0003;5000141;Převodovka šneková F508;Hotový výrobek;601;Výdej při dodání zákazníkovi;H;-17,000;KS;1789,06;-30414,02;CZK;;;Brose CZ spol. s r.o.;SV7100;34511,26;30414,02;7214,90;PROCHAZ;6010 Expedice
13.04.2026;13.04.2026;4900002387;1;1000;0003;5000141;Převodovka šneková F508;Hotový výrobek;601;Výdej při dodání zákazníkovi;H;-28,000;KS;1789,06;-50093,68;CZK;;;Škoda Auto a.s.;SV8066;53212,40;50093,68;11496,45;HORAKT;6010 Expedice
13.04.2026;13.04.2026;4900002482;1;2000;0003;5000124;Dopravník pásový A794;Hotový výrobek;601;Výdej při dodání zákazníkovi;H;-7,000;KS;1487,77;-10414,39;CZK;;;Škoda Auto a.s.;SV8191;15231,19;10414,39;2791,87;SVOBODM;6010 Expedice
14.04.2026;14.04.2026;4900000150;1;1000;0001;1000127;Tlumič gumový 51;Těsnění a guma;101;Příjem zboží na objednávku;S;564,250;KS;61,47;34684,45;CZK;;Wurth s.r.o.;;SN4742;;;;KUCERAL;4010 Nákup
14.04.2026;14.04.2026;4900000334;1;2000;0001;1000158;Deska PP 31 mm;Plasty;101;Příjem zboží na objednávku;S;1279,310;KG;75,68;96818,18;CZK;;Ferona a.s.;;SN9756;;;;VESELAM;4010 Nákup
14.04.2026;14.04.2026;4900000371;1;2000;0001;1000165;Deska PE 38 mm;Plasty;101;Příjem zboží na objednávku;S;470,060;KG;43,33;20367,70;CZK;;Trelleborg Bohemia;;SN8564;;;;DVORAKP;4010 Nákup
14.04.2026;14.04.2026;4900000405;1;1000;0001;1000171;Plech Al 110 mm;Hliník;101;Příjem zboží na objednávku;S;2143,920;KG;73,80;158221,30;CZK;;Wurth s.r.o.;;SN9087;;;;PROCHAZ;4010 Nákup
14.04.2026;14.04.2026;4900000426;1;1000;0001;1000174;Nýt 118x78;Spojovací materiál;101;Příjem zboží na objednávku;S;815,950;KS;11,72;9562,93;CZK;;Elektro Cabel CZ;;SN7515;;;;HORAKT;4010 Nákup
14.04.2026;14.04.2026;4900000496;1;1000;0001;1000187;Stykač 3 A;Elektro;101;Příjem zboží na objednávku;S;637,200;KS;249,99;159293,63;CZK;;Bossard CZ s.r.o.;;SN1483;;;;CERNAT;4010 Nákup
14.04.2026;14.04.2026;4900000540;1;2000;0001;1000195;Kolík 20x27;Spojovací materiál;101;Příjem zboží na objednávku;S;763,250;KS;15,97;12189,10;CZK;;Metalšrot Tlumačov;;SN1868;;;;KUCERAL;4010 Nákup
14.04.2026;14.04.2026;4900000984;1;2000;0001;1000278;Frekvenční měnič 11 kW;Elektro;101;Příjem zboží na objednávku;S;596,270;KS;659,54;393263,92;CZK;;Colorlak a.s.;;SN5664;;;;DVORAKP;4010 Nákup
14.04.2026;14.04.2026;4900001108;1;1000;0001;1000298;Granulát PA6 97;Plasty;101;Příjem zboží na objednávku;S;263,910;KG;78,04;20595,54;CZK;;ABB s.r.o.;;SN9302;;;;DVORAKP;4010 Nákup
14.04.2026;14.04.2026;4900001380;1;2000;0001;1000348;Motor 108 kW;Elektro;101;Příjem zboží na objednávku;S;996,700;KS;739,67;737229,09;CZK;;Metalšrot Tlumačov;;SN8326;;;;NOVAKJ;4010 Nákup
14.04.2026;14.04.2026;4900001452;1;2000;0001;1000363;Kolík 119x35;Spojovací materiál;101;Příjem zboží na objednávku;S;964,810;KS;5,72;5518,71;CZK;;Bossard CZ s.r.o.;;SN5440;;;;NOVAKJ;4010 Nákup
14.04.2026;14.04.2026;4900002532;1;1000;0003;5000104;Dopravník pásový E932;Hotový výrobek;601;Výdej při dodání zákazníkovi;H;-8,000;KS;2436,00;-19488,00;CZK;;;Škoda Auto a.s.;SV4389;25836,97;19488,00;4710,39;VESELAM;6010 Expedice
15.04.2026;15.04.2026;4900000303;1;1000;0001;1000154;Ředidlo S38;Nátěry a chemie;101;Příjem zboží na objednávku;S;899,530;L;298,27;268302,81;CZK;;Metalšrot Tlumačov;;SN2062;;;;CERNAT;4010 Nákup
15.04.2026;15.04.2026;4900000407;1;1000;0001;1000171;Plech Al 110 mm;Hliník;101;Příjem zboží na objednávku;S;1316,670;KG;73,80;97170,25;CZK;;Fabory CZ;;SN6219;;;;DVORAKP;4010 Nákup
15.04.2026;15.04.2026;4900000711;1;1000;0001;1000227;Profil Al 118x69;Hliník;101;Příjem zboží na objednávku;S;1311,060;KG;60,93;79882,89;CZK;;Elektro Cabel CZ;;SN5281;;;;DVORAKP;4010 Nákup
15.04.2026;15.04.2026;4900000763;1;2000;0001;1000236;Stykač 75 A;Elektro;101;Příjem zboží na objednávku;S;1019,960;KS;482,61;492242,90;CZK;;Ferona a.s.;;SN6746;;;;CERNAT;4010 Nákup
15.04.2026;15.04.2026;4900001038;1;1000;0001;1000286;Kolík 71x53;Spojovací materiál;101;Příjem zboží na objednávku;S;497,830;KS;3,28;1632,88;CZK;;ABB s.r.o.;;SN6584;;;;DVORAKP;4010 Nákup
15.04.2026;15.04.2026;4900001052;1;2000;0001;1000290;Trubka Al 57 mm;Hliník;101;Příjem zboží na objednávku;S;160,130;KG;92,57;14823,23;CZK;;Alumat s.r.o.;;SN9803;;;;CERNAT;4010 Nákup
15.04.2026;15.04.2026;4900001446;1;2000;0001;1000361;Deska PP 28 mm;Plasty;101;Příjem zboží na objednávku;S;427,280;KG;68,57;29298,59;CZK;;ArcelorMittal Distribution;;SN9830;;;;DVORAKP;4010 Nákup
15.04.2026;15.04.2026;4900001590;1;1000;0001;1000387;Trubka ocelová 55x68;Ocel;101;Příjem zboží na objednávku;S;190,980;KG;34,61;6609,82;CZK;;Bossard CZ s.r.o.;;SN3612;;;;SVOBODM;4010 Nákup
15.04.2026;15.04.2026;4900001594;1;1000;0001;1000387;Trubka ocelová 55x68;Ocel;101;Příjem zboží na objednávku;S;1873,230;KG;34,61;64832,49;CZK;;Wurth s.r.o.;;SN8247;;;;CERNAT;4010 Nákup
15.04.2026;15.04.2026;4900002138;1;1000;0001;1000173;Čidlo indukční 108 mm;Elektro;261;Výdej do výrobní zakázky;H;-22,880;KS;435,84;-9972,02;CZK;VZ400294;;;;;;;PROCHAZ;5030 Výroba obrábění
15.04.2026;15.04.2026;4900002138;2;1000;0001;1000395;Profil Al 33x47;Hliník;261;Výdej do výrobní zakázky;H;-80,860;KG;128,86;-10419,62;CZK;VZ400294;;;;;;;NOVAKJ;5030 Výroba obrábění
15.04.2026;15.04.2026;4900002138;3;1000;0001;1000191;Trubka ocelová 94x42;Ocel;261;Výdej do výrobní zakázky;H;-39,260;KG;27,06;-1062,38;CZK;VZ400294;;;;;;;DVORAKP;5030 Výroba obrábění
15.04.2026;15.04.2026;4900002138;4;1000;0001;1000298;Granulát PA6 97;Plasty;261;Výdej do výrobní zakázky;H;-27,560;KG;78,04;-2150,78;CZK;VZ400294;;;;;;;VESELAM;5030 Výroba obrábění
15.04.2026;15.04.2026;4900002138;5;1000;0001;1000197;Manžeta 47x52;Těsnění a guma;261;Výdej do výrobní zakázky;H;-137,020;KS;54,17;-7422,37;CZK;VZ400294;;;;;;;NOVAKJ;5020 Výroba montáž
15.04.2026;15.04.2026;4900002138;6;1000;0001;1000327;Stykač 56 A;Elektro;261;Výdej do výrobní zakázky;H;-38,870;KS;238,71;-9278,66;CZK;VZ400294;;;;;;;NOVAKJ;5030 Výroba obrábění
15.04.2026;15.04.2026;4900002138;7;1000;0001;1000312;Granulát PA6 89;Plasty;261;Výdej do výrobní zakázky;H;-9,360;KG;55,27;-517,33;CZK;VZ400294;;;;;;;SVOBODM;5030 Výroba obrábění
15.04.2026;15.04.2026;4900002181;1;1000;0003;5000104;Dopravník pásový E932;Hotový výrobek;601;Výdej při dodání zákazníkovi;H;-13,000;KS;2436,00;-31668,00;CZK;;;Brose CZ spol. s r.o.;SV6041;44846,91;31668,00;9862,49;CERNAT;6010 Expedice
15.04.2026;15.04.2026;4900002233;1;2000;0003;5000147;Kryt převodovky F636;Hotový výrobek;601;Výdej při dodání zákazníkovi;H;-5,000;KS;16341,87;-81709,35;CZK;;;Bosch Diesel s.r.o.;SV4340;124239,70;81709,35;26528,14;HORAKT;6010 Expedice
15.04.2026;15.04.2026;4900002344;1;2000;0003;5000108;Konzole montážní C372;Hotový výrobek;601;Výdej při dodání zákazníkovi;H;-15,000;KS;3574,42;-53616,30;CZK;;;Witte Automotive;SV6364;76347,98;53616,30;16865,86;CERNAT;6010 Expedice
15.04.2026;15.04.2026;4900002448;1;1000;0003;5000144;Dopravník pásový C168;Hotový výrobek;601;Výdej při dodání zákazníkovi;H;-6,000;KS;1636,34;-9818,04;CZK;;;Tatra Trucks a.s.;SV3116;13112,71;9818,04;2984,97;HORAKT;6010 Expedice
15.04.2026;15.04.2026;4900002548;1;2000;0003;5000109;Ventilová jednotka D945;Hotový výrobek;601;Výdej při dodání zákazníkovi;H;-13,000;KS;15315,80;-199105,40;CZK;;;Zetor Tractors a.s.;SV6156;309145,86;199105,40;52671,42;CERNAT;6010 Expedice
15.04.2026;15.04.2026;4900002602;1;1000;0003;5000142;Rám podvozkový A874;Hotový výrobek;601;Výdej při dodání zákazníkovi;H;-24,000;KS;7208,74;-173009,76;CZK;;;Vítkovice Machinery;SV6506;253762,23;173009,76;51005,84;CERNAT;6010 Expedice
16.04.2026;16.04.2026;4900000296;1;1000;0001;1000152;Frekvenční měnič 74 kW;Elektro;101;Příjem zboží na objednávku;S;496,330;KS;607,08;301312,02;CZK;;Killich s.r.o.;;SN3749;;;;VESELAM;4010 Nákup
16.04.2026;16.04.2026;4900000555;1;2000;0001;1000198;Trubka ocelová 56x45;Ocel;101;Příjem zboží na objednávku;S;659,990;KG;24,72;16314,95;CZK;;Trelleborg Bohemia;;SN2791;;;;DVORAKP;4010 Nákup
16.04.2026;16.04.2026;4900000716;1;1000;0001;1000228;Deska PE 53 mm;Plasty;101;Příjem zboží na objednávku;S;932,230;KG;70,90;66095,11;CZK;;Hilti ČR s.r.o.;;SN5269;;;;PROCHAZ;4010 Nákup
16.04.2026;16.04.2026;4900000843;1;1000;0001;1000250;Kabel CYKY 34x42;Elektro;101;Příjem zboží na objednávku;S;358,610;KS;795,46;285259,91;CZK;;Killich s.r.o.;;SN7830;;;;SVOBODM;4010 Nákup
16.04.2026;16.04.2026;4900000851;1;1000;0001;1000251;Kolík 70x43;Spojovací materiál;101;Příjem zboží na objednávku;S;1146,410;KS;11,50;13183,72;CZK;;PPG Deco Czech;;SN5985;;;;DVORAKP;4010 Nákup
16.04.2026;16.04.2026;4900001059;1;2000;0001;1000291;Deska PP 108 mm;Plasty;101;Příjem zboží na objednávku;S;1899,340;KG;68,24;129610,96;CZK;;Ferona a.s.;;SN7332;;;;NOVAKJ;4010 Nákup
16.04.2026;16.04.2026;4900001525;1;2000;0001;1000376;Kabel CYKY 40x24;Elektro;101;Příjem zboží na objednávku;S;1096,150;KS;338,22;370739,85;CZK;;Ferona a.s.;;SN2608;;;;KUCERAL;4010 Nákup
16.04.2026;16.04.2026;4900001555;1;2000;0001;1000380;Profil U 111;Ocel;101;Příjem zboží na objednávku;S;1977,660;KG;29,02;57391,69;CZK;;Killich s.r.o.;;SN8409;;;;NOVAKJ;4010 Nákup
16.04.2026;16.04.2026;4900001667;1;1000;0001;1000259;Základní barva RAL 3020;Nátěry a chemie;261;Výdej do výrobní zakázky;H;-71,520;L;236,85;-16939,51;CZK;VZ400005;;;;;;;HORAKT;5030 Výroba obrábění
16.04.2026;16.04.2026;4900001667;2;1000;0001;1000216;Podložka 26;Spojovací materiál;261;Výdej do výrobní zakázky;H;-21,120;KS;12,61;-266,32;CZK;VZ400005;;;;;;;PROCHAZ;5020 Výroba montáž
16.04.2026;16.04.2026;4900001667;3;1000;0001;1000210;Odmašťovač RAL 9005;Nátěry a chemie;261;Výdej do výrobní zakázky;H;-71,880;L;166,86;-11993,90;CZK;VZ400005;;;;;;;PROCHAZ;5030 Výroba obrábění
16.04.2026;16.04.2026;4900001667;4;1000;0001;1000140;Lak polyuretanový RAL 3020;Nátěry a chemie;261;Výdej do výrobní zakázky;H;-85,680;L;129,92;-11131,55;CZK;VZ400005;;;;;;;VESELAM;5020 Výroba montáž
16.04.2026;16.04.2026;4900001667;5;1000;0001;1000251;Kolík 70x43;Spojovací materiál;261;Výdej do výrobní zakázky;H;-102,480;KS;11,50;-1178,52;CZK;VZ400005;;;;;;;HORAKT;5020 Výroba montáž
16.04.2026;16.04.2026;4900001667;6;1000;0001;1000230;Kolík 14x73;Spojovací materiál;261;Výdej do výrobní zakázky;H;-42,120;KS;9,78;-411,93;CZK;VZ400005;;;;;;;VESELAM;5020 Výroba montáž
16.04.2026;16.04.2026;4900001667;7;1000;0001;1000289;Plech ocelový 110 mm;Ocel;261;Výdej do výrobní zakázky;H;-71,760;KG;23,40;-1679,18;CZK;VZ400005;;;;;;;DVORAKP;5030 Výroba obrábění
16.04.2026;16.04.2026;4900001667;8;1000;0001;1000383;Motor 69 kW;Elektro;261;Výdej do výrobní zakázky;H;-25,440;KS;150,72;-3834,32;CZK;VZ400005;;;;;;;DVORAKP;5030 Výroba obrábění
16.04.2026;16.04.2026;4900001667;9;1000;0001;1000190;Manžeta 92x78;Těsnění a guma;261;Výdej do výrobní zakázky;H;-92,400;KS;8,95;-826,98;CZK;VZ400005;;;;;;;VESELAM;5030 Výroba obrábění
16.04.2026;16.04.2026;4900001693;1;1000;0001;1000385;Odmašťovač RAL 6011;Nátěry a chemie;261;Výdej do výrobní zakázky;H;-16,200;L;320,08;-5185,30;CZK;VZ400018;;;;;;;PROCHAZ;5020 Výroba montáž
16.04.2026;16.04.2026;4900001693;2;1000;0001;1000363;Kolík 119x35;Spojovací materiál;261;Výdej do výrobní zakázky;H;-41,950;KS;5,72;-239,95;CZK;VZ400018;;;;;;;HORAKT;5020 Výroba montáž
16.04.2026;16.04.2026;4900001693;3;1000;0001;1000261;Profil U 10;Ocel;261;Výdej do výrobní zakázky;H;-27,750;KG;33,90;-940,72;CZK;VZ400018;;;;;;;KUCERAL;5020 Výroba montáž
16.04.2026;16.04.2026;4900001693;4;1000;0001;1000381;Trubka Al 117 mm;Hliník;261;Výdej do výrobní zakázky;H;-36,800;KG;64,58;-2376,54;CZK;VZ400018;;;;;;;VESELAM;5020 Výroba montáž
16.04.2026;16.04.2026;4900001693;5;1000;0001;1000104;Nýt 57x11;Spojovací materiál;261;Výdej do výrobní zakázky;H;-41,150;KS;5,48;-225,50;CZK;VZ400018;;;;;;;VESELAM;5020 Výroba montáž
16.04.2026;16.04.2026;4900001693;6;1000;0001;1000330;O-kroužek 39 mm;Těsnění a guma;261;Výdej do výrobní zakázky;H;-39,200;KS;18,43;-722,46;CZK;VZ400018;;;;;;;HORAKT;5030 Výroba obrábění
16.04.2026;16.04.2026;4900001693;7;1000;0001;1000253;Těsnění ploché 56 mm;Těsnění a guma;261;Výdej do výrobní zakázky;H;-31,050;KS;7,50;-232,88;CZK;VZ400018;;;;;;;KUCERAL;5020 Výroba montáž
16.04.2026;16.04.2026;4900001697;1;2000;0001;1000231;Odmašťovač RAL 5010;Nátěry a chemie;261;Výdej do výrobní zakázky;H;-94,350;L;195,83;-18476,56;CZK;VZ400020;;;;;;;DVORAKP;5030 Výroba obrábění
16.04.2026;16.04.2026;4900001697;2;2000;0001;1000217;Odmašťovač RAL 6011;Nátěry a chemie;261;Výdej do výrobní zakázky;H;-191,290;L;302,81;-57924,52;CZK;VZ400020;;;;;;;KUCERAL;5020 Výroba montáž
16.04.2026;16.04.2026;4900001697;3;2000;0001;1000297;Trubka Al 64 mm;Hliník;261;Výdej do výrobní zakázky;H;-241,980;KG;101,55;-24573,07;CZK;VZ400020;;;;;;;VESELAM;5020 Výroba montáž
16.04.2026;16.04.2026;4900001697;4;2000;0001;1000206;Trubka Al 68 mm;Hliník;261;Výdej do výrobní zakázky;H;-279,720;KG;69,44;-19423,76;CZK;VZ400020;;;;;;;SVOBODM;5030 Výroba obrábění
16.04.2026;16.04.2026;4900001697;5;2000;0001;1000272;Šroub M28x22;Spojovací materiál;261;Výdej do výrobní zakázky;H;-83,620;KS;8,82;-737,53;CZK;VZ400020;;;;;;;DVORAKP;5020 Výroba montáž
16.04.2026;16.04.2026;4900001697;6;2000;0001;1000145;Stykač 108 A;Elektro;261;Výdej do výrobní zakázky;H;-279,350;KS;646,65;-180641,68;CZK;VZ400020;;;;;;;PROCHAZ;5030 Výroba obrábění
16.04.2026;16.04.2026;4900001820;1;2000;0001;1000272;Šroub M28x22;Spojovací materiál;261;Výdej do výrobní zakázky;H;-10,550;KS;8,82;-93,05;CZK;VZ400078;;;;;;;KUCERAL;5030 Výroba obrábění
16.04.2026;16.04.2026;4900001820;2;2000;0001;1000186;Deska PP 63 mm;Plasty;261;Výdej do výrobní zakázky;H;-11,250;KG;66,21;-744,86;CZK;VZ400078;;;;;;;DVORAKP;5030 Výroba obrábění
16.04.2026;16.04.2026;4900001820;3;2000;0001;1000192;Plech Al 70 mm;Hliník;261;Výdej do výrobní zakázky;H;-22,600;KG;121,62;-2748,61;CZK;VZ400078;;;;;;;CERNAT;5030 Výroba obrábění
16.04.2026;16.04.2026;4900001820;4;2000;0001;1000288;Těsnění ploché 57 mm;Těsnění a guma;261;Výdej do výrobní zakázky;H;-53,750;KS;50,59;-2719,21;CZK;VZ400078;;;;;;;DVORAKP;5020 Výroba montáž
16.04.2026;16.04.2026;4900001924;1;1000;0001;1000313;Kabel CYKY 66x55;Elektro;261;Výdej do výrobní zakázky;H;-196,230;KS;566,73;-111209,43;CZK;VZ400141;;;;;;;NOVAKJ;5030 Výroba obrábění
16.04.2026;16.04.2026;4900001924;2;1000;0001;1000179;Granulát ABS 25;Plasty;261;Výdej do výrobní zakázky;H;-205,220;KG;54,80;-11246,06;CZK;VZ400141;;;;;;;CERNAT;5020 Výroba montáž
16.04.2026;16.04.2026;4900001924;3;1000;0001;1000215;Motor 73 kW;Elektro;261;Výdej do výrobní zakázky;H;-230,640;KS;175,44;-40463,48;CZK;VZ400141;;;;;;;NOVAKJ;5020 Výroba montáž
16.04.2026;16.04.2026;4900001924;4;1000;0001;1000387;Trubka ocelová 55x68;Ocel;261;Výdej do výrobní zakázky;H;-226,300;KG;29,33;-6637,38;CZK;VZ400141;;;;;;;DVORAKP;5030 Výroba obrábění
16.04.2026;16.04.2026;4900001924;5;1000;0001;1000371;Lak polyuretanový RAL 5010;Nátěry a chemie;261;Výdej do výrobní zakázky;H;-79,670;L;210,04;-16733,89;CZK;VZ400141;;;;;;;VESELAM;5020 Výroba montáž
16.04.2026;16.04.2026;4900001924;6;1000;0001;1000374;Plech Al 115 mm;Hliník;261;Výdej do výrobní zakázky;H;-47,430;KG;66,46;-3152,20;CZK;VZ400141;;;;;;;CERNAT;5020 Výroba montáž
16.04.2026;16.04.2026;4900001924;7;1000;0001;1000258;Kolík 6x58;Spojovací materiál;261;Výdej do výrobní zakázky;H;-308,760;KS;4,08;-1259,74;CZK;VZ400141;;;;;;;KUCERAL;5030 Výroba obrábění
16.04.2026;16.04.2026;4900001924;8;1000;0001;1000165;Deska PE 38 mm;Plasty;261;Výdej do výrobní zakázky;H;-211,730;KG;43,33;-9174,26;CZK;VZ400141;;;;;;;CERNAT;5020 Výroba montáž
16.04.2026;16.04.2026;4900001924;9;1000;0001;1000335;Šroub M70x57;Spojovací materiál;261;Výdej do výrobní zakázky;H;-333,870;KS;4,55;-1519,11;CZK;VZ400141;;;;;;;NOVAKJ;5030 Výroba obrábění
16.04.2026;16.04.2026;4900001930;1;2000;0001;1000175;Odmašťovač RAL 7035;Nátěry a chemie;261;Výdej do výrobní zakázky;H;-236,220;L;263,16;-62163,66;CZK;VZ400145;;;;;;;NOVAKJ;5020 Výroba montáž
16.04.2026;16.04.2026;4900001930;2;2000;0001;1000237;Kolík 80x54;Spojovací materiál;261;Výdej do výrobní zakázky;H;-22,630;KS;4,33;-97,99;CZK;VZ400145;;;;;;;PROCHAZ;5020 Výroba montáž
16.04.2026;16.04.2026;4900001930;3;2000;0001;1000356;Podložka 42;Spojovací materiál;261;Výdej do výrobní zakázky;H;-150,040;KS;4,27;-640,67;CZK;VZ400145;;;;;;;CERNAT;5020 Výroba montáž
16.04.2026;16.04.2026;4900001930;4;2000;0001;1000277;Granulát ABS 15;Plasty;261;Výdej do výrobní zakázky;H;-135,470;KG;36,41;-4932,46;CZK;VZ400145;;;;;;;SVOBODM;5020 Výroba montáž
16.04.2026;16.04.2026;4900001930;5;2000;0001;1000295;Těsnění ploché 61 mm;Těsnění a guma;261;Výdej do výrobní zakázky;H;-350,920;KS;18,17;-6376,22;CZK;VZ400145;;;;;;;PROCHAZ;5020 Výroba montáž
16.04.2026;16.04.2026;4900001930;6;2000;0001;1000217;Odmašťovač RAL 6011;Nátěry a chemie;261;Výdej do výrobní zakázky;H;-220,410;L;302,81;-66742,35;CZK;VZ400145;;;;;;;HORAKT;5020 Výroba montáž
16.04.2026;16.04.2026;4900002095;1;2000;0001;1000250;Kabel CYKY 34x42;Elektro;261;Výdej do výrobní zakázky;H;-221,850;KS;795,46;-176472,80;CZK;VZ400261;;;;;;;KUCERAL;5020 Výroba montáž
16.04.2026;16.04.2026;4900002095;2;2000;0001;1000171;Plech Al 110 mm;Hliník;261;Výdej do výrobní zakázky;H;-85,550;KG;73,80;-6313,59;CZK;VZ400261;;;;;;;PROCHAZ;5020 Výroba montáž
16.04.2026;16.04.2026;4900002095;3;2000;0001;1000113;Těsnění ploché 115 mm;Těsnění a guma;261;Výdej do výrobní zakázky;H;-331,470;KS;13,01;-4312,42;CZK;VZ400261;;;;;;;HORAKT;5030 Výroba obrábění
16.04.2026;16.04.2026;4900002095;4;2000;0001;1000357;Ředidlo S101;Nátěry a chemie;261;Výdej do výrobní zakázky;H;-182,990;L;181,43;-33199,88;CZK;VZ400261;;;;;;;PROCHAZ;5020 Výroba montáž
16.04.2026;16.04.2026;4900002095;5;2000;0001;1000117;Motor 72 kW;Elektro;261;Výdej do výrobní zakázky;H;-195,170;KS;660,38;-128886,36;CZK;VZ400261;;;;;;;SVOBODM;5030 Výroba obrábění
16.04.2026;16.04.2026;4900002095;6;2000;0001;1000336;Základní barva RAL 7035;Nátěry a chemie;261;Výdej do výrobní zakázky;H;-186,180;L;119,31;-22213,14;CZK;VZ400261;;;;;;;DVORAKP;5030 Výroba obrábění
16.04.2026;16.04.2026;4900002147;1;1000;0003;5000129;Ventilová jednotka F138;Hotový výrobek;601;Výdej při dodání zákazníkovi;H;-3,000;KS;5816,31;-17448,93;CZK;;;Linet spol. s r.o.;SV4534;23880,85;17448,93;5294,80;PROCHAZ;6010 Expedice
16.04.2026;16.04.2026;4900002265;1;2000;0003;5000127;Kryt převodovky D532;Hotový výrobek;601;Výdej při dodání zákazníkovi;H;-10,000;KS;1451,50;-14515,00;CZK;;;Vítkovice Machinery;SV1805;23293,95;14515,00;4084,39;KUCERAL;6010 Expedice
16.04.2026;16.04.2026;4900002277;1;2000;0003;5000147;Kryt převodovky F636;Hotový výrobek;601;Výdej při dodání zákazníkovi;H;-3,000;KS;16341,87;-49025,61;CZK;;;Continental Automotive;SV2020;77011,97;49025,61;16986,11;DVORAKP;6010 Expedice
16.04.2026;16.04.2026;4900002449;1;1000;0003;5000144;Dopravník pásový C168;Hotový výrobek;601;Výdej při dodání zákazníkovi;H;-14,000;KS;1636,34;-22908,76;CZK;;;Hanon Systems Autopal;SV8270;30800,93;22908,76;5931,18;HORAKT;6010 Expedice
16.04.2026;16.04.2026;4900002520;1;1000;0003;5000142;Rám podvozkový A874;Hotový výrobek;601;Výdej při dodání zákazníkovi;H;-13,000;KS;7208,74;-93713,62;CZK;;;Brose CZ spol. s r.o.;SV6261;136577,25;93713,62;31004,94;PROCHAZ;6010 Expedice
17.04.2026;17.04.2026;4900000127;1;1000;0001;1000122;Trubka Al 54 mm;Hliník;101;Příjem zboží na objednávku;S;1128,210;KG;99,64;112414,84;CZK;;ThyssenKrupp Ferrostal;;SN3389;;;;NOVAKJ;4010 Nákup
17.04.2026;17.04.2026;4900000344;1;2000;0001;1000161;Lak polyuretanový RAL 9005;Nátěry a chemie;101;Příjem zboží na objednávku;S;1171,060;L;126,83;148525,54;CZK;;Alumat s.r.o.;;SN5137;;;;DVORAKP;4010 Nákup
17.04.2026;17.04.2026;4900000390;1;1000;0001;1000168;Základní barva RAL 3020;Nátěry a chemie;101;Příjem zboží na objednávku;S;357,910;L;115,98;41510,40;CZK;;Colorlak a.s.;;SN8627;;;;HORAKT;4010 Nákup
17.04.2026;17.04.2026;4900000436;1;1000;0001;1000176;O-kroužek 27 mm;Těsnění a guma;101;Příjem zboží na objednávku;S;502,930;KS;39,62;19926,09;CZK;;ThyssenKrupp Ferrostal;;SN9719;;;;PROCHAZ;4010 Nákup
17.04.2026;17.04.2026;4900000528;1;1000;0001;1000193;Deska PE 67 mm;Plasty;101;Příjem zboží na objednávku;S;988,590;KG;87,82;86817,97;CZK;;Rubena a.s.;;SN2672;;;;PROCHAZ;4010 Nákup
17.04.2026;17.04.2026;4900000541;1;2000;0001;1000195;Kolík 20x27;Spojovací materiál;101;Příjem zboží na objednávku;S;604,140;KS;15,97;9648,12;CZK;;Schneider Electric CZ;;SN3224;;;;PROCHAZ;4010 Nákup
17.04.2026;17.04.2026;4900001307;1;2000;0001;1000334;Stykač 101 A;Elektro;101;Příjem zboží na objednávku;S;697,400;KS;740,62;516508,39;CZK;;ESSA Czech;;SN8836;;;;HORAKT;4010 Nákup
17.04.2026;17.04.2026;4900001622;1;1000;0001;1000393;Manžeta 107x39;Těsnění a guma;101;Příjem zboží na objednávku;S;1069,420;KS;30,59;32713,56;CZK;;Rubena a.s.;;SN9918;;;;PROCHAZ;4010 Nákup
17.04.2026;17.04.2026;4900001661;1;1000;0003;5000143;Skříň rozvaděče B530;Hotový výrobek;131;Příjem z výroby;S;43,000;KS;3905,26;167926,18;CZK;VZ400002;;;SV1870;;;;VESELAM;5020 Výroba montáž
17.04.2026;17.04.2026;4900001698;1;2000;0003;5000121;Převodovka šneková D513;Hotový výrobek;131;Příjem z výroby;S;37,000;KS;9506,76;351750,12;CZK;VZ400020;;;SV7343;;;;KUCERAL;5020 Výroba montáž
17.04.2026;17.04.2026;4900001720;1;2000;0001;1000145;Stykač 108 A;Elektro;261;Výdej do výrobní zakázky;H;-95,250;KS;646,65;-61593,41;CZK;VZ400031;;;;;;;VESELAM;5030 Výroba obrábění
17.04.2026;17.04.2026;4900001720;2;2000;0001;1000275;Jekl 98x98x65;Ocel;261;Výdej do výrobní zakázky;H;-36,750;KG;34,85;-1280,74;CZK;VZ400031;;;;;;;NOVAKJ;5030 Výroba obrábění
17.04.2026;17.04.2026;4900001720;3;2000;0001;1000345;Tyč kruhová 110 mm;Ocel;261;Výdej do výrobní zakázky;H;-30,250;KG;36,23;-1095,96;CZK;VZ400031;;;;;;;CERNAT;5030 Výroba obrábění
17.04.2026;17.04.2026;4900001720;4;2000;0001;1000328;Nýt 37x12;Spojovací materiál;261;Výdej do výrobní zakázky;H;-234,750;KS;6,41;-1504,75;CZK;VZ400031;;;;;;;SVOBODM;5020 Výroba montáž
17.04.2026;17.04.2026;4900001720;5;2000;0001;1000340;Deska PP 90 mm;Plasty;261;Výdej do výrobní zakázky;H;-124,000;KG;80,19;-9943,56;CZK;VZ400031;;;;;;;VESELAM;5030 Výroba obrábění
17.04.2026;17.04.2026;4900001720;6;2000;0001;1000136;Trubka Al 19 mm;Hliník;261;Výdej do výrobní zakázky;H;-102,750;KG;71,14;-7309,64;CZK;VZ400031;;;;;;;NOVAKJ;5030 Výroba obrábění
17.04.2026;17.04.2026;4900001720;7;2000;0001;1000382;Deska PE 55 mm;Plasty;261;Výdej do výrobní zakázky;H;-16,750;KG;70,90;-1187,58;CZK;VZ400031;;;;;;;PROCHAZ;5030 Výroba obrábění
17.04.2026;17.04.2026;4900001875;1;2000;0003;5000123;Skříň rozvaděče F976;Hotový výrobek;131;Příjem z výroby;S;32,000;KS;9763,80;312441,60;CZK;VZ400109;;;SV8966;;;;DVORAKP;5020 Výroba montáž
17.04.2026;17.04.2026;4900001883;1;1000;0003;5000104;Dopravník pásový E932;Hotový výrobek;131;Příjem z výroby;S;5,000;KS;2436,00;12180,00;CZK;VZ400113;;;SV5283;;;;SVOBODM;5020 Výroba montáž
17.04.2026;17.04.2026;4900001936;1;1000;0003;5000107;Kryt převodovky B587;Hotový výrobek;131;Příjem z výroby;S;14,000;KS;2113,83;29593,62;CZK;VZ400148;;;SV1893;;;;VESELAM;5020 Výroba montáž
17.04.2026;17.04.2026;4900001988;1;1000;0003;5000110;Čerpadlo odstředivé E673;Hotový výrobek;131;Příjem z výroby;S;21,000;KS;1588,38;33355,98;CZK;VZ400181;;;SV7663;;;;HORAKT;5020 Výroba montáž
17.04.2026;17.04.2026;4900002041;1;1000;0001;1000183;O-kroužek 107 mm;Těsnění a guma;261;Výdej do výrobní zakázky;H;-356,070;KS;51,09;-18191,62;CZK;VZ400214;;;;;;;HORAKT;5020 Výroba montáž
17.04.2026;17.04.2026;4900002041;2;1000;0001;1000375;Deska PE 101 mm;Plasty;261;Výdej do výrobní zakázky;H;-41,730;KG;63,57;-2652,78;CZK;VZ400214;;;;;;;SVOBODM;5030 Výroba obrábění
17.04.2026;17.04.2026;4900002041;3;1000;0001;1000167;Nýt 105x50;Spojovací materiál;261;Výdej do výrobní zakázky;H;-242,580;KS;10,11;-2452,48;CZK;VZ400214;;;;;;;PROCHAZ;5030 Výroba obrábění
17.04.2026;17.04.2026;4900002041;4;1000;0001;1000245;Ředidlo S51;Nátěry a chemie;261;Výdej do výrobní zakázky;H;-74,100;L;96,37;-7141,02;CZK;VZ400214;;;;;;;DVORAKP;5030 Výroba obrábění
17.04.2026;17.04.2026;4900002041;5;1000;0001;1000130;Deska PE 105 mm;Plasty;261;Výdej do výrobní zakázky;H;-132,600;KG;64,17;-8508,94;CZK;VZ400214;;;;;;;CERNAT;5030 Výroba obrábění
17.04.2026;17.04.2026;4900002041;6;1000;0001;1000111;Podložka 21;Spojovací materiál;261;Výdej do výrobní zakázky;H;-213,720;KS;16,00;-3419,52;CZK;VZ400214;;;;;;;NOVAKJ;5020 Výroba montáž
17.04.2026;17.04.2026;4900002096;1;2000;0003;5000109;Ventilová jednotka D945;Hotový výrobek;131;Příjem z výroby;S;29,000;KS;15315,80;444158,20;CZK;VZ400261;;;SV6830;;;;CERNAT;5020 Výroba montáž
17.04.2026;17.04.2026;4900002100;1;1000;0003;5000140;Čerpadlo odstředivé E290;Hotový výrobek;131;Příjem z výroby;S;4,000;KS;4253,35;17013,40;CZK;VZ400263;;;SV6711;;;;KUCERAL;5020 Výroba montáž
17.04.2026;17.04.2026;4900002199;1;1000;0003;5000115;Hydraulický agregát D743;Hotový výrobek;601;Výdej při dodání zákazníkovi;H;-7,000;KS;2017,76;-14124,32;CZK;;;Hanon Systems Autopal;SV9449;20741,92;14124,32;4215,19;KUCERAL;6010 Expedice
17.04.2026;17.04.2026;4900002267;1;2000;0003;5000127;Kryt převodovky D532;Hotový výrobek;601;Výdej při dodání zákazníkovi;H;-3,000;KS;1451,50;-4354,50;CZK;;;Strojírny Prostějov a.s.;SV5318;6794,40;4354,50;1261,58;CERNAT;6010 Expedice
17.04.2026;17.04.2026;4900002385;1;2000;0003;5000118;Konzole montážní A916;Hotový výrobek;601;Výdej při dodání zákazníkovi;H;-4,000;KS;10054,63;-40218,52;CZK;;;Bosch Diesel s.r.o.;SV8554;55618,14;40218,52;11248,01;SVOBODM;6010 Expedice
20.04.2026;20.04.2026;4900000022;1;2000;0001;1000104;Nýt 57x11;Spojovací materiál;101;Příjem zboží na objednávku;S;104,670;KS;5,48;573,59;CZK;;Rubena a.s.;;SN7004;;;;HORAKT;4010 Nákup
20.04.2026;20.04.2026;4900000248;1;1000;0001;1000144;Deska PP 104 mm;Plasty;101;Příjem zboží na objednávku;S;1044,150;KG;75,68;79021,27;CZK;;Killich s.r.o.;;SN9955;;;;PROCHAZ;4010 Nákup
20.04.2026;20.04.2026;4900000314;1;2000;0001;1000156;Trubka ocelová 22x42;Ocel;101;Příjem zboží na objednávku;S;1107,980;KG;45,15;50025,30;CZK;;ESSA Czech;;SN6178;;;;KUCERAL;4010 Nákup
20.04.2026;20.04.2026;4900000628;1;1000;0001;1000211;O-kroužek 90 mm;Těsnění a guma;101;Příjem zboží na objednávku;S;397,290;KS;5,48;2177,15;CZK;;Trelleborg Bohemia;;SN7902;;;;KUCERAL;4010 Nákup
20.04.2026;20.04.2026;4900000954;1;2000;0001;1000271;Čidlo indukční 75 mm;Elektro;101;Příjem zboží na objednávku;S;424,360;KS;119,80;50838,33;CZK;;ABB s.r.o.;;SN8999;;;;CERNAT;4010 Nákup
20.04.2026;20.04.2026;4900000992;1;2000;0001;1000279;Šroub M112x31;Spojovací materiál;101;Příjem zboží na objednávku;S;823,190;KS;9,52;7836,77;CZK;;Plastika Nitra a.s.;;SN6251;;;;DVORAKP;4010 Nákup
20.04.2026;20.04.2026;4900001011;1;2000;0001;1000282;Plech ocelový 15 mm;Ocel;101;Příjem zboží na objednávku;S;904,330;KG;38,48;34798,62;CZK;;Wurth s.r.o.;;SN3416;;;;DVORAKP;4010 Nákup
20.04.2026;20.04.2026;4900001333;1;1000;0001;1000340;Deska PP 90 mm;Plasty;101;Příjem zboží na objednávku;S;1233,880;KG;80,19;98944,84;CZK;;Alumat s.r.o.;;SN5099;;;;VESELAM;4010 Nákup
20.04.2026;20.04.2026;4900001541;1;2000;0001;1000378;Základní barva RAL 6011;Nátěry a chemie;101;Příjem zboží na objednávku;S;373,080;L;99,53;37132,65;CZK;;ESSA Czech;;SN3268;;;;PROCHAZ;4010 Nákup
20.04.2026;20.04.2026;4900001818;1;2000;0001;1000289;Plech ocelový 110 mm;Ocel;261;Výdej do výrobní zakázky;H;-20,370;KG;23,40;-476,66;CZK;VZ400077;;;;;;;NOVAKJ;5020 Výroba montáž
20.04.2026;20.04.2026;4900001818;2;2000;0001;1000202;Kolík 46x32;Spojovací materiál;261;Výdej do výrobní zakázky;H;-55,510;KS;2,81;-155,98;CZK;VZ400077;;;;;;;DVORAKP;5020 Výroba montáž
20.04.2026;20.04.2026;4900001818;3;2000;0001;1000309;Tlumič gumový 24;Těsnění a guma;261;Výdej do výrobní zakázky;H;-77,350;KS;42,90;-3318,31;CZK;VZ400077;;;;;;;NOVAKJ;5020 Výroba montáž
20.04.2026;20.04.2026;4900001818;4;2000;0001;1000223;Šroub M2x48;Spojovací materiál;261;Výdej do výrobní zakázky;H;-44,240;KS;10,18;-450,36;CZK;VZ400077;;;;;;;DVORAKP;5030 Výroba obrábění
20.04.2026;20.04.2026;4900001818;5;2000;0001;1000330;O-kroužek 39 mm;Těsnění a guma;261;Výdej do výrobní zakázky;H;-4,970;KS;18,43;-91,60;CZK;VZ400077;;;;;;;SVOBODM;5030 Výroba obrábění
20.04.2026;20.04.2026;4900001818;6;2000;0001;1000381;Trubka Al 117 mm;Hliník;261;Výdej do výrobní zakázky;H;-44,940;KG;64,58;-2902,23;CZK;VZ400077;;;;;;;HORAKT;5020 Výroba montáž
20.04.2026;20.04.2026;4900001818;7;2000;0001;1000319;Granulát PA6 44;Plasty;261;Výdej do výrobní zakázky;H;-22,330;KG;71,64;-1599,72;CZK;VZ400077;;;;;;;VESELAM;5020 Výroba montáž
20.04.2026;20.04.2026;4900001818;8;2000;0001;1000344;Tlumič gumový 31;Těsnění a guma;261;Výdej do výrobní zakázky;H;-62,790;KS;11,20;-703,25;CZK;VZ400077;;;;;;;PROCHAZ;5020 Výroba montáž
20.04.2026;20.04.2026;4900001818;9;2000;0001;1000209;Matice M37;Spojovací materiál;261;Výdej do výrobní zakázky;H;-76,230;KS;14,07;-1072,56;CZK;VZ400077;;;;;;;CERNAT;5030 Výroba obrábění
20.04.2026;20.04.2026;4900001828;1;2000;0001;1000175;Odmašťovač RAL 7035;Nátěry a chemie;261;Výdej do výrobní zakázky;H;-129,540;L;263,16;-34089,75;CZK;VZ400082;;;;;;;VESELAM;5030 Výroba obrábění
20.04.2026;20.04.2026;4900001828;2;2000;0001;1000237;Kolík 80x54;Spojovací materiál;261;Výdej do výrobní zakázky;H;-12,410;KS;4,33;-53,74;CZK;VZ400082;;;;;;;VESELAM;5020 Výroba montáž
20.04.2026;20.04.2026;4900001828;3;2000;0001;1000356;Podložka 42;Spojovací materiál;261;Výdej do výrobní zakázky;H;-82,280;KS;4,27;-351,34;CZK;VZ400082;;;;;;;NOVAKJ;5030 Výroba obrábění
20.04.2026;20.04.2026;4900001828;4;2000;0001;1000277;Granulát ABS 15;Plasty;261;Výdej do výrobní zakázky;H;-74,290;KG;36,41;-2704,90;CZK;VZ400082;;;;;;;HORAKT;5020 Výroba montáž
20.04.2026;20.04.2026;4900001828;5;2000;0001;1000295;Těsnění ploché 61 mm;Těsnění a guma;261;Výdej do výrobní zakázky;H;-192,440;KS;18,17;-3496,63;CZK;VZ400082;;;;;;;DVORAKP;5030 Výroba obrábění
20.04.2026;20.04.2026;4900001828;6;2000;0001;1000217;Odmašťovač RAL 6011;Nátěry a chemie;261;Výdej do výrobní zakázky;H;-120,870;L;302,81;-36600,64;CZK;VZ400082;;;;;;;VESELAM;5020 Výroba montáž
20.04.2026;20.04.2026;4900001884;1;2000;0001;1000289;Plech ocelový 110 mm;Ocel;261;Výdej do výrobní zakázky;H;-64,020;KG;23,40;-1498,07;CZK;VZ400114;;;;;;;PROCHAZ;5020 Výroba montáž
20.04.2026;20.04.2026;4900001884;2;2000;0001;1000202;Kolík 46x32;Spojovací materiál;261;Výdej do výrobní zakázky;H;-174,460;KS;2,81;-490,23;CZK;VZ400114;;;;;;;CERNAT;5030 Výroba obrábění
20.04.2026;20.04.2026;4900001884;3;2000;0001;1000309;Tlumič gumový 24;Těsnění a guma;261;Výdej do výrobní zakázky;H;-243,100;KS;42,90;-10428,99;CZK;VZ400114;;;;;;;DVORAKP;5030 Výroba obrábění
20.04.2026;20.04.2026;4900001884;4;2000;0001;1000223;Šroub M2x48;Spojovací materiál;261;Výdej do výrobní zakázky;H;-139,040;KS;10,18;-1415,43;CZK;VZ400114;;;;;;;PROCHAZ;5020 Výroba montáž
20.04.2026;20.04.2026;4900001884;5;2000;0001;1000330;O-kroužek 39 mm;Těsnění a guma;261;Výdej do výrobní zakázky;H;-15,620;KS;18,43;-287,88;CZK;VZ400114;;;;;;;SVOBODM;5030 Výroba obrábění
20.04.2026;20.04.2026;4900001884;6;2000;0001;1000381;Trubka Al 117 mm;Hliník;261;Výdej do výrobní zakázky;H;-141,240;KG;64,58;-9121,28;CZK;VZ400114;;;;;;;CERNAT;5030 Výroba obrábění
20.04.2026;20.04.2026;4900001884;7;2000;0001;1000319;Granulát PA6 44;Plasty;261;Výdej do výrobní zakázky;H;-70,180;KG;71,64;-5027,70;CZK;VZ400114;;;;;;;NOVAKJ;5020 Výroba montáž
20.04.2026;20.04.2026;4900001884;8;2000;0001;1000344;Tlumič gumový 31;Těsnění a guma;261;Výdej do výrobní zakázky;H;-197,340;KS;11,20;-2210,21;CZK;VZ400114;;;;;;;HORAKT;5020 Výroba montáž
20.04.2026;20.04.2026;4900001884;9;2000;0001;1000209;Matice M37;Spojovací materiál;261;Výdej do výrobní zakázky;H;-239,580;KS;14,07;-3370,89;CZK;VZ400114;;;;;;;CERNAT;5030 Výroba obrábění
20.04.2026;20.04.2026;4900001925;1;1000;0003;5000148;Konzole montážní A793;Hotový výrobek;131;Příjem z výroby;S;31,000;KS;7570,47;234684,57;CZK;VZ400141;;;SV1024;;;;HORAKT;5020 Výroba montáž
20.04.2026;20.04.2026;4900002068;1;1000;0001;1000375;Deska PE 101 mm;Plasty;261;Výdej do výrobní zakázky;H;-8,480;KG;63,57;-539,07;CZK;VZ400237;;;;;;;SVOBODM;5020 Výroba montáž
20.04.2026;20.04.2026;4900002068;2;1000;0001;1000333;Deska PE 40 mm;Plasty;261;Výdej do výrobní zakázky;H;-41,920;KG;43,58;-1826,87;CZK;VZ400237;;;;;;;CERNAT;5020 Výroba montáž
20.04.2026;20.04.2026;4900002068;3;1000;0001;1000259;Základní barva RAL 3020;Nátěry a chemie;261;Výdej do výrobní zakázky;H;-17,440;L;236,85;-4130,66;CZK;VZ400237;;;;;;;CERNAT;5020 Výroba montáž
20.04.2026;20.04.2026;4900002068;4;1000;0001;1000193;Deska PE 67 mm;Plasty;261;Výdej do výrobní zakázky;H;-31,520;KG;87,82;-2768,09;CZK;VZ400237;;;;;;;HORAKT;5020 Výroba montáž
20.04.2026;20.04.2026;4900002068;5;1000;0001;1000234;Plech Al 44 mm;Hliník;261;Výdej do výrobní zakázky;H;-52,480;KG;95,56;-5014,99;CZK;VZ400237;;;;;;;NOVAKJ;5030 Výroba obrábění
20.04.2026;20.04.2026;4900002068;6;1000;0001;1000223;Šroub M2x48;Spojovací materiál;261;Výdej do výrobní zakázky;H;-105,760;KS;10,18;-1076,64;CZK;VZ400237;;;;;;;KUCERAL;5020 Výroba montáž
20.04.2026;20.04.2026;4900002068;7;1000;0001;1000383;Motor 69 kW;Elektro;261;Výdej do výrobní zakázky;H;-35,520;KS;150,72;-5353,57;CZK;VZ400237;;;;;;;CERNAT;5030 Výroba obrábění
20.04.2026;20.04.2026;4900002068;8;1000;0001;1000396;Granulát PA6 20;Plasty;261;Výdej do výrobní zakázky;H;-86,560;KG;82,13;-7109,17;CZK;VZ400237;;;;;;;VESELAM;5030 Výroba obrábění
20.04.2026;20.04.2026;4900002072;1;1000;0001;1000301;Lak polyuretanový RAL 5010;Nátěry a chemie;261;Výdej do výrobní zakázky;H;-15,840;L;339,05;-5370,55;CZK;VZ400239;;;;;;;NOVAKJ;5020 Výroba montáž
20.04.2026;20.04.2026;4900002072;2;1000;0001;1000373;Tyč kruhová 44 mm;Ocel;261;Výdej do výrobní zakázky;H;-66,120;KG;31,69;-2095,34;CZK;VZ400239;;;;;;;VESELAM;5030 Výroba obrábění
20.04.2026;20.04.2026;4900002072;3;1000;0001;1000395;Profil Al 33x47;Hliník;261;Výdej do výrobní zakázky;H;-26,760;KG;128,86;-3448,29;CZK;VZ400239;;;;;;;KUCERAL;5020 Výroba montáž
20.04.2026;20.04.2026;4900002072;4;1000;0001;1000322;Lak polyuretanový RAL 7035;Nátěry a chemie;261;Výdej do výrobní zakázky;H;-92,640;L;219,04;-20291,87;CZK;VZ400239;;;;;;;NOVAKJ;5020 Výroba montáž
20.04.2026;20.04.2026;4900002072;5;1000;0001;1000183;O-kroužek 107 mm;Těsnění a guma;261;Výdej do výrobní zakázky;H;-17,760;KS;51,09;-907,36;CZK;VZ400239;;;;;;;DVORAKP;5030 Výroba obrábění
20.04.2026;20.04.2026;4900002072;6;1000;0001;1000299;Čidlo indukční 99 mm;Elektro;261;Výdej do výrobní zakázky;H;-41,880;KS;576,77;-24155,13;CZK;VZ400239;;;;;;;SVOBODM;5020 Výroba montáž
20.04.2026;20.04.2026;4900002384;1;2000;0003;5000118;Konzole montážní A916;Hotový výrobek;601;Výdej při dodání zákazníkovi;H;-1,000;KS;10054,63;-10054,63;CZK;;;Zetor Tractors a.s.;SV4418;14855,48;10054,63;2698,81;PROCHAZ;6010 Expedice
20.04.2026;20.04.2026;4900002616;1;2000;0003;5000137;Kryt převodovky B734;Hotový výrobek;601;Výdej při dodání zákazníkovi;H;-24,000;KS;4419,44;-106066,56;CZK;;;Zetor Tractors a.s.;SV5985;155758,00;106066,56;30113,04;DVORAKP;6010 Expedice
20.04.2026;20.04.2026;4900002635;1;2000;0001;1000104;Nýt 57x11;Spojovací materiál;102;Storno příjmu zboží;H;-104,670;KS;5,48;-573,59;CZK;;Rubena a.s.;;SN7004;;;;HORAKT;4010 Nákup
21.04.2026;21.04.2026;4900000553;1;2000;0001;1000198;Trubka ocelová 56x45;Ocel;101;Příjem zboží na objednávku;S;2068,070;KG;24,72;51122,69;CZK;;ThyssenKrupp Ferrostal;;SN9100;;;;DVORAKP;4010 Nákup
21.04.2026;21.04.2026;4900000735;1;2000;0001;1000231;Odmašťovač RAL 5010;Nátěry a chemie;101;Příjem zboží na objednávku;S;490,470;L;195,83;96048,74;CZK;;ESSA Czech;;SN7644;;;;NOVAKJ;4010 Nákup
21.04.2026;21.04.2026;4900000806;1;2000;0001;1000243;Kabel CYKY 12x4;Elektro;101;Příjem zboží na objednávku;S;638,830;KS;750,69;479563,29;CZK;;ESSA Czech;;SN1804;;;;CERNAT;4010 Nákup
21.04.2026;21.04.2026;4900000824;1;1000;0001;1000246;Těsnění ploché 116 mm;Těsnění a guma;101;Příjem zboží na objednávku;S;985,640;KS;47,79;47103,74;CZK;;Rubena a.s.;;SN8093;;;;NOVAKJ;4010 Nákup
21.04.2026;21.04.2026;4900001166;1;1000;0001;1000309;Tlumič gumový 24;Těsnění a guma;101;Příjem zboží na objednávku;S;794,670;KS;42,90;34091,34;CZK;;Bossard CZ s.r.o.;;SN9937;;;;SVOBODM;4010 Nákup
21.04.2026;21.04.2026;4900001601;1;1000;0001;1000388;Profil Al 12x37;Hliník;101;Příjem zboží na objednávku;S;399,950;KG;100,11;40038,99;CZK;;ArcelorMittal Distribution;;SN6428;;;;NOVAKJ;4010 Nákup
21.04.2026;21.04.2026;4900001608;1;2000;0001;1000390;Frekvenční měnič 119 kW;Elektro;101;Příjem zboží na objednávku;S;703,740;KS;680,45;478859,88;CZK;;Rubena a.s.;;SN5841;;;;NOVAKJ;4010 Nákup
21.04.2026;21.04.2026;4900001631;1;2000;0001;1000395;Profil Al 33x47;Hliník;101;Příjem zboží na objednávku;S;710,350;KG;128,86;91535,70;CZK;;Elektro Cabel CZ;;SN5509;;;;CERNAT;4010 Nákup
21.04.2026;21.04.2026;4900001639;1;1000;0001;1000397;Motor 114 kW;Elektro;101;Příjem zboží na objednávku;S;164,480;KS;710,22;116816,99;CZK;;Fabory CZ;;SN2466;;;;CERNAT;4010 Nákup
21.04.2026;21.04.2026;4900001844;1;1000;0001;1000162;Manžeta 19x29;Těsnění a guma;261;Výdej do výrobní zakázky;H;-95,620;KS;19,44;-1858,85;CZK;VZ400090;;;;;;;CERNAT;5020 Výroba montáž
21.04.2026;21.04.2026;4900001844;2;1000;0001;1000305;Granulát ABS 54;Plasty;261;Výdej do výrobní zakázky;H;-106,820;KG;83,28;-8895,97;CZK;VZ400090;;;;;;;HORAKT;5030 Výroba obrábění
21.04.2026;21.04.2026;4900001844;3;1000;0001;1000205;Trubka ocelová 6x21;Ocel;261;Výdej do výrobní zakázky;H;-51,100;KG;20,71;-1058,28;CZK;VZ400090;;;;;;;KUCERAL;5030 Výroba obrábění
21.04.2026;21.04.2026;4900001844;4;1000;0001;1000246;Těsnění ploché 116 mm;Těsnění a guma;261;Výdej do výrobní zakázky;H;-87,220;KS;47,79;-4168,24;CZK;VZ400090;;;;;;;KUCERAL;5020 Výroba montáž
21.04.2026;21.04.2026;4900001844;5;1000;0001;1000280;Lak polyuretanový RAL 5010;Nátěry a chemie;261;Výdej do výrobní zakázky;H;-17,080;L;269,15;-4597,08;CZK;VZ400090;;;;;;;DVORAKP;5020 Výroba montáž
21.04.2026;21.04.2026;4900001858;1;2000;0001;1000192;Plech Al 70 mm;Hliník;261;Výdej do výrobní zakázky;H;-126,480;KG;121,62;-15382,50;CZK;VZ400098;;;;;;;KUCERAL;5020 Výroba montáž
21.04.2026;21.04.2026;4900001858;2;2000;0001;1000259;Základní barva RAL 3020;Nátěry a chemie;261;Výdej do výrobní zakázky;H;-51,170;L;236,85;-12119,61;CZK;VZ400098;;;;;;;PROCHAZ;5030 Výroba obrábění
21.04.2026;21.04.2026;4900001858;3;2000;0001;1000247;Profil U 55;Ocel;261;Výdej do výrobní zakázky;H;-79,730;KG;23,08;-1840,17;CZK;VZ400098;;;;;;;NOVAKJ;5030 Výroba obrábění
21.04.2026;21.04.2026;4900001858;4;2000;0001;1000309;Tlumič gumový 24;Těsnění a guma;261;Výdej do výrobní zakázky;H;-19,550;KS;42,90;-838,70;CZK;VZ400098;;;;;;;CERNAT;5030 Výroba obrábění
21.04.2026;21.04.2026;4900001858;5;2000;0001;1000362;Frekvenční měnič 17 kW;Elektro;261;Výdej do výrobní zakázky;H;-197,540;KS;512,26;-101191,84;CZK;VZ400098;;;;;;;PROCHAZ;5020 Výroba montáž
21.04.2026;21.04.2026;4900001858;6;2000;0001;1000380;Profil U 111;Ocel;261;Výdej do výrobní zakázky;H;-66,470;KG;24,59;-1634,50;CZK;VZ400098;;;;;;;PROCHAZ;5020 Výroba montáž
21.04.2026;21.04.2026;4900001858;7;2000;0001;1000130;Deska PE 105 mm;Plasty;261;Výdej do výrobní zakázky;H;-86,700;KG;64,17;-5563,54;CZK;VZ400098;;;;;;;KUCERAL;5030 Výroba obrábění
21.04.2026;21.04.2026;4900001858;8;2000;0001;1000278;Frekvenční měnič 11 kW;Elektro;261;Výdej do výrobní zakázky;H;-20,400;KS;659,54;-13454,62;CZK;VZ400098;;;;;;;HORAKT;5020 Výroba montáž
21.04.2026;21.04.2026;4900001885;1;2000;0003;5000113;Skříň rozvaděče B363;Hotový výrobek;131;Příjem z výroby;S;22,000;KS;1821,81;40079,82;CZK;VZ400114;;;SV9860;;;;CERNAT;5020 Výroba montáž
21.04.2026;21.04.2026;4900002471;1;1000;0003;5000101;Převodovka šneková B301;Hotový výrobek;601;Výdej při dodání zákazníkovi;H;-8,000;KS;9813,50;-78508,00;CZK;;;Magna Exteriors Bohemia;SV1165;115934,57;78508,00;25637,09;HORAKT;6010 Expedice
22.04.2026;22.04.2026;4900000287;1;2000;0001;1000151;Granulát PA6 7;Plasty;101;Příjem zboží na objednávku;S;1757,190;KG;48,47;85171,00;CZK;;PPG Deco Czech;;SN6879;;;;HORAKT;4010 Nákup
22.04.2026;22.04.2026;4900000306;1;1000;0001;1000155;Těsnění ploché 95 mm;Těsnění a guma;101;Příjem zboží na objednávku;S;447,490;KS;30,84;13800,59;CZK;;Metalšrot Tlumačov;;SN4946;;;;HORAKT;4010 Nákup
22.04.2026;22.04.2026;4900000425;1;1000;0001;1000174;Nýt 118x78;Spojovací materiál;101;Příjem zboží na objednávku;S;668,560;KS;11,72;7835,52;CZK;;Alumat s.r.o.;;SN9432;;;;DVORAKP;4010 Nákup
22.04.2026;22.04.2026;4900000592;1;1000;0001;1000205;Trubka ocelová 6x21;Ocel;101;Příjem zboží na objednávku;S;1797,430;KG;24,44;43929,19;CZK;;Fabory CZ;;SN2004;;;;SVOBODM;4010 Nákup
22.04.2026;22.04.2026;4900000683;1;1000;0001;1000222;Motor 80 kW;Elektro;101;Příjem zboží na objednávku;S;467,010;KS;172,02;80335,06;CZK;;Elektro Cabel CZ;;SN3627;;;;CERNAT;4010 Nákup
22.04.2026;22.04.2026;4900000760;1;1000;0001;1000235;Deska PE 105 mm;Plasty;101;Příjem zboží na objednávku;S;2018,480;KG;73,09;147530,70;CZK;;ArcelorMittal Distribution;;SN7061;;;;DVORAKP;4010 Nákup
22.04.2026;22.04.2026;4900001033;1;1000;0001;1000286;Kolík 71x53;Spojovací materiál;101;Příjem zboží na objednávku;S;1144,380;KS;3,28;3753,57;CZK;;Trelleborg Bohemia;;SN1705;;;;HORAKT;4010 Nákup
22.04.2026;22.04.2026;4900001081;1;1000;0001;1000294;Odmašťovač RAL 6011;Nátěry a chemie;101;Příjem zboží na objednávku;S;688,960;L;303,21;208899,56;CZK;;Colorlak a.s.;;SN1735;;;;NOVAKJ;4010 Nákup
22.04.2026;22.04.2026;4900001145;1;2000;0001;1000305;Granulát ABS 54;Plasty;101;Příjem zboží na objednávku;S;794,700;KG;83,28;66182,62;CZK;;ESSA Czech;;SN7290;;;;HORAKT;4010 Nákup
22.04.2026;22.04.2026;4900001282;1;2000;0001;1000330;O-kroužek 39 mm;Těsnění a guma;101;Příjem zboží na objednávku;S;755,660;KS;18,43;13926,81;CZK;;Wurth s.r.o.;;SN8164;;;;DVORAKP;4010 Nákup
22.04.2026;22.04.2026;4900001510;1;2000;0001;1000372;Těsnění ploché 33 mm;Těsnění a guma;101;Příjem zboží na objednávku;S;329,370;KS;46,29;15246,54;CZK;;PPG Deco Czech;;SN3574;;;;SVOBODM;4010 Nákup
22.04.2026;22.04.2026;4900001668;1;1000;0003;5000114;Dopravník pásový C843;Hotový výrobek;131;Příjem z výroby;S;12,000;KS;4628,55;55542,60;CZK;VZ400005;;;SV6599;;;;HORAKT;5020 Výroba montáž
22.04.2026;22.04.2026;4900001721;1;2000;0003;5000139;Ventilová jednotka D215;Hotový výrobek;131;Příjem z výroby;S;25,000;KS;3887,14;97178,50;CZK;VZ400031;;;SV2613;;;;CERNAT;5020 Výroba montáž
22.04.2026;22.04.2026;4900001821;1;2000;0003;5000127;Kryt převodovky D532;Hotový výrobek;131;Příjem z výroby;S;5,000;KS;1451,50;7257,50;CZK;VZ400078;;;SV8856;;;;HORAKT;5020 Výroba montáž
22.04.2026;22.04.2026;4900001824;1;2000;0001;1000271;Čidlo indukční 75 mm;Elektro;261;Výdej do výrobní zakázky;H;-199,540;KS;119,80;-23904,89;CZK;VZ400080;;;;;;;KUCERAL;5030 Výroba obrábění
22.04.2026;22.04.2026;4900001824;2;2000;0001;1000382;Deska PE 55 mm;Plasty;261;Výdej do výrobní zakázky;H;-134,420;KG;70,90;-9530,38;CZK;VZ400080;;;;;;;NOVAKJ;5030 Výroba obrábění
22.04.2026;22.04.2026;4900001824;3;2000;0001;1000166;Motor 76 kW;Elektro;261;Výdej do výrobní zakázky;H;-244,420;KS;333,01;-81394,30;CZK;VZ400080;;;;;;;SVOBODM;5020 Výroba montáž
22.04.2026;22.04.2026;4900001824;4;2000;0001;1000345;Tyč kruhová 110 mm;Ocel;261;Výdej do výrobní zakázky;H;-11,220;KG;36,23;-406,50;CZK;VZ400080;;;;;;;SVOBODM;5030 Výroba obrábění
22.04.2026;22.04.2026;4900001824;5;2000;0001;1000351;O-kroužek 30 mm;Těsnění a guma;261;Výdej do výrobní zakázky;H;-44,660;KS;59,66;-2664,42;CZK;VZ400080;;;;;;;HORAKT;5030 Výroba obrábění
22.04.2026;22.04.2026;4900001824;6;2000;0001;1000177;Plech ocelový 91 mm;Ocel;261;Výdej do výrobní zakázky;H;-17,600;KG;41,14;-724,06;CZK;VZ400080;;;;;;;SVOBODM;5030 Výroba obrábění
22.04.2026;22.04.2026;4900001845;1;1000;0003;5000141;Převodovka šneková F508;Hotový výrobek;131;Příjem z výroby;S;14,000;KS;1789,06;25046,84;CZK;VZ400090;;;SV6270;;;;KUCERAL;5020 Výroba montáž
22.04.2026;22.04.2026;4900001931;1;2000;0003;5000122;Rám podvozkový E427;Hotový výrobek;131;Příjem z výroby;S;31,000;KS;5207,47;161431,57;CZK;VZ400145;;;SV6822;;;;SVOBODM;5020 Výroba montáž
22.04.2026;22.04.2026;4900002017;1;2000;0001;1000235;Deska PE 105 mm;Plasty;261;Výdej do výrobní zakázky;H;-183,600;KG;73,09;-13419,32;CZK;VZ400200;;;;;;;HORAKT;5020 Výroba montáž
22.04.2026;22.04.2026;4900002017;2;2000;0001;1000247;Profil U 55;Ocel;261;Výdej do výrobní zakázky;H;-228,140;KG;23,08;-5265,47;CZK;VZ400200;;;;;;;KUCERAL;5030 Výroba obrábění
22.04.2026;22.04.2026;4900002017;3;2000;0001;1000282;Plech ocelový 15 mm;Ocel;261;Výdej do výrobní zakázky;H;-116,620;KG;32,61;-3802,98;CZK;VZ400200;;;;;;;VESELAM;5030 Výroba obrábění
22.04.2026;22.04.2026;4900002017;4;2000;0001;1000101;Profil Al 82x12;Hliník;261;Výdej do výrobní zakázky;H;-251,600;KG;126,57;-31845,01;CZK;VZ400200;;;;;;;NOVAKJ;5030 Výroba obrábění
22.04.2026;22.04.2026;4900002017;5;2000;0001;1000277;Granulát ABS 15;Plasty;261;Výdej do výrobní zakázky;H;-116,280;KG;36,41;-4233,75;CZK;VZ400200;;;;;;;PROCHAZ;5020 Výroba montáž
22.04.2026;22.04.2026;4900002017;6;2000;0001;1000387;Trubka ocelová 55x68;Ocel;261;Výdej do výrobní zakázky;H;-137,700;KG;29,33;-4038,74;CZK;VZ400200;;;;;;;SVOBODM;5020 Výroba montáž
22.04.2026;22.04.2026;4900002017;7;2000;0001;1000206;Trubka Al 68 mm;Hliník;261;Výdej do výrobní zakázky;H;-113,560;KG;69,44;-7885,61;CZK;VZ400200;;;;;;;HORAKT;5030 Výroba obrábění
22.04.2026;22.04.2026;4900002017;8;2000;0001;1000255;Trubka Al 111 mm;Hliník;261;Výdej do výrobní zakázky;H;-75,140;KG;114,47;-8601,28;CZK;VZ400200;;;;;;;DVORAKP;5030 Výroba obrábění
22.04.2026;22.04.2026;4900002017;9;2000;0001;1000231;Odmašťovač RAL 5010;Nátěry a chemie;261;Výdej do výrobní zakázky;H;-60,180;L;195,83;-11785,05;CZK;VZ400200;;;;;;;CERNAT;5030 Výroba obrábění
22.04.2026;22.04.2026;4900002139;1;1000;0003;5000146;Svařenec nosný E906;Hotový výrobek;131;Příjem z výroby;S;13,000;KS;3723,23;48401,99;CZK;VZ400294;;;SV9407;;;;NOVAKJ;5020 Výroba montáž
22.04.2026;22.04.2026;4900002218;1;2000;0003;5000134;Dopravník pásový E794;Hotový výrobek;601;Výdej při dodání zákazníkovi;H;-7,000;KS;1976,93;-13838,51;CZK;;;Brose CZ spol. s r.o.;SV5379;19422,06;13838,51;4146,00;VESELAM;6010 Expedice
22.04.2026;22.04.2026;4900002424;1;1000;0003;5000107;Kryt převodovky B587;Hotový výrobek;601;Výdej při dodání zákazníkovi;H;-9,000;KS;2113,83;-19024,47;CZK;;;Bosch Diesel s.r.o.;SV9870;20664,30;19024,47;3944,30;NOVAKJ;6010 Expedice
22.04.2026;22.04.2026;4900002472;1;1000;0003;5000110;Čerpadlo odstředivé E673;Hotový výrobek;601;Výdej při dodání zákazníkovi;H;-14,000;KS;1588,38;-22237,32;CZK;;;Magna Exteriors Bohemia;SV7295;36772,67;22237,32;7659,72;NOVAKJ;6010 Expedice
22.04.2026;22.04.2026;4900002483;1;2000;0003;5000124;Dopravník pásový A794;Hotový výrobek;601;Výdej při dodání zákazníkovi;H;-4,000;KS;1487,77;-5951,08;CZK;;;Continental Automotive;SV8016;8704,17;5951,08;1762,87;HORAKT;6010 Expedice
22.04.2026;22.04.2026;4900002504;1;1000;0003;5000140;Čerpadlo odstředivé E290;Hotový výrobek;601;Výdej při dodání zákazníkovi;H;-5,000;KS;4253,35;-21266,75;CZK;;;Mubea CZ s.r.o.;SV2082;32600,98;21266,75;6958,93;PROCHAZ;6010 Expedice
23.04.2026;23.04.2026;4900000021;1;2000;0001;1000103;Čidlo indukční 32 mm;Elektro;101;Příjem zboží na objednávku;S;1175,030;KS;26,60;31255,80;CZK;;Siemens s.r.o.;;SN9332;;;;DVORAKP;4010 Nákup
23.04.2026;23.04.2026;4900000125;1;1000;0001;1000122;Trubka Al 54 mm;Hliník;101;Příjem zboží na objednávku;S;606,430;KG;99,64;60424,69;CZK;;ThyssenKrupp Ferrostal;;SN9082;;;;DVORAKP;4010 Nákup
23.04.2026;23.04.2026;4900000210;1;2000;0001;1000138;Frekvenční měnič 18 kW;Elektro;101;Příjem zboží na objednávku;S;215,470;KS;423,21;91189,06;CZK;;Alumat s.r.o.;;SN1144;;;;NOVAKJ;4010 Nákup
23.04.2026;23.04.2026;4900000965;1;1000;0001;1000273;Lak polyuretanový RAL 3020;Nátěry a chemie;101;Příjem zboží na objednávku;S;1066,040;L;292,88;312221,80;CZK;;Schneider Electric CZ;;SN9851;;;;NOVAKJ;4010 Nákup
23.04.2026;23.04.2026;4900001116;1;2000;0001;1000301;Lak polyuretanový RAL 5010;Nátěry a chemie;101;Příjem zboží na objednávku;S;1345,460;L;339,05;456178,21;CZK;;PPG Deco Czech;;SN9167;;;;CERNAT;4010 Nákup
23.04.2026;23.04.2026;4900001264;1;1000;0001;1000327;Stykač 56 A;Elektro;101;Příjem zboží na objednávku;S;817,850;KS;238,71;195228,97;CZK;;Elektro Cabel CZ;;SN8839;;;;PROCHAZ;4010 Nákup
23.04.2026;23.04.2026;4900001694;1;1000;0003;5000104;Dopravník pásový E932;Hotový výrobek;131;Příjem z výroby;S;5,000;KS;2436,00;12180,00;CZK;VZ400018;;;SV2304;;;;KUCERAL;5020 Výroba montáž
23.04.2026;23.04.2026;4900001859;1;2000;0003;5000131;Převodovka šneková B156;Hotový výrobek;131;Příjem z výroby;S;17,000;KS;10607,58;180328,86;CZK;VZ400098;;;SV6402;;;;PROCHAZ;5020 Výroba montáž
23.04.2026;23.04.2026;4900001860;1;2000;0001;1000289;Plech ocelový 110 mm;Ocel;261;Výdej do výrobní zakázky;H;-64,020;KG;23,40;-1498,07;CZK;VZ400099;;;;;;;HORAKT;5030 Výroba obrábění
23.04.2026;23.04.2026;4900001860;2;2000;0001;1000202;Kolík 46x32;Spojovací materiál;261;Výdej do výrobní zakázky;H;-174,460;KS;2,81;-490,23;CZK;VZ400099;;;;;;;CERNAT;5020 Výroba montáž
23.04.2026;23.04.2026;4900001860;3;2000;0001;1000309;Tlumič gumový 24;Těsnění a guma;261;Výdej do výrobní zakázky;H;-243,100;KS;42,90;-10428,99;CZK;VZ400099;;;;;;;KUCERAL;5030 Výroba obrábění
23.04.2026;23.04.2026;4900001860;4;2000;0001;1000223;Šroub M2x48;Spojovací materiál;261;Výdej do výrobní zakázky;H;-139,040;KS;10,18;-1415,43;CZK;VZ400099;;;;;;;DVORAKP;5020 Výroba montáž
23.04.2026;23.04.2026;4900001860;5;2000;0001;1000330;O-kroužek 39 mm;Těsnění a guma;261;Výdej do výrobní zakázky;H;-15,620;KS;18,43;-287,88;CZK;VZ400099;;;;;;;NOVAKJ;5030 Výroba obrábění
23.04.2026;23.04.2026;4900001860;6;2000;0001;1000381;Trubka Al 117 mm;Hliník;261;Výdej do výrobní zakázky;H;-141,240;KG;64,58;-9121,28;CZK;VZ400099;;;;;;;HORAKT;5020 Výroba montáž
23.04.2026;23.04.2026;4900001860;7;2000;0001;1000319;Granulát PA6 44;Plasty;261;Výdej do výrobní zakázky;H;-70,180;KG;71,64;-5027,70;CZK;VZ400099;;;;;;;DVORAKP;5020 Výroba montáž
23.04.2026;23.04.2026;4900001860;8;2000;0001;1000344;Tlumič gumový 31;Těsnění a guma;261;Výdej do výrobní zakázky;H;-197,340;KS;11,20;-2210,21;CZK;VZ400099;;;;;;;PROCHAZ;5030 Výroba obrábění
23.04.2026;23.04.2026;4900001860;9;2000;0001;1000209;Matice M37;Spojovací materiál;261;Výdej do výrobní zakázky;H;-239,580;KS;14,07;-3370,89;CZK;VZ400099;;;;;;;DVORAKP;5020 Výroba montáž
23.04.2026;23.04.2026;4900001932;1;1000;0001;1000348;Motor 108 kW;Elektro;261;Výdej do výrobní zakázky;H;-384,420;KS;739,67;-284343,94;CZK;VZ400146;;;;;;;PROCHAZ;5030 Výroba obrábění
23.04.2026;23.04.2026;4900001932;2;1000;0001;1000302;Tlumič gumový 20;Těsnění a guma;261;Výdej do výrobní zakázky;H;-308,310;KS;4,51;-1390,48;CZK;VZ400146;;;;;;;DVORAKP;5030 Výroba obrábění
23.04.2026;23.04.2026;4900001932;3;1000;0001;1000373;Tyč kruhová 44 mm;Ocel;261;Výdej do výrobní zakázky;H;-51,600;KG;31,69;-1635,20;CZK;VZ400146;;;;;;;HORAKT;5020 Výroba montáž
23.04.2026;23.04.2026;4900001932;4;1000;0001;1000108;Plech Al 76 mm;Hliník;261;Výdej do výrobní zakázky;H;-199,520;KG;68,38;-13643,18;CZK;VZ400146;;;;;;;SVOBODM;5020 Výroba montáž
23.04.2026;23.04.2026;4900001932;5;1000;0001;1000205;Trubka ocelová 6x21;Ocel;261;Výdej do výrobní zakázky;H;-95,460;KG;20,71;-1976,98;CZK;VZ400146;;;;;;;KUCERAL;5030 Výroba obrábění
23.04.2026;23.04.2026;4900001932;6;1000;0001;1000218;Manžeta 40x54;Těsnění a guma;261;Výdej do výrobní zakázky;H;-287,670;KS;53,05;-15260,89;CZK;VZ400146;;;;;;;VESELAM;5030 Výroba obrábění
23.04.2026;23.04.2026;4900001932;7;1000;0001;1000295;Těsnění ploché 61 mm;Těsnění a guma;261;Výdej do výrobní zakázky;H;-170,710;KS;18,17;-3101,80;CZK;VZ400146;;;;;;;CERNAT;5030 Výroba obrábění
23.04.2026;23.04.2026;4900001932;8;1000;0001;1000300;Šroub M24x45;Spojovací materiál;261;Výdej do výrobní zakázky;H;-42,570;KS;2,77;-117,92;CZK;VZ400146;;;;;;;KUCERAL;5030 Výroba obrábění
23.04.2026;23.04.2026;4900001933;1;1000;0001;1000218;Manžeta 40x54;Těsnění a guma;551;Výdej do šrotu;H;-7,770;KS;53,05;-412,20;CZK;VZ400146;;;;;;;HORAKT;5030 Výroba obrábění
23.04.2026;23.04.2026;4900002018;1;2000;0003;5000125;Hydraulický agregát B836;Hotový výrobek;131;Příjem z výroby;S;34,000;KS;3170,53;107798,02;CZK;VZ400200;;;SV5395;;;;NOVAKJ;5020 Výroba montáž
23.04.2026;23.04.2026;4900002042;1;1000;0003;5000112;Rám podvozkový A238;Hotový výrobek;131;Příjem z výroby;S;39,000;KS;1349,43;52627,77;CZK;VZ400214;;;SV9543;;;;PROCHAZ;5020 Výroba montáž
23.04.2026;23.04.2026;4900002053;1;1000;0001;1000183;O-kroužek 107 mm;Těsnění a guma;261;Výdej do výrobní zakázky;H;-365,200;KS;51,09;-18658,07;CZK;VZ400223;;;;;;;VESELAM;5030 Výroba obrábění
23.04.2026;23.04.2026;4900002053;2;1000;0001;1000375;Deska PE 101 mm;Plasty;261;Výdej do výrobní zakázky;H;-42,800;KG;63,57;-2720,80;CZK;VZ400223;;;;;;;CERNAT;5020 Výroba montáž
23.04.2026;23.04.2026;4900002053;3;1000;0001;1000167;Nýt 105x50;Spojovací materiál;261;Výdej do výrobní zakázky;H;-248,800;KS;10,11;-2515,37;CZK;VZ400223;;;;;;;KUCERAL;5020 Výroba montáž
23.04.2026;23.04.2026;4900002053;4;1000;0001;1000245;Ředidlo S51;Nátěry a chemie;261;Výdej do výrobní zakázky;H;-76,000;L;96,37;-7324,12;CZK;VZ400223;;;;;;;KUCERAL;5020 Výroba montáž
23.04.2026;23.04.2026;4900002053;5;1000;0001;1000130;Deska PE 105 mm;Plasty;261;Výdej do výrobní zakázky;H;-136,000;KG;64,17;-8727,12;CZK;VZ400223;;;;;;;KUCERAL;5020 Výroba montáž
23.04.2026;23.04.2026;4900002053;6;1000;0001;1000111;Podložka 21;Spojovací materiál;261;Výdej do výrobní zakázky;H;-219,200;KS;16,00;-3507,20;CZK;VZ400223;;;;;;;HORAKT;5020 Výroba montáž
23.04.2026;23.04.2026;4900002069;1;1000;0003;5000107;Kryt převodovky B587;Hotový výrobek;131;Příjem z výroby;S;16,000;KS;2113,83;33821,28;CZK;VZ400237;;;SV1011;;;;KUCERAL;5020 Výroba montáž
23.04.2026;23.04.2026;4900002337;1;1000;0003;5000104;Dopravník pásový E932;Hotový výrobek;601;Výdej při dodání zákazníkovi;H;-17,000;KS;2436,00;-41412,00;CZK;;;Bonatrans Group a.s.;SV5617;54216,44;41412,00;12244,96;KUCERAL;6010 Expedice
23.04.2026;23.04.2026;4900002466;1;1000;0003;5000101;Převodovka šneková B301;Hotový výrobek;601;Výdej při dodání zákazníkovi;H;-4,000;KS;9813,50;-39254,00;CZK;;;Koyo Bearings ČR;SV5893;57118,97;39254,00;10930,80;VESELAM;6010 Expedice
23.04.2026;23.04.2026;4900002521;1;1000;0003;5000142;Rám podvozkový A874;Hotový výrobek;601;Výdej při dodání zákazníkovi;H;-17,000;KS;7208,74;-122548,58;CZK;;;Brose CZ spol. s r.o.;SV3863;189203,34;122548,58;41253,31;PROCHAZ;6010 Expedice
24.04.2026;24.04.2026;4900000011;1;2000;0001;1000101;Profil Al 82x12;Hliník;101;Příjem zboží na objednávku;S;2165,050;KG;126,57;274030,38;CZK;;Bossard CZ s.r.o.;;SN9711;;;;VESELAM;4010 Nákup
24.04.2026;24.04.2026;4900000050;1;1000;0001;1000109;Granulát PA6 108;Plasty;101;Příjem zboží na objednávku;S;1078,320;KG;65,68;70824,06;CZK;;Bossard CZ s.r.o.;;SN4932;;;;VESELAM;4010 Nákup
24.04.2026;24.04.2026;4900000279;1;2000;0001;1000149;Trubka ocelová 66x16;Ocel;101;Příjem zboží na objednávku;S;2155,730;KG;29,75;64132,97;CZK;;ArcelorMittal Distribution;;SN2995;;;;VESELAM;4010 Nákup
24.04.2026;24.04.2026;4900000659;1;1000;0001;1000217;Odmašťovač RAL 6011;Nátěry a chemie;101;Příjem zboží na objednávku;S;373,250;L;302,81;113023,83;CZK;;Resinex CZ s.r.o.;;SN5038;;;;PROCHAZ;4010 Nákup
24.04.2026;24.04.2026;4900000718;1;1000;0001;1000228;Deska PE 53 mm;Plasty;101;Příjem zboží na objednávku;S;1438,600;KG;70,90;101996,74;CZK;;Rubena a.s.;;SN2394;;;;KUCERAL;4010 Nákup
24.04.2026;24.04.2026;4900000854;1;2000;0001;1000252;Ředidlo S24;Nátěry a chemie;101;Příjem zboží na objednávku;S;1281,340;L;270,93;347153,45;CZK;;ABB s.r.o.;;SN9203;;;;DVORAKP;4010 Nákup
24.04.2026;24.04.2026;4900001213;1;1000;0001;1000317;Plech ocelový 81 mm;Ocel;101;Příjem zboží na objednávku;S;1703,750;KG;34,02;57961,58;CZK;;Wurth s.r.o.;;SN1175;;;;NOVAKJ;4010 Nákup
24.04.2026;24.04.2026;4900001529;1;2000;0001;1000376;Kabel CYKY 40x24;Elektro;101;Příjem zboží na objednávku;S;257,440;KS;338,22;87071,36;CZK;;Plastika Nitra a.s.;;SN7316;;;;NOVAKJ;4010 Nákup
24.04.2026;24.04.2026;4900001632;1;2000;0001;1000395;Profil Al 33x47;Hliník;101;Příjem zboží na objednávku;S;957,240;KG;128,86;123349,95;CZK;;Alumat s.r.o.;;SN5077;;;;KUCERAL;4010 Nákup
24.04.2026;24.04.2026;4900001819;1;2000;0003;5000113;Skříň rozvaděče B363;Hotový výrobek;131;Příjem z výroby;S;7,000;KS;1821,81;12752,67;CZK;VZ400077;;;SV8287;;;;VESELAM;5020 Výroba montáž
24.04.2026;24.04.2026;4900001829;1;2000;0003;5000122;Rám podvozkový E427;Hotový výrobek;131;Příjem z výroby;S;17,000;KS;5207,47;88526,99;CZK;VZ400082;;;SV7997;;;;NOVAKJ;5020 Výroba montáž
24.04.2026;24.04.2026;4900001842;1;1000;0001;1000385;Odmašťovač RAL 6011;Nátěry a chemie;261;Výdej do výrobní zakázky;H;-113,400;L;320,08;-36297,07;CZK;VZ400089;;;;;;;CERNAT;5020 Výroba montáž
24.04.2026;24.04.2026;4900001842;2;1000;0001;1000363;Kolík 119x35;Spojovací materiál;261;Výdej do výrobní zakázky;H;-293,650;KS;5,72;-1679,68;CZK;VZ400089;;;;;;;KUCERAL;5030 Výroba obrábění
24.04.2026;24.04.2026;4900001842;3;1000;0001;1000261;Profil U 10;Ocel;261;Výdej do výrobní zakázky;H;-194,250;KG;33,90;-6585,07;CZK;VZ400089;;;;;;;KUCERAL;5020 Výroba montáž
24.04.2026;24.04.2026;4900001842;4;1000;0001;1000381;Trubka Al 117 mm;Hliník;261;Výdej do výrobní zakázky;H;-257,600;KG;64,58;-16635,81;CZK;VZ400089;;;;;;;VESELAM;5030 Výroba obrábění
24.04.2026;24.04.2026;4900001842;5;1000;0001;1000104;Nýt 57x11;Spojovací materiál;261;Výdej do výrobní zakázky;H;-288,050;KS;5,48;-1578,51;CZK;VZ400089;;;;;;;KUCERAL;5030 Výroba obrábění
24.04.2026;24.04.2026;4900001842;6;1000;0001;1000330;O-kroužek 39 mm;Těsnění a guma;261;Výdej do výrobní zakázky;H;-274,400;KS;18,43;-5057,19;CZK;VZ400089;;;;;;;HORAKT;5020 Výroba montáž
24.04.2026;24.04.2026;4900001842;7;1000;0001;1000253;Těsnění ploché 56 mm;Těsnění a guma;261;Výdej do výrobní zakázky;H;-217,350;KS;7,50;-1630,13;CZK;VZ400089;;;;;;;HORAKT;5020 Výroba montáž
24.04.2026;24.04.2026;4900001912;1;2000;0001;1000175;Odmašťovač RAL 7035;Nátěry a chemie;261;Výdej do výrobní zakázky;H;-281,940;L;263,16;-74195,33;CZK;VZ400132;;;;;;;HORAKT;5030 Výroba obrábění
24.04.2026;24.04.2026;4900001912;2;2000;0001;1000237;Kolík 80x54;Spojovací materiál;261;Výdej do výrobní zakázky;H;-27,010;KS;4,33;-116,95;CZK;VZ400132;;;;;;;PROCHAZ;5020 Výroba montáž
24.04.2026;24.04.2026;4900001912;3;2000;0001;1000356;Podložka 42;Spojovací materiál;261;Výdej do výrobní zakázky;H;-179,080;KS;4,27;-764,67;CZK;VZ400132;;;;;;;SVOBODM;5020 Výroba montáž
24.04.2026;24.04.2026;4900001912;4;2000;0001;1000277;Granulát ABS 15;Plasty;261;Výdej do výrobní zakázky;H;-161,690;KG;36,41;-5887,13;CZK;VZ400132;;;;;;;VESELAM;5030 Výroba obrábění
24.04.2026;24.04.2026;4900001912;5;2000;0001;1000295;Těsnění ploché 61 mm;Těsnění a guma;261;Výdej do výrobní zakázky;H;-418,840;KS;18,17;-7610,32;CZK;VZ400132;;;;;;;CERNAT;5030 Výroba obrábění
24.04.2026;24.04.2026;4900001912;6;2000;0001;1000217;Odmašťovač RAL 6011;Nátěry a chemie;261;Výdej do výrobní zakázky;H;-263,070;L;302,81;-79660,23;CZK;VZ400132;;;;;;;PROCHAZ;5030 Výroba obrábění
24.04.2026;24.04.2026;4900001934;1;1000;0003;5000103;Skříň rozvaděče D186;Hotový výrobek;131;Příjem z výroby;S;43,000;KS;8539,73;367208,39;CZK;VZ400146;;;SV9898;;;;KUCERAL;5020 Výroba montáž
24.04.2026;24.04.2026;4900002043;1;1000;0001;1000380;Profil U 111;Ocel;261;Výdej do výrobní zakázky;H;-70,720;KG;24,59;-1739,00;CZK;VZ400215;;;;;;;PROCHAZ;5020 Výroba montáž
24.04.2026;24.04.2026;4900002043;2;1000;0001;1000215;Motor 73 kW;Elektro;261;Výdej do výrobní zakázky;H;-253,980;KS;175,44;-44558,25;CZK;VZ400215;;;;;;;SVOBODM;5030 Výroba obrábění
24.04.2026;24.04.2026;4900002043;3;1000;0001;1000325;Trubka Al 2 mm;Hliník;261;Výdej do výrobní zakázky;H;-28,560;KG;72,94;-2083,17;CZK;VZ400215;;;;;;;CERNAT;5020 Výroba montáž
24.04.2026;24.04.2026;4900002043;4;1000;0001;1000280;Lak polyuretanový RAL 5010;Nátěry a chemie;261;Výdej do výrobní zakázky;H;-175,440;L;269,15;-47219,68;CZK;VZ400215;;;;;;;CERNAT;5020 Výroba montáž
24.04.2026;24.04.2026;4900002043;5;1000;0001;1000165;Deska PE 38 mm;Plasty;261;Výdej do výrobní zakázky;H;-33,320;KG;43,33;-1443,76;CZK;VZ400215;;;;;;;SVOBODM;5020 Výroba montáž
24.04.2026;24.04.2026;4900002043;6;1000;0001;1000224;Lak polyuretanový RAL 6011;Nátěry a chemie;261;Výdej do výrobní zakázky;H;-89,760;L;165,51;-14856,18;CZK;VZ400215;;;;;;;CERNAT;5020 Výroba montáž
24.04.2026;24.04.2026;4900002073;1;1000;0003;5000129;Ventilová jednotka F138;Hotový výrobek;131;Příjem z výroby;S;12,000;KS;5816,31;69795,72;CZK;VZ400239;;;SV8658;;;;CERNAT;5020 Výroba montáž
24.04.2026;24.04.2026;4900002108;1;2000;0001;1000235;Deska PE 105 mm;Plasty;261;Výdej do výrobní zakázky;H;-54,000;KG;73,09;-3946,86;CZK;VZ400270;;;;;;;PROCHAZ;5030 Výroba obrábění
24.04.2026;24.04.2026;4900002108;2;2000;0001;1000247;Profil U 55;Ocel;261;Výdej do výrobní zakázky;H;-67,100;KG;23,08;-1548,67;CZK;VZ400270;;;;;;;HORAKT;5030 Výroba obrábění
24.04.2026;24.04.2026;4900002108;3;2000;0001;1000282;Plech ocelový 15 mm;Ocel;261;Výdej do výrobní zakázky;H;-34,300;KG;32,61;-1118,52;CZK;VZ400270;;;;;;;NOVAKJ;5020 Výroba montáž
24.04.2026;24.04.2026;4900002108;4;2000;0001;1000101;Profil Al 82x12;Hliník;261;Výdej do výrobní zakázky;H;-74,000;KG;126,57;-9366,18;CZK;VZ400270;;;;;;;NOVAKJ;5030 Výroba obrábění
24.04.2026;24.04.2026;4900002108;5;2000;0001;1000277;Granulát ABS 15;Plasty;261;Výdej do výrobní zakázky;H;-34,200;KG;36,41;-1245,22;CZK;VZ400270;;;;;;;DVORAKP;5020 Výroba montáž
24.04.2026;24.04.2026;4900002108;6;2000;0001;1000387;Trubka ocelová 55x68;Ocel;261;Výdej do výrobní zakázky;H;-40,500;KG;29,33;-1187,87;CZK;VZ400270;;;;;;;KUCERAL;5030 Výroba obrábění
24.04.2026;24.04.2026;4900002108;7;2000;0001;1000206;Trubka Al 68 mm;Hliník;261;Výdej do výrobní zakázky;H;-33,400;KG;69,44;-2319,30;CZK;VZ400270;;;;;;;DVORAKP;5020 Výroba montáž
24.04.2026;24.04.2026;4900002108;8;2000;0001;1000255;Trubka Al 111 mm;Hliník;261;Výdej do výrobní zakázky;H;-22,100;KG;114,47;-2529,79;CZK;VZ400270;;;;;;;PROCHAZ;5030 Výroba obrábění
24.04.2026;24.04.2026;4900002108;9;2000;0001;1000231;Odmašťovač RAL 5010;Nátěry a chemie;261;Výdej do výrobní zakázky;H;-17,700;L;195,83;-3466,19;CZK;VZ400270;;;;;;;KUCERAL;5030 Výroba obrábění
24.04.2026;24.04.2026;4900002178;1;2000;0003;5000124;Dopravník pásový A794;Hotový výrobek;601;Výdej při dodání zákazníkovi;H;-36,000;KS;1487,77;-53559,72;CZK;;;Strojírny Prostějov a.s.;SV6837;79904,54;53559,72;15490,68;CERNAT;6010 Expedice
24.04.2026;24.04.2026;4900002228;1;2000;0003;5000109;Ventilová jednotka D945;Hotový výrobek;601;Výdej při dodání zákazníkovi;H;-14,000;KS;15315,80;-214421,20;CZK;;;Tatra Trucks a.s.;SV9020;326832,08;214421,20;55879,64;SVOBODM;6010 Expedice
24.04.2026;24.04.2026;4900002349;1;2000;0003;5000131;Převodovka šneková B156;Hotový výrobek;601;Výdej při dodání zákazníkovi;H;-17,000;KS;10607,58;-180328,86;CZK;;;Hella Autotechnik Nova;SV7980;233589,62;180328,86;43498,76;DVORAKP;6010 Expedice
24.04.2026;24.04.2026;4900002354;1;1000;0003;5000116;Svařenec nosný E926;Hotový výrobek;601;Výdej při dodání zákazníkovi;H;-30,000;KS;635,56;-19066,80;CZK;;;Bonatrans Group a.s.;SV5356;28109,27;19066,80;5786,26;NOVAKJ;6010 Expedice
24.04.2026;24.04.2026;4900002375;1;2000;0003;5000113;Skříň rozvaděče B363;Hotový výrobek;601;Výdej při dodání zákazníkovi;H;-3,000;KS;1821,81;-5465,43;CZK;;;Bosch Diesel s.r.o.;SV2152;8821,27;5465,43;1644,60;CERNAT;6010 Expedice
24.04.2026;24.04.2026;4900002473;1;1000;0003;5000110;Čerpadlo odstředivé E673;Hotový výrobek;601;Výdej při dodání zákazníkovi;H;-7,000;KS;1588,38;-11118,66;CZK;;;Agrostroj Pelhřimov a.s.;SV5355;18330,61;11118,66;3859,77;CERNAT;6010 Expedice
24.04.2026;24.04.2026;4900002575;1;2000;0003;5000109;Ventilová jednotka D945;Hotový výrobek;601;Výdej při dodání zákazníkovi;H;-15,000;KS;15315,80;-229737,00;CZK;;;Škoda Auto a.s.;SV2763;345791,88;229737,00;70827,60;NOVAKJ;6010 Expedice
24.04.2026;24.04.2026;4900002628;1;2000;0001;1000101;Profil Al 82x12;Hliník;102;Storno příjmu zboží;H;-2165,050;KG;126,57;-274030,38;CZK;;Bossard CZ s.r.o.;;SN9711;;;;VESELAM;4010 Nákup
27.04.2026;27.04.2026;4900000178;1;2000;0001;1000131;Čidlo indukční 113 mm;Elektro;101;Příjem zboží na objednávku;S;188,030;KS;756,41;142227,77;CZK;;Trelleborg Bohemia;;SN6923;;;;VESELAM;4010 Nákup
27.04.2026;27.04.2026;4900000276;1;2000;0001;1000149;Trubka ocelová 66x16;Ocel;101;Příjem zboží na objednávku;S;694,230;KG;29,75;20653,34;CZK;;Siemens s.r.o.;;SN2552;;;;KUCERAL;4010 Nákup
27.04.2026;27.04.2026;4900000293;1;1000;0001;1000152;Frekvenční měnič 74 kW;Elektro;101;Příjem zboží na objednávku;S;336,540;KS;607,08;204306,70;CZK;;Siemens s.r.o.;;SN7000;;;;NOVAKJ;4010 Nákup
27.04.2026;27.04.2026;4900000392;1;1000;0001;1000169;O-kroužek 90 mm;Těsnění a guma;101;Příjem zboží na objednávku;S;865,830;KS;8,34;7221,02;CZK;;Alumat s.r.o.;;SN1364;;;;CERNAT;4010 Nákup
27.04.2026;27.04.2026;4900000458;1;2000;0001;1000180;Čidlo indukční 72 mm;Elektro;101;Příjem zboží na objednávku;S;170,210;KS;500,05;85113,51;CZK;;ESSA Czech;;SN2019;;;;SVOBODM;4010 Nákup
27.04.2026;27.04.2026;4900000768;1;2000;0001;1000236;Stykač 75 A;Elektro;101;Příjem zboží na objednávku;S;239,410;KS;482,61;115541,66;CZK;;ArcelorMittal Distribution;;SN6390;;;;DVORAKP;4010 Nákup
27.04.2026;27.04.2026;4900000871;1;2000;0001;1000255;Trubka Al 111 mm;Hliník;101;Příjem zboží na objednávku;S;720,390;KG;114,47;82463,04;CZK;;Alumat s.r.o.;;SN4452;;;;DVORAKP;4010 Nákup
27.04.2026;27.04.2026;4900000884;1;2000;0001;1000257;Kabel CYKY 73x66;Elektro;101;Příjem zboží na objednávku;S;598,480;KS;863,64;516871,27;CZK;;ABB s.r.o.;;SN4353;;;;DVORAKP;4010 Nákup
27.04.2026;27.04.2026;4900001079;1;1000;0001;1000294;Odmašťovač RAL 6011;Nátěry a chemie;101;Příjem zboží na objednávku;S;2095,340;L;303,21;635328,04;CZK;;Hennlich s.r.o.;;SN2039;;;;NOVAKJ;4010 Nákup
27.04.2026;27.04.2026;4900001112;1;1000;0001;1000299;Čidlo indukční 99 mm;Elektro;101;Příjem zboží na objednávku;S;218,330;KS;576,77;125926,19;CZK;;Hilti ČR s.r.o.;;SN3268;;;;SVOBODM;4010 Nákup
27.04.2026;27.04.2026;4900001219;1;2000;0001;1000318;Plech Al 86 mm;Hliník;101;Příjem zboží na objednávku;S;397,520;KG;63,81;25365,75;CZK;;Metalšrot Tlumačov;;SN1261;;;;HORAKT;4010 Nákup
27.04.2026;27.04.2026;4900001292;1;2000;0001;1000331;Tyč kruhová 92 mm;Ocel;101;Příjem zboží na objednávku;S;189,880;KG;47,93;9100,95;CZK;;Bossard CZ s.r.o.;;SN5721;;;;NOVAKJ;4010 Nákup
27.04.2026;27.04.2026;4900001337;1;2000;0001;1000341;Motor 96 kW;Elektro;101;Příjem zboží na objednávku;S;924,230;KS;613,57;567079,80;CZK;;PPG Deco Czech;;SN4739;;;;VESELAM;4010 Nákup
27.04.2026;27.04.2026;4900001398;1;2000;0001;1000352;Tyč kruhová 110 mm;Ocel;101;Příjem zboží na objednávku;S;1435,000;KG;50,92;73070,20;CZK;;Rubena a.s.;;SN7381;;;;VESELAM;4010 Nákup
27.04.2026;27.04.2026;4900001506;1;2000;0001;1000371;Lak polyuretanový RAL 5010;Nátěry a chemie;101;Příjem zboží na objednávku;S;1808,240;L;210,04;379802,73;CZK;;Colorlak a.s.;;SN7656;;;;VESELAM;4010 Nákup
27.04.2026;27.04.2026;4900001825;1;2000;0003;5000117;Kryt převodovky F393;Hotový výrobek;131;Příjem z výroby;S;22,000;KS;6197,29;136340,38;CZK;VZ400080;;;SV8738;;;;SVOBODM;5020 Výroba montáž
27.04.2026;27.04.2026;4900001850;1;1000;0001;1000385;Odmašťovač RAL 6011;Nátěry a chemie;261;Výdej do výrobní zakázky;H;-16,200;L;320,08;-5185,30;CZK;VZ400094;;;;;;;SVOBODM;5030 Výroba obrábění
27.04.2026;27.04.2026;4900001850;2;1000;0001;1000363;Kolík 119x35;Spojovací materiál;261;Výdej do výrobní zakázky;H;-41,950;KS;5,72;-239,95;CZK;VZ400094;;;;;;;DVORAKP;5020 Výroba montáž
27.04.2026;27.04.2026;4900001850;3;1000;0001;1000261;Profil U 10;Ocel;261;Výdej do výrobní zakázky;H;-27,750;KG;33,90;-940,72;CZK;VZ400094;;;;;;;CERNAT;5020 Výroba montáž
27.04.2026;27.04.2026;4900001850;4;1000;0001;1000381;Trubka Al 117 mm;Hliník;261;Výdej do výrobní zakázky;H;-36,800;KG;64,58;-2376,54;CZK;VZ400094;;;;;;;HORAKT;5030 Výroba obrábění
27.04.2026;27.04.2026;4900001850;5;1000;0001;1000104;Nýt 57x11;Spojovací materiál;261;Výdej do výrobní zakázky;H;-41,150;KS;5,48;-225,50;CZK;VZ400094;;;;;;;KUCERAL;5030 Výroba obrábění
27.04.2026;27.04.2026;4900001850;6;1000;0001;1000330;O-kroužek 39 mm;Těsnění a guma;261;Výdej do výrobní zakázky;H;-39,200;KS;18,43;-722,46;CZK;VZ400094;;;;;;;SVOBODM;5030 Výroba obrábění
27.04.2026;27.04.2026;4900001850;7;1000;0001;1000253;Těsnění ploché 56 mm;Těsnění a guma;261;Výdej do výrobní zakázky;H;-31,050;KS;7,50;-232,88;CZK;VZ400094;;;;;;;PROCHAZ;5030 Výroba obrábění
27.04.2026;27.04.2026;4900001851;1;1000;0001;1000330;O-kroužek 39 mm;Těsnění a guma;551;Výdej do šrotu;H;-17,300;KS;18,43;-318,84;CZK;VZ400094;;;;;;;DVORAKP;5030 Výroba obrábění
27.04.2026;27.04.2026;4900002255;1;2000;0003;5000117;Kryt převodovky F393;Hotový výrobek;601;Výdej při dodání zákazníkovi;H;-8,000;KS;6197,29;-49578,32;CZK;;;Strojírny Prostějov a.s.;SV7925;69990,77;49578,32;14449,25;CERNAT;6010 Expedice
27.04.2026;27.04.2026;4900002257;1;2000;0003;5000117;Kryt převodovky F393;Hotový výrobek;601;Výdej při dodání zákazníkovi;H;-4,000;KS;6197,29;-24789,16;CZK;;;Škoda Auto a.s.;SV3272;34070,74;24789,16;6235,06;VESELAM;6010 Expedice
27.04.2026;27.04.2026;4900002426;1;1000;0003;5000107;Kryt převodovky B587;Hotový výrobek;601;Výdej při dodání zákazníkovi;H;-2,000;KS;2113,83;-4227,66;CZK;;;Hella Autotechnik Nova;SV3058;3857,43;4227,66;686,12;SVOBODM;6010 Expedice
27.04.2026;27.04.2026;4900002484;1;2000;0003;5000124;Dopravník pásový A794;Hotový výrobek;601;Výdej při dodání zákazníkovi;H;-7,000;KS;1487,77;-10414,39;CZK;;;Juta a.s.;SV7119;14704,76;10414,39;2773,71;KUCERAL;6010 Expedice
27.04.2026;27.04.2026;4900002579;1;1000;0003;5000140;Čerpadlo odstředivé E290;Hotový výrobek;601;Výdej při dodání zákazníkovi;H;-2,000;KS;4253,35;-8506,70;CZK;;;Vítkovice Machinery;SV6799;13588,32;8506,70;3112,77;PROCHAZ;6010 Expedice
27.04.2026;27.04.2026;4900002614;1;1000;0003;5000146;Svařenec nosný E906;Hotový výrobek;601;Výdej při dodání zákazníkovi;H;-6,000;KS;3723,23;-22339,38;CZK;;;Hanon Systems Autopal;SV2449;33870,47;22339,38;6343,09;HORAKT;6010 Expedice
27.04.2026;27.04.2026;4900002615;1;1000;0003;5000146;Svařenec nosný E906;Hotový výrobek;601;Výdej při dodání zákazníkovi;H;-7,000;KS;3723,23;-26062,61;CZK;;;Magna Exteriors Bohemia;SV5194;41463,03;26062,61;8156,82;CERNAT;6010 Expedice
28.04.2026;28.04.2026;4900000212;1;1000;0001;1000139;Nýt 46x36;Spojovací materiál;101;Příjem zboží na objednávku;S;149,630;KS;4,20;628,45;CZK;;Killich s.r.o.;;SN1957;;;;NOVAKJ;4010 Nákup
28.04.2026;28.04.2026;4900000400;1;2000;0001;1000170;Trubka ocelová 73x65;Ocel;101;Příjem zboží na objednávku;S;533,350;KG;27,88;14869,80;CZK;;Bibus s.r.o.;;SN4805;;;;SVOBODM;4010 Nákup
28.04.2026;28.04.2026;4900000441;1;2000;0001;1000177;Plech ocelový 91 mm;Ocel;101;Příjem zboží na objednávku;S;1818,450;KG;48,55;88285,75;CZK;;Fabory CZ;;SN9408;;;;CERNAT;4010 Nákup
28.04.2026;28.04.2026;4900000543;1;2000;0001;1000196;Odmašťovač RAL 3020;Nátěry a chemie;101;Příjem zboží na objednávku;S;630,090;L;250,63;157919,46;CZK;;Hilti ČR s.r.o.;;SN7769;;;;VESELAM;4010 Nákup
28.04.2026;28.04.2026;4900000610;1;1000;0001;1000207;Granulát PA6 54;Plasty;101;Příjem zboží na objednávku;S;155,970;KG;68,70;10715,14;CZK;;Schneider Electric CZ;;SN8715;;;;DVORAKP;4010 Nákup
28.04.2026;28.04.2026;4900000751;1;1000;0001;1000234;Plech Al 44 mm;Hliník;101;Příjem zboží na objednávku;S;2122,650;KG;95,56;202840,43;CZK;;Metalšrot Tlumačov;;SN2547;;;;DVORAKP;4010 Nákup
28.04.2026;28.04.2026;4900001342;1;2000;0001;1000342;Kolík 101x36;Spojovací materiál;101;Příjem zboží na objednávku;S;347,760;KS;0,90;312,98;CZK;;Bossard CZ s.r.o.;;SN7149;;;;VESELAM;4010 Nákup
28.04.2026;28.04.2026;4900001386;1;2000;0001;1000349;Podložka 13;Spojovací materiál;101;Příjem zboží na objednávku;S;482,320;KS;13,44;6482,38;CZK;;Alumat s.r.o.;;SN2757;;;;VESELAM;4010 Nákup
28.04.2026;28.04.2026;4900001843;1;1000;0003;5000104;Dopravník pásový E932;Hotový výrobek;131;Příjem z výroby;S;35,000;KS;2436,00;85260,00;CZK;VZ400089;;;SV8600;;;;KUCERAL;5020 Výroba montáž
28.04.2026;28.04.2026;4900001861;1;2000;0003;5000113;Skříň rozvaděče B363;Hotový výrobek;131;Příjem z výroby;S;22,000;KS;1821,81;40079,82;CZK;VZ400099;;;SV8619;;;;PROCHAZ;5020 Výroba montáž
28.04.2026;28.04.2026;4900002160;1;1000;0003;5000114;Dopravník pásový C843;Hotový výrobek;601;Výdej při dodání zákazníkovi;H;-7,000;KS;4628,55;-32399,85;CZK;;;Hanon Systems Autopal;SV2429;46610,81;32399,85;9303,04;VESELAM;6010 Expedice
28.04.2026;28.04.2026;4900002434;1;2000;0003;5000131;Převodovka šneková B156;Hotový výrobek;601;Výdej při dodání zákazníkovi;H;-5,000;KS;10607,58;-53037,90;CZK;;;Witte Automotive;SV4389;79792,10;53037,90;15761,94;HORAKT;6010 Expedice
28.04.2026;28.04.2026;4900002547;1;1000;0003;5000107;Kryt převodovky B587;Hotový výrobek;601;Výdej při dodání zákazníkovi;H;-6,000;KS;2113,83;-12682,98;CZK;;;Vítkovice Machinery;SV6589;14011,13;12682,98;3055,16;DVORAKP;6010 Expedice
29.04.2026;29.04.2026;4900000355;1;2000;0001;1000163;Tyč kruhová 7 mm;Ocel;101;Příjem zboží na objednávku;S;2117,380;KG;46,13;97674,74;CZK;;Metalšrot Tlumačov;;SN6832;;;;NOVAKJ;4010 Nákup
29.04.2026;29.04.2026;4900000585;1;2000;0001;1000203;Základní barva RAL 5010;Nátěry a chemie;101;Příjem zboží na objednávku;S;1508,500;L;222,00;334887,00;CZK;;Colorlak a.s.;;SN7272;;;;SVOBODM;4010 Nákup
29.04.2026;29.04.2026;4900000889;1;1000;0001;1000258;Kolík 6x58;Spojovací materiál;101;Příjem zboží na objednávku;S;1166,920;KS;4,08;4761,03;CZK;;Trelleborg Bohemia;;SN7748;;;;KUCERAL;4010 Nákup
29.04.2026;29.04.2026;4900001034;1;1000;0001;1000286;Kolík 71x53;Spojovací materiál;101;Příjem zboží na objednávku;S;1033,800;KS;3,28;3390,86;CZK;;Ferona a.s.;;SN4078;;;;NOVAKJ;4010 Nákup
29.04.2026;29.04.2026;4900001037;1;1000;0001;1000286;Kolík 71x53;Spojovací materiál;101;Příjem zboží na objednávku;S;585,970;KS;3,28;1921,98;CZK;;Wurth s.r.o.;;SN4543;;;;SVOBODM;4010 Nákup
29.04.2026;29.04.2026;4900001045;1;1000;0001;1000288;Těsnění ploché 57 mm;Těsnění a guma;101;Příjem zboží na objednávku;S;620,980;KS;50,59;31415,38;CZK;;Haberkorn s.r.o.;;SN8215;;;;SVOBODM;4010 Nákup
29.04.2026;29.04.2026;4900001614;1;1000;0001;1000391;Kolík 64x14;Spojovací materiál;101;Příjem zboží na objednávku;S;197,830;KS;15,07;2981,30;CZK;;ESSA Czech;;SN3893;;;;SVOBODM;4010 Nákup
29.04.2026;29.04.2026;4900001669;1;1000;0001;1000101;Profil Al 82x12;Hliník;261;Výdej do výrobní zakázky;H;-204,930;KG;126,57;-25937,99;CZK;VZ400006;;;;;;;NOVAKJ;5030 Výroba obrábění
29.04.2026;29.04.2026;4900001669;2;1000;0001;1000324;Profil U 62;Ocel;261;Výdej do výrobní zakázky;H;-71,610;KG;40,88;-2927,42;CZK;VZ400006;;;;;;;DVORAKP;5020 Výroba montáž
29.04.2026;29.04.2026;4900001669;3;1000;0001;1000397;Motor 114 kW;Elektro;261;Výdej do výrobní zakázky;H;-177,870;KS;710,22;-126326,83;CZK;VZ400006;;;;;;;KUCERAL;5030 Výroba obrábění
29.04.2026;29.04.2026;4900001669;4;1000;0001;1000357;Ředidlo S101;Nátěry a chemie;261;Výdej do výrobní zakázky;H;-256,080;L;181,43;-46460,59;CZK;VZ400006;;;;;;;CERNAT;5030 Výroba obrábění
29.04.2026;29.04.2026;4900001669;5;1000;0001;1000295;Těsnění ploché 61 mm;Těsnění a guma;261;Výdej do výrobní zakázky;H;-152,460;KS;18,17;-2770,20;CZK;VZ400006;;;;;;;SVOBODM;5030 Výroba obrábění
29.04.2026;29.04.2026;4900001776;1;2000;0001;1000175;Odmašťovač RAL 7035;Nátěry a chemie;261;Výdej do výrobní zakázky;H;-45,720;L;263,16;-12031,68;CZK;VZ400057;;;;;;;CERNAT;5030 Výroba obrábění
29.04.2026;29.04.2026;4900001776;2;2000;0001;1000237;Kolík 80x54;Spojovací materiál;261;Výdej do výrobní zakázky;H;-4,380;KS;4,33;-18,97;CZK;VZ400057;;;;;;;SVOBODM;5020 Výroba montáž
29.04.2026;29.04.2026;4900001776;3;2000;0001;1000356;Podložka 42;Spojovací materiál;261;Výdej do výrobní zakázky;H;-29,040;KS;4,27;-124,00;CZK;VZ400057;;;;;;;DVORAKP;5020 Výroba montáž
29.04.2026;29.04.2026;4900001776;4;2000;0001;1000277;Granulát ABS 15;Plasty;261;Výdej do výrobní zakázky;H;-26,220;KG;36,41;-954,67;CZK;VZ400057;;;;;;;HORAKT;5020 Výroba montáž
29.04.2026;29.04.2026;4900001776;5;2000;0001;1000295;Těsnění ploché 61 mm;Těsnění a guma;261;Výdej do výrobní zakázky;H;-67,920;KS;18,17;-1234,11;CZK;VZ400057;;;;;;;NOVAKJ;5020 Výroba montáž
29.04.2026;29.04.2026;4900001776;6;2000;0001;1000217;Odmašťovač RAL 6011;Nátěry a chemie;261;Výdej do výrobní zakázky;H;-42,660;L;302,81;-12917,87;CZK;VZ400057;;;;;;;DVORAKP;5030 Výroba obrábění
29.04.2026;29.04.2026;4900001852;1;1000;0003;5000104;Dopravník pásový E932;Hotový výrobek;131;Příjem z výroby;S;5,000;KS;2436,00;12180,00;CZK;VZ400094;;;SV6474;;;;NOVAKJ;5020 Výroba montáž
29.04.2026;29.04.2026;4900002033;1;1000;0001;1000279;Šroub M112x31;Spojovací materiál;261;Výdej do výrobní zakázky;H;-240,990;KS;9,52;-2294,22;CZK;VZ400210;;;;;;;VESELAM;5030 Výroba obrábění
29.04.2026;29.04.2026;4900002033;2;1000;0001;1000195;Kolík 20x27;Spojovací materiál;261;Výdej do výrobní zakázky;H;-15,950;KS;15,97;-254,72;CZK;VZ400210;;;;;;;CERNAT;5030 Výroba obrábění
29.04.2026;29.04.2026;4900002033;3;1000;0001;1000336;Základní barva RAL 7035;Nátěry a chemie;261;Výdej do výrobní zakázky;H;-87,870;L;119,31;-10483,77;CZK;VZ400210;;;;;;;HORAKT;5030 Výroba obrábění
29.04.2026;29.04.2026;4900002033;4;1000;0001;1000321;Podložka 22;Spojovací materiál;261;Výdej do výrobní zakázky;H;-134,270;KS;13,53;-1816,67;CZK;VZ400210;;;;;;;PROCHAZ;5020 Výroba montáž
29.04.2026;29.04.2026;4900002054;1;1000;0003;5000112;Rám podvozkový A238;Hotový výrobek;131;Příjem z výroby;S;40,000;KS;1349,43;53977,20;CZK;VZ400223;;;SV3478;;;;KUCERAL;5020 Výroba montáž
29.04.2026;29.04.2026;4900002110;1;1000;0001;1000101;Profil Al 82x12;Hliník;261;Výdej do výrobní zakázky;H;-31,050;KG;126,57;-3930,00;CZK;VZ400271;;;;;;;DVORAKP;5020 Výroba montáž
29.04.2026;29.04.2026;4900002110;2;1000;0001;1000324;Profil U 62;Ocel;261;Výdej do výrobní zakázky;H;-10,850;KG;40,88;-443,55;CZK;VZ400271;;;;;;;PROCHAZ;5020 Výroba montáž
29.04.2026;29.04.2026;4900002110;3;1000;0001;1000397;Motor 114 kW;Elektro;261;Výdej do výrobní zakázky;H;-26,950;KS;710,22;-19140,43;CZK;VZ400271;;;;;;;PROCHAZ;5030 Výroba obrábění
29.04.2026;29.04.2026;4900002110;4;1000;0001;1000357;Ředidlo S101;Nátěry a chemie;261;Výdej do výrobní zakázky;H;-38,800;L;181,43;-7039,48;CZK;VZ400271;;;;;;;KUCERAL;5030 Výroba obrábění
29.04.2026;29.04.2026;4900002110;5;1000;0001;1000295;Těsnění ploché 61 mm;Těsnění a guma;261;Výdej do výrobní zakázky;H;-23,100;KS;18,17;-419,73;CZK;VZ400271;;;;;;;CERNAT;5030 Výroba obrábění
29.04.2026;29.04.2026;4900002152;1;1000;0003;5000143;Skříň rozvaděče B530;Hotový výrobek;601;Výdej při dodání zákazníkovi;H;-20,000;KS;3905,26;-78105,20;CZK;;;Continental Automotive;SV2765;114216,82;78105,20;23963,44;KUCERAL;6010 Expedice
29.04.2026;29.04.2026;4900002294;1;2000;0003;5000124;Dopravník pásový A794;Hotový výrobek;601;Výdej při dodání zákazníkovi;H;-7,000;KS;1487,77;-10414,39;CZK;;;Hella Autotechnik Nova;SV6700;12765,48;10414,39;2736,77;HORAKT;6010 Expedice
29.04.2026;29.04.2026;4900002311;1;2000;0003;5000127;Kryt převodovky D532;Hotový výrobek;601;Výdej při dodání zákazníkovi;H;-1,000;KS;1451,50;-1451,50;CZK;;;Koyo Bearings ČR;SV8726;2261,89;1451,50;435,43;SVOBODM;6010 Expedice
29.04.2026;29.04.2026;4900002319;1;2000;0003;5000122;Rám podvozkový E427;Hotový výrobek;601;Výdej při dodání zákazníkovi;H;-9,000;KS;5207,47;-46867,23;CZK;;;Vítkovice Machinery;SV7692;68525,51;46867,23;14997,70;KUCERAL;6010 Expedice
29.04.2026;29.04.2026;4900002373;1;1000;0003;5000104;Dopravník pásový E932;Hotový výrobek;601;Výdej při dodání zákazníkovi;H;-2,000;KS;2436,00;-4872,00;CZK;;;Vítkovice Machinery;SV4600;6699,66;4872,00;1428,30;DVORAKP;6010 Expedice
29.04.2026;29.04.2026;4900002438;1;2000;0003;5000134;Dopravník pásový E794;Hotový výrobek;601;Výdej při dodání zákazníkovi;H;-38,000;KS;1976,93;-75123,34;CZK;;;Bosch Diesel s.r.o.;SV5155;104485,78;75123,34;20651,32;HORAKT;6010 Expedice
29.04.2026;29.04.2026;4900002550;1;1000;0003;5000129;Ventilová jednotka F138;Hotový výrobek;601;Výdej při dodání zákazníkovi;H;-3,000;KS;5816,31;-17448,93;CZK;;;Juta a.s.;SV1408;24097,40;17448,93;4586,35;NOVAKJ;6010 Expedice
30.04.2026;30.04.2026;4900000024;1;2000;0001;1000104;Nýt 57x11;Spojovací materiál;101;Příjem zboží na objednávku;S;736,160;KS;5,48;4034,16;CZK;;Ferona a.s.;;SN9503;;;;SVOBODM;4010 Nákup
30.04.2026;30.04.2026;4900000069;1;1000;0001;1000112;Lak polyuretanový RAL 3020;Nátěry a chemie;101;Příjem zboží na objednávku;S;1904,200;L;246,57;469518,59;CZK;;Bibus s.r.o.;;SN4052;;;;KUCERAL;4010 Nákup
30.04.2026;30.04.2026;4900000297;1;2000;0001;1000153;Nýt 52x57;Spojovací materiál;101;Příjem zboží na objednávku;S;837,600;KS;13,98;11709,65;CZK;;Bossard CZ s.r.o.;;SN4262;;;;CERNAT;4010 Nákup
30.04.2026;30.04.2026;4900000326;1;2000;0001;1000157;Trubka Al 95 mm;Hliník;101;Příjem zboží na objednávku;S;364,670;KG;85,98;31354,33;CZK;;Killich s.r.o.;;SN7233;;;;NOVAKJ;4010 Nákup
30.04.2026;30.04.2026;4900000428;1;1000;0001;1000175;Odmašťovač RAL 7035;Nátěry a chemie;101;Příjem zboží na objednávku;S;683,950;L;263,16;179988,28;CZK;;Bossard CZ s.r.o.;;SN3034;;;;VESELAM;4010 Nákup
30.04.2026;30.04.2026;4900000877;1;2000;0001;1000255;Trubka Al 111 mm;Hliník;101;Příjem zboží na objednávku;S;1165,680;KG;114,47;133435,39;CZK;;ABB s.r.o.;;SN4787;;;;NOVAKJ;4010 Nákup
30.04.2026;30.04.2026;4900000996;1;2000;0001;1000280;Lak polyuretanový RAL 5010;Nátěry a chemie;101;Příjem zboží na objednávku;S;1921,470;L;269,15;517163,65;CZK;;Fabory CZ;;SN3081;;;;PROCHAZ;4010 Nákup
30.04.2026;30.04.2026;4900001105;1;1000;0001;1000298;Granulát PA6 97;Plasty;101;Příjem zboží na objednávku;S;227,910;KG;78,04;17786,10;CZK;;ABB s.r.o.;;SN9384;;;;KUCERAL;4010 Nákup
30.04.2026;30.04.2026;4900001352;1;2000;0001;1000343;Odmašťovač RAL 5010;Nátěry a chemie;101;Příjem zboží na objednávku;S;2044,140;L;156,59;320091,88;CZK;;Resinex CZ s.r.o.;;SN8407;;;;SVOBODM;4010 Nákup
30.04.2026;30.04.2026;4900001412;1;2000;0001;1000355;Motor 65 kW;Elektro;101;Příjem zboží na objednávku;S;1151,480;KS;794,20;914505,42;CZK;;Hilti ČR s.r.o.;;SN8886;;;;SVOBODM;4010 Nákup
30.04.2026;30.04.2026;4900001456;1;2000;0001;1000363;Kolík 119x35;Spojovací materiál;101;Příjem zboží na objednávku;S;790,200;KS;5,72;4519,94;CZK;;Ferona a.s.;;SN3642;;;;CERNAT;4010 Nákup
30.04.2026;30.04.2026;4900001640;1;1000;0001;1000397;Motor 114 kW;Elektro;101;Příjem zboží na objednávku;S;940,010;KS;710,22;667613,90;CZK;;Hennlich s.r.o.;;SN7784;;;;PROCHAZ;4010 Nákup
30.04.2026;30.04.2026;4900001913;1;2000;0003;5000122;Rám podvozkový E427;Hotový výrobek;131;Příjem z výroby;S;37,000;KS;5207,47;192676,39;CZK;VZ400132;;;SV1621;;;;PROCHAZ;5020 Výroba montáž
30.04.2026;30.04.2026;4900001918;1;1000;0001;1000385;Odmašťovač RAL 6011;Nátěry a chemie;261;Výdej do výrobní zakázky;H;-132,840;L;320,08;-42519,43;CZK;VZ400135;;;;;;;HORAKT;5030 Výroba obrábění
30.04.2026;30.04.2026;4900001918;2;1000;0001;1000363;Kolík 119x35;Spojovací materiál;261;Výdej do výrobní zakázky;H;-343,990;KS;5,72;-1967,62;CZK;VZ400135;;;;;;;HORAKT;5030 Výroba obrábění
30.04.2026;30.04.2026;4900001918;3;1000;0001;1000261;Profil U 10;Ocel;261;Výdej do výrobní zakázky;H;-227,550;KG;33,90;-7713,94;CZK;VZ400135;;;;;;;VESELAM;5020 Výroba montáž
30.04.2026;30.04.2026;4900001918;4;1000;0001;1000381;Trubka Al 117 mm;Hliník;261;Výdej do výrobní zakázky;H;-301,760;KG;64,58;-19487,66;CZK;VZ400135;;;;;;;VESELAM;5030 Výroba obrábění
30.04.2026;30.04.2026;4900001918;5;1000;0001;1000104;Nýt 57x11;Spojovací materiál;261;Výdej do výrobní zakázky;H;-337,430;KS;5,48;-1849,12;CZK;VZ400135;;;;;;;SVOBODM;5020 Výroba montáž
30.04.2026;30.04.2026;4900001918;6;1000;0001;1000330;O-kroužek 39 mm;Těsnění a guma;261;Výdej do výrobní zakázky;H;-321,440;KS;18,43;-5924,14;CZK;VZ400135;;;;;;;VESELAM;5030 Výroba obrábění
30.04.2026;30.04.2026;4900001918;7;1000;0001;1000253;Těsnění ploché 56 mm;Těsnění a guma;261;Výdej do výrobní zakázky;H;-254,610;KS;7,50;-1909,58;CZK;VZ400135;;;;;;;KUCERAL;5020 Výroba montáž
30.04.2026;30.04.2026;4900002215;1;2000;0003;5000139;Ventilová jednotka D215;Hotový výrobek;601;Výdej při dodání zákazníkovi;H;-8,000;KS;3887,14;-31097,12;CZK;;;Hella Autotechnik Nova;SV1025;39010,56;31097,12;6682,60;NOVAKJ;6010 Expedice
30.04.2026;30.04.2026;4900002284;1;1000;0003;5000129;Ventilová jednotka F138;Hotový výrobek;601;Výdej při dodání zákazníkovi;H;-4,000;KS;5816,31;-23265,24;CZK;;;Vítkovice Machinery;SV7505;33083,98;23265,24;6900,55;VESELAM;6010 Expedice
30.04.2026;30.04.2026;4900002372;1;1000;0003;5000104;Dopravník pásový E932;Hotový výrobek;601;Výdej při dodání zákazníkovi;H;-1,000;KS;2436,00;-2436,00;CZK;;;Bosch Diesel s.r.o.;SV3049;3401,59;2436,00;708,62;CERNAT;6010 Expedice
30.04.2026;30.04.2026;4900002425;1;1000;0003;5000107;Kryt převodovky B587;Hotový výrobek;601;Výdej při dodání zákazníkovi;H;-3,000;KS;2113,83;-6341,49;CZK;;;Strojírny Prostějov a.s.;SV6906;6490,82;6341,49;1434,66;PROCHAZ;6010 Expedice
30.04.2026;30.04.2026;4900002467;1;1000;0003;5000101;Převodovka šneková B301;Hotový výrobek;601;Výdej při dodání zákazníkovi;H;-4,000;KS;9813,50;-39254,00;CZK;;;Juta a.s.;SV4533;58046,91;39254,00;12582,53;PROCHAZ;6010 Expedice
30.04.2026;30.04.2026;4900002500;1;2000;0003;5000125;Hydraulický agregát B836;Hotový výrobek;601;Výdej při dodání zákazníkovi;H;-10,000;KS;3170,53;-31705,30;CZK;;;Linet spol. s r.o.;SV2536;49641,08;31705,30;8624,87;NOVAKJ;6010 Expedice
30.04.2026;30.04.2026;4900002574;1;2000;0003;5000109;Ventilová jednotka D945;Hotový výrobek;601;Výdej při dodání zákazníkovi;H;-14,000;KS;15315,80;-214421,20;CZK;;;Continental Automotive;SV8782;343536,26;214421,20;60950,80;CERNAT;6010 Expedice
30.04.2026;30.04.2026;4900002637;1;2000;0001;1000104;Nýt 57x11;Spojovací materiál;102;Storno příjmu zboží;H;-736,160;KS;5,48;-4034,16;CZK;;Ferona a.s.;;SN9503;;;;SVOBODM;4010 Nákup
01.05.2026;01.05.2026;4900000097;1;2000;0001;1000117;Motor 72 kW;Elektro;101;Příjem zboží na objednávku;S;879,460;KS;660,38;580777,79;CZK;;Alumat s.r.o.;;SN5099;;;;VESELAM;4010 Nákup
01.05.2026;01.05.2026;4900000470;1;2000;0001;1000182;Ředidlo S111;Nátěry a chemie;101;Příjem zboží na objednávku;S;289,220;L;318,03;91980,64;CZK;;Bibus s.r.o.;;SN5474;;;;HORAKT;4010 Nákup
01.05.2026;01.05.2026;4900001316;1;1000;0001;1000337;Manžeta 46x18;Těsnění a guma;101;Příjem zboží na objednávku;S;533,220;KS;67,39;35933,70;CZK;;Colorlak a.s.;;SN6599;;;;DVORAKP;4010 Nákup
01.05.2026;01.05.2026;4900001577;1;1000;0001;1000385;Odmašťovač RAL 6011;Nátěry a chemie;101;Příjem zboží na objednávku;S;556,730;L;320,08;178198,14;CZK;;Hennlich s.r.o.;;SN7533;;;;PROCHAZ;4010 Nákup
01.05.2026;01.05.2026;4900002044;1;1000;0003;5000143;Skříň rozvaděče B530;Hotový výrobek;131;Příjem z výroby;S;34,000;KS;3905,26;132778,84;CZK;VZ400215;;;SV3516;;;;KUCERAL;5020 Výroba montáž
01.05.2026;01.05.2026;4900002074;1;1000;0001;1000173;Čidlo indukční 108 mm;Elektro;261;Výdej do výrobní zakázky;H;-36,960;KS;435,84;-16108,65;CZK;VZ400240;;;;;;;NOVAKJ;5020 Výroba montáž
01.05.2026;01.05.2026;4900002074;2;1000;0001;1000395;Profil Al 33x47;Hliník;261;Výdej do výrobní zakázky;H;-130,620;KG;128,86;-16831,69;CZK;VZ400240;;;;;;;CERNAT;5020 Výroba montáž
01.05.2026;01.05.2026;4900002074;3;1000;0001;1000191;Trubka ocelová 94x42;Ocel;261;Výdej do výrobní zakázky;H;-63,420;KG;27,06;-1716,15;CZK;VZ400240;;;;;;;PROCHAZ;5030 Výroba obrábění
01.05.2026;01.05.2026;4900002074;4;1000;0001;1000298;Granulát PA6 97;Plasty;261;Výdej do výrobní zakázky;H;-44,520;KG;78,04;-3474,34;CZK;VZ400240;;;;;;;VESELAM;5020 Výroba montáž
01.05.2026;01.05.2026;4900002074;5;1000;0001;1000197;Manžeta 47x52;Těsnění a guma;261;Výdej do výrobní zakázky;H;-221,340;KS;54,17;-11989,99;CZK;VZ400240;;;;;;;CERNAT;5030 Výroba obrábění
01.05.2026;01.05.2026;4900002074;6;1000;0001;1000327;Stykač 56 A;Elektro;261;Výdej do výrobní zakázky;H;-62,790;KS;238,71;-14988,60;CZK;VZ400240;;;;;;;KUCERAL;5020 Výroba montáž
01.05.2026;01.05.2026;4900002074;7;1000;0001;1000312;Granulát PA6 89;Plasty;261;Výdej do výrobní zakázky;H;-15,120;KG;55,27;-835,68;CZK;VZ400240;;;;;;;VESELAM;5020 Výroba montáž
01.05.2026;01.05.2026;4900002109;1;2000;0003;5000125;Hydraulický agregát B836;Hotový výrobek;131;Příjem z výroby;S;10,000;KS;3170,53;31705,30;CZK;VZ400270;;;SV8193;;;;VESELAM;5020 Výroba montáž
01.05.2026;01.05.2026;4900002111;1;1000;0003;5000130;Čerpadlo odstředivé A643;Hotový výrobek;131;Příjem z výroby;S;5,000;KS;7168,49;35842,45;CZK;VZ400271;;;SV2395;;;;VESELAM;5020 Výroba montáž
01.05.2026;01.05.2026;4900002351;1;2000;0003;5000113;Skříň rozvaděče B363;Hotový výrobek;601;Výdej při dodání zákazníkovi;H;-16,000;KS;1821,81;-29148,96;CZK;;;Agrostroj Pelhřimov a.s.;SV4887;47021,13;29148,96;8191,43;VESELAM;6010 Expedice
01.05.2026;01.05.2026;4900002470;1;1000;0003;5000101;Převodovka šneková B301;Hotový výrobek;601;Výdej při dodání zákazníkovi;H;-6,000;KS;9813,50;-58881,00;CZK;;;Witte Automotive;SV4652;89118,59;58881,00;17234,08;CERNAT;6010 Expedice
04.05.2026;04.05.2026;4900000353;1;2000;0001;1000163;Tyč kruhová 7 mm;Ocel;101;Příjem zboží na objednávku;S;568,990;KG;46,13;26247,51;CZK;;Killich s.r.o.;;SN7022;;;;HORAKT;4010 Nákup
04.05.2026;04.05.2026;4900000699;1;2000;0001;1000225;Manžeta 15x16;Těsnění a guma;101;Příjem zboží na objednávku;S;983,790;KS;61,29;60296,49;CZK;;Resinex CZ s.r.o.;;SN4240;;;;PROCHAZ;4010 Nákup
04.05.2026;04.05.2026;4900000930;1;2000;0001;1000266;Ředidlo S85;Nátěry a chemie;101;Příjem zboží na objednávku;S;916,750;L;292,77;268396,90;CZK;;Schneider Electric CZ;;SN6817;;;;DVORAKP;4010 Nákup
04.05.2026;04.05.2026;4900001129;1;2000;0001;1000303;Tyč kruhová 68 mm;Ocel;101;Příjem zboží na objednávku;S;1725,940;KG;41,96;72420,44;CZK;;ABB s.r.o.;;SN5967;;;;CERNAT;4010 Nákup
04.05.2026;04.05.2026;4900001168;1;1000;0001;1000309;Tlumič gumový 24;Těsnění a guma;101;Příjem zboží na objednávku;S;187,660;KS;42,90;8050,61;CZK;;Lapp Kabel s.r.o.;;SN3721;;;;KUCERAL;4010 Nákup
04.05.2026;04.05.2026;4900001216;1;2000;0001;1000318;Plech Al 86 mm;Hliník;101;Příjem zboží na objednávku;S;1941,870;KG;63,81;123910,72;CZK;;Bossard CZ s.r.o.;;SN4068;;;;PROCHAZ;4010 Nákup
04.05.2026;04.05.2026;4900001400;1;2000;0001;1000352;Tyč kruhová 110 mm;Ocel;101;Příjem zboží na objednávku;S;804,670;KG;50,92;40973,80;CZK;;PPG Deco Czech;;SN4317;;;;NOVAKJ;4010 Nákup
04.05.2026;04.05.2026;4900001670;1;1000;0003;5000130;Čerpadlo odstředivé A643;Hotový výrobek;131;Příjem z výroby;S;33,000;KS;7168,49;236560,17;CZK;VZ400006;;;SV8892;;;;CERNAT;5020 Výroba montáž
04.05.2026;04.05.2026;4900001679;1;1000;0001;1000397;Motor 114 kW;Elektro;261;Výdej do výrobní zakázky;H;-105,300;KS;710,22;-74786,17;CZK;VZ400011;;;;;;;VESELAM;5020 Výroba montáž
04.05.2026;04.05.2026;4900001679;2;1000;0001;1000374;Plech Al 115 mm;Hliník;261;Výdej do výrobní zakázky;H;-12,240;KG;66,46;-813,47;CZK;VZ400011;;;;;;;DVORAKP;5030 Výroba obrábění
04.05.2026;04.05.2026;4900001679;3;1000;0001;1000178;Profil Al 34x34;Hliník;261;Výdej do výrobní zakázky;H;-54,360;KG;74,24;-4035,69;CZK;VZ400011;;;;;;;HORAKT;5030 Výroba obrábění
04.05.2026;04.05.2026;4900001679;4;1000;0001;1000313;Kabel CYKY 66x55;Elektro;261;Výdej do výrobní zakázky;H;-36,270;KS;566,73;-20555,30;CZK;VZ400011;;;;;;;VESELAM;5030 Výroba obrábění
04.05.2026;04.05.2026;4900001679;5;1000;0001;1000150;Profil Al 3x49;Hliník;261;Výdej do výrobní zakázky;H;-32,670;KG;116,11;-3793,31;CZK;VZ400011;;;;;;;VESELAM;5030 Výroba obrábění
04.05.2026;04.05.2026;4900001919;1;1000;0003;5000104;Dopravník pásový E932;Hotový výrobek;131;Příjem z výroby;S;41,000;KS;2436,00;99876,00;CZK;VZ400135;;;SV5076;;;;VESELAM;5020 Výroba montáž
04.05.2026;04.05.2026;4900001967;1;1000;0001;1000172;Deska PE 85 mm;Plasty;261;Výdej do výrobní zakázky;H;-46,250;KG;44,67;-2065,99;CZK;VZ400168;;;;;;;KUCERAL;5030 Výroba obrábění
04.05.2026;04.05.2026;4900001967;2;1000;0001;1000109;Granulát PA6 108;Plasty;261;Výdej do výrobní zakázky;H;-105,250;KG;65,68;-6912,82;CZK;VZ400168;;;;;;;PROCHAZ;5020 Výroba montáž
04.05.2026;04.05.2026;4900001967;3;1000;0001;1000240;Profil U 62;Ocel;261;Výdej do výrobní zakázky;H;-164,250;KG;20,67;-3395,05;CZK;VZ400168;;;;;;;PROCHAZ;5020 Výroba montáž
04.05.2026;04.05.2026;4900001967;4;1000;0001;1000219;Jekl 28x28x58;Ocel;261;Výdej do výrobní zakázky;H;-21,750;KG;22,30;-485,03;CZK;VZ400168;;;;;;;KUCERAL;5030 Výroba obrábění
04.05.2026;04.05.2026;4900001967;5;1000;0001;1000275;Jekl 98x98x65;Ocel;261;Výdej do výrobní zakázky;H;-168,500;KG;34,85;-5872,23;CZK;VZ400168;;;;;;;NOVAKJ;5030 Výroba obrábění
04.05.2026;04.05.2026;4900001967;6;1000;0001;1000317;Plech ocelový 81 mm;Ocel;261;Výdej do výrobní zakázky;H;-77,500;KG;28,83;-2234,32;CZK;VZ400168;;;;;;;KUCERAL;5030 Výroba obrábění
04.05.2026;04.05.2026;4900001967;7;1000;0001;1000183;O-kroužek 107 mm;Těsnění a guma;261;Výdej do výrobní zakázky;H;-226,000;KS;51,09;-11546,34;CZK;VZ400168;;;;;;;SVOBODM;5020 Výroba montáž
04.05.2026;04.05.2026;4900001967;8;1000;0001;1000389;Deska PE 67 mm;Plasty;261;Výdej do výrobní zakázky;H;-97,750;KG;59,43;-5809,28;CZK;VZ400168;;;;;;;CERNAT;5020 Výroba montáž
04.05.2026;04.05.2026;4900001967;9;1000;0001;1000396;Granulát PA6 20;Plasty;261;Výdej do výrobní zakázky;H;-45,750;KG;82,13;-3757,45;CZK;VZ400168;;;;;;;HORAKT;5030 Výroba obrábění
04.05.2026;04.05.2026;4900001999;1;2000;0001;1000269;Trubka Al 78 mm;Hliník;261;Výdej do výrobní zakázky;H;-4,240;KG;81,40;-345,14;CZK;VZ400188;;;;;;;KUCERAL;5030 Výroba obrábění
04.05.2026;04.05.2026;4900001999;2;2000;0001;1000390;Frekvenční měnič 119 kW;Elektro;261;Výdej do výrobní zakázky;H;-6,960;KS;680,45;-4735,93;CZK;VZ400188;;;;;;;HORAKT;5020 Výroba montáž
04.05.2026;04.05.2026;4900001999;3;2000;0001;1000358;Tlumič gumový 49;Těsnění a guma;261;Výdej do výrobní zakázky;H;-18,760;KS;45,51;-853,77;CZK;VZ400188;;;;;;;VESELAM;5020 Výroba montáž
04.05.2026;04.05.2026;4900001999;4;2000;0001;1000117;Motor 72 kW;Elektro;261;Výdej do výrobní zakázky;H;-3,720;KS;660,38;-2456,61;CZK;VZ400188;;;;;;;CERNAT;5020 Výroba montáž
04.05.2026;04.05.2026;4900001999;5;2000;0001;1000179;Granulát ABS 25;Plasty;261;Výdej do výrobní zakázky;H;-28,240;KG;54,80;-1547,55;CZK;VZ400188;;;;;;;DVORAKP;5030 Výroba obrábění
04.05.2026;04.05.2026;4900002187;1;1000;0003;5000104;Dopravník pásový E932;Hotový výrobek;601;Výdej při dodání zákazníkovi;H;-3,000;KS;2436,00;-7308,00;CZK;;;Zetor Tractors a.s.;SV8328;10274,93;7308,00;2176,03;DVORAKP;6010 Expedice
04.05.2026;04.05.2026;4900002217;1;2000;0003;5000139;Ventilová jednotka D215;Hotový výrobek;601;Výdej při dodání zákazníkovi;H;-7,000;KS;3887,14;-27209,98;CZK;;;Zetor Tractors a.s.;SV2327;41414,97;27209,98;8907,90;DVORAKP;6010 Expedice
04.05.2026;04.05.2026;4900002342;1;1000;0003;5000104;Dopravník pásový E932;Hotový výrobek;601;Výdej při dodání zákazníkovi;H;-1,000;KS;2436,00;-2436,00;CZK;;;Bosch Diesel s.r.o.;SV2923;3198,23;2436,00;700,59;HORAKT;6010 Expedice
05.05.2026;05.05.2026;4900000002;1;1000;0001;1000100;Trubka ocelová 100x79;Ocel;101;Příjem zboží na objednávku;S;295,830;KG;40,49;11978,16;CZK;;ABB s.r.o.;;SN5844;;;;NOVAKJ;4010 Nákup
05.05.2026;05.05.2026;4900000482;1;2000;0001;1000184;Profil U 96;Ocel;101;Příjem zboží na objednávku;S;2150,480;KG;23,71;50987,88;CZK;;Ferona a.s.;;SN7588;;;;KUCERAL;4010 Nákup
05.05.2026;05.05.2026;4900000501;1;1000;0001;1000188;Kolík 68x10;Spojovací materiál;101;Příjem zboží na objednávku;S;1057,880;KS;8,82;9330,50;CZK;;Bibus s.r.o.;;SN1332;;;;VESELAM;4010 Nákup
05.05.2026;05.05.2026;4900000558;1;2000;0001;1000199;Plech Al 25 mm;Hliník;101;Příjem zboží na objednávku;S;1542,360;KG;87,30;134648,03;CZK;;Colorlak a.s.;;SN7251;;;;KUCERAL;4010 Nákup
05.05.2026;05.05.2026;4900000807;1;2000;0001;1000243;Kabel CYKY 12x4;Elektro;101;Příjem zboží na objednávku;S;497,260;KS;750,69;373288,11;CZK;;Siemens s.r.o.;;SN4805;;;;SVOBODM;4010 Nákup
05.05.2026;05.05.2026;4900000933;1;1000;0001;1000267;Tlumič gumový 74;Těsnění a guma;101;Příjem zboží na objednávku;S;934,530;KS;25,61;23933,31;CZK;;Plastika Nitra a.s.;;SN1264;;;;NOVAKJ;4010 Nákup
05.05.2026;05.05.2026;4900001396;1;2000;0001;1000351;O-kroužek 30 mm;Těsnění a guma;101;Příjem zboží na objednávku;S;121,760;KS;59,66;7264,20;CZK;;Ferona a.s.;;SN1712;;;;HORAKT;4010 Nákup
05.05.2026;05.05.2026;4900001477;1;1000;0001;1000366;Tyč kruhová 95 mm;Ocel;101;Příjem zboží na objednávku;S;706,330;KG;50,39;35591,97;CZK;;Hilti ČR s.r.o.;;SN6255;;;;HORAKT;4010 Nákup
05.05.2026;05.05.2026;4900001564;1;2000;0001;1000382;Deska PE 55 mm;Plasty;101;Příjem zboží na objednávku;S;845,130;KG;70,90;59919,72;CZK;;Plastika Nitra a.s.;;SN9539;;;;DVORAKP;4010 Nákup
05.05.2026;05.05.2026;4900001592;1;1000;0001;1000387;Trubka ocelová 55x68;Ocel;101;Příjem zboží na objednávku;S;1234,800;KG;34,61;42736,43;CZK;;Alumat s.r.o.;;SN4901;;;;VESELAM;4010 Nákup
05.05.2026;05.05.2026;4900001777;1;2000;0003;5000122;Rám podvozkový E427;Hotový výrobek;131;Příjem z výroby;S;6,000;KS;5207,47;31244,82;CZK;VZ400057;;;SV6322;;;;CERNAT;5020 Výroba montáž
05.05.2026;05.05.2026;4900001836;1;2000;0001;1000268;Tyč kruhová 82 mm;Ocel;261;Výdej do výrobní zakázky;H;-90,440;KG;20,79;-1880,25;CZK;VZ400086;;;;;;;NOVAKJ;5030 Výroba obrábění
05.05.2026;05.05.2026;4900001836;2;2000;0001;1000217;Odmašťovač RAL 6011;Nátěry a chemie;261;Výdej do výrobní zakázky;H;-238,260;L;302,81;-72147,51;CZK;VZ400086;;;;;;;CERNAT;5030 Výroba obrábění
05.05.2026;05.05.2026;4900001836;3;2000;0001;1000314;Šroub M107x51;Spojovací materiál;261;Výdej do výrobní zakázky;H;-251,940;KS;7,91;-1992,85;CZK;VZ400086;;;;;;;HORAKT;5020 Výroba montáž
05.05.2026;05.05.2026;4900001836;4;2000;0001;1000301;Lak polyuretanový RAL 5010;Nátěry a chemie;261;Výdej do výrobní zakázky;H;-285,380;L;339,05;-96758,09;CZK;VZ400086;;;;;;;HORAKT;5030 Výroba obrábění
05.05.2026;05.05.2026;4900001902;1;1000;0001;1000362;Frekvenční měnič 17 kW;Elektro;261;Výdej do výrobní zakázky;H;-221,260;KS;512,26;-113342,65;CZK;VZ400125;;;;;;;NOVAKJ;5020 Výroba montáž
05.05.2026;05.05.2026;4900001902;2;1000;0001;1000268;Tyč kruhová 82 mm;Ocel;261;Výdej do výrobní zakázky;H;-50,960;KG;20,79;-1059,46;CZK;VZ400125;;;;;;;KUCERAL;5030 Výroba obrábění
05.05.2026;05.05.2026;4900001902;3;1000;0001;1000383;Motor 69 kW;Elektro;261;Výdej do výrobní zakázky;H;-82,940;KS;150,72;-12500,72;CZK;VZ400125;;;;;;;DVORAKP;5020 Výroba montáž
05.05.2026;05.05.2026;4900001902;4;1000;0001;1000165;Deska PE 38 mm;Plasty;261;Výdej do výrobní zakázky;H;-19,760;KG;43,33;-856,20;CZK;VZ400125;;;;;;;SVOBODM;5030 Výroba obrábění
05.05.2026;05.05.2026;4900001902;5;1000;0001;1000144;Deska PP 104 mm;Plasty;261;Výdej do výrobní zakázky;H;-122,980;KG;75,68;-9307,13;CZK;VZ400125;;;;;;;DVORAKP;5030 Výroba obrábění
05.05.2026;05.05.2026;4900001902;6;1000;0001;1000259;Základní barva RAL 3020;Nátěry a chemie;261;Výdej do výrobní zakázky;H;-42,380;L;236,85;-10037,70;CZK;VZ400125;;;;;;;KUCERAL;5030 Výroba obrábění
05.05.2026;05.05.2026;4900001902;7;1000;0001;1000174;Nýt 118x78;Spojovací materiál;261;Výdej do výrobní zakázky;H;-225,420;KS;11,72;-2641,92;CZK;VZ400125;;;;;;;DVORAKP;5020 Výroba montáž
05.05.2026;05.05.2026;4900001968;1;1000;0003;5000115;Hydraulický agregát D743;Hotový výrobek;131;Příjem z výroby;S;25,000;KS;2017,76;50444,00;CZK;VZ400168;;;SV7990;;;;VESELAM;5020 Výroba montáž
05.05.2026;05.05.2026;4900002034;1;1000;0003;5000116;Svařenec nosný E926;Hotový výrobek;131;Příjem z výroby;S;29,000;KS;635,56;18431,24;CZK;VZ400210;;;SV6732;;;;CERNAT;5020 Výroba montáž
05.05.2026;05.05.2026;4900002123;1;1000;0001;1000109;Granulát PA6 108;Plasty;261;Výdej do výrobní zakázky;H;-195,200;KG;65,68;-12820,74;CZK;VZ400283;;;;;;;SVOBODM;5020 Výroba montáž
05.05.2026;05.05.2026;4900002123;2;1000;0001;1000179;Granulát ABS 25;Plasty;261;Výdej do výrobní zakázky;H;-24,640;KG;54,80;-1350,27;CZK;VZ400283;;;;;;;DVORAKP;5020 Výroba montáž
05.05.2026;05.05.2026;4900002123;3;1000;0001;1000358;Tlumič gumový 49;Těsnění a guma;261;Výdej do výrobní zakázky;H;-112,000;KS;45,51;-5097,12;CZK;VZ400283;;;;;;;KUCERAL;5030 Výroba obrábění
05.05.2026;05.05.2026;4900002123;4;1000;0001;1000138;Frekvenční měnič 18 kW;Elektro;261;Výdej do výrobní zakázky;H;-350,720;KS;423,21;-148428,21;CZK;VZ400283;;;;;;;NOVAKJ;5020 Výroba montáž
05.05.2026;05.05.2026;4900002123;5;1000;0001;1000348;Motor 108 kW;Elektro;261;Výdej do výrobní zakázky;H;-35,840;KS;739,67;-26509,77;CZK;VZ400283;;;;;;;KUCERAL;5020 Výroba montáž
05.05.2026;05.05.2026;4900002227;1;2000;0003;5000109;Ventilová jednotka D945;Hotový výrobek;601;Výdej při dodání zákazníkovi;H;-10,000;KS;15315,80;-153158,00;CZK;;;Linet spol. s r.o.;SV9397;230508,93;153158,00;48305,90;HORAKT;6010 Expedice
05.05.2026;05.05.2026;4900002232;1;2000;0003;5000147;Kryt převodovky F636;Hotový výrobek;601;Výdej při dodání zákazníkovi;H;-10,000;KS;16341,87;-163418,70;CZK;;;Bosch Diesel s.r.o.;SV4827;244701,97;163418,70;52630,88;NOVAKJ;6010 Expedice
05.05.2026;05.05.2026;4900002312;1;2000;0003;5000127;Kryt převodovky D532;Hotový výrobek;601;Výdej při dodání zákazníkovi;H;-1,000;KS;1451,50;-1451,50;CZK;;;Zetor Tractors a.s.;SV2101;2242,98;1451,50;417,98;CERNAT;6010 Expedice
05.05.2026;05.05.2026;4900002335;1;1000;0003;5000104;Dopravník pásový E932;Hotový výrobek;601;Výdej při dodání zákazníkovi;H;-20,000;KS;2436,00;-48720,00;CZK;;;Brose CZ spol. s r.o.;SV7982;64135,59;48720,00;14140,05;HORAKT;6010 Expedice
05.05.2026;05.05.2026;4900002523;1;1000;0003;5000112;Rám podvozkový A238;Hotový výrobek;601;Výdej při dodání zákazníkovi;H;-39,000;KS;1349,43;-52627,77;CZK;;;Brose CZ spol. s r.o.;SV1044;80455,54;52627,77;14927,81;KUCERAL;6010 Expedice
05.05.2026;05.05.2026;4900002526;1;1000;0003;5000143;Skříň rozvaděče B530;Hotový výrobek;601;Výdej při dodání zákazníkovi;H;-8,000;KS;3905,26;-31242,08;CZK;;;Vítkovice Machinery;SV5008;47011,31;31242,08;9340,58;PROCHAZ;6010 Expedice
05.05.2026;05.05.2026;4900002622;1;1000;0001;1000100;Trubka ocelová 100x79;Ocel;102;Storno příjmu zboží;H;-295,830;KG;40,49;-11978,16;CZK;;ABB s.r.o.;;SN5844;;;;NOVAKJ;4010 Nákup
06.05.2026;06.05.2026;4900000032;1;1000;0001;1000105;Základní barva RAL 5010;Nátěry a chemie;101;Příjem zboží na objednávku;S;1755,690;L;241,85;424613,63;CZK;;Wurth s.r.o.;;SN6198;;;;NOVAKJ;4010 Nákup
06.05.2026;06.05.2026;4900000049;1;1000;0001;1000109;Granulát PA6 108;Plasty;101;Příjem zboží na objednávku;S;409,580;KG;65,68;26901,21;CZK;;Trelleborg Bohemia;;SN2720;;;;KUCERAL;4010 Nákup
06.05.2026;06.05.2026;4900000120;1;2000;0001;1000121;Jekl 97x97x38;Ocel;101;Příjem zboží na objednávku;S;2197,600;KG;34,73;76322,65;CZK;;Wurth s.r.o.;;SN9588;;;;NOVAKJ;4010 Nákup
06.05.2026;06.05.2026;4900000232;1;2000;0001;1000141;Těsnění ploché 77 mm;Těsnění a guma;101;Příjem zboží na objednávku;S;504,330;KS;20,01;10091,64;CZK;;ABB s.r.o.;;SN1307;;;;SVOBODM;4010 Nákup
06.05.2026;06.05.2026;4900000308;1;1000;0001;1000155;Těsnění ploché 95 mm;Těsnění a guma;101;Příjem zboží na objednávku;S;275,800;KS;30,84;8505,67;CZK;;Resinex CZ s.r.o.;;SN7440;;;;CERNAT;4010 Nákup
06.05.2026;06.05.2026;4900000454;1;1000;0001;1000179;Granulát ABS 25;Plasty;101;Příjem zboží na objednávku;S;1136,300;KG;54,80;62269,24;CZK;;Rubena a.s.;;SN3361;;;;NOVAKJ;4010 Nákup
06.05.2026;06.05.2026;4900000489;1;1000;0001;1000185;Profil Al 28x35;Hliník;101;Příjem zboží na objednávku;S;2183,140;KG;71,24;155526,89;CZK;;Hilti ČR s.r.o.;;SN6964;;;;PROCHAZ;4010 Nákup
06.05.2026;06.05.2026;4900000539;1;2000;0001;1000195;Kolík 20x27;Spojovací materiál;101;Příjem zboží na objednávku;S;414,000;KS;15,97;6611,58;CZK;;ArcelorMittal Distribution;;SN6755;;;;VESELAM;4010 Nákup
06.05.2026;06.05.2026;4900000570;1;1000;0001;1000200;Deska PE 42 mm;Plasty;101;Příjem zboží na objednávku;S;192,190;KG;93,92;18050,48;CZK;;Fabory CZ;;SN7551;;;;SVOBODM;4010 Nákup
06.05.2026;06.05.2026;4900000682;1;2000;0001;1000221;Deska PE 117 mm;Plasty;101;Příjem zboží na objednávku;S;1552,210;KG;58,15;90261,01;CZK;;Elektro Cabel CZ;;SN4438;;;;DVORAKP;4010 Nákup
06.05.2026;06.05.2026;4900000728;1;1000;0001;1000230;Kolík 14x73;Spojovací materiál;101;Příjem zboží na objednávku;S;809,130;KS;9,78;7913,29;CZK;;ABB s.r.o.;;SN3605;;;;VESELAM;4010 Nákup
06.05.2026;06.05.2026;4900000921;1;1000;0001;1000264;Motor 26 kW;Elektro;101;Příjem zboží na objednávku;S;696,650;KS;733,69;511125,14;CZK;;Hilti ČR s.r.o.;;SN3019;;;;DVORAKP;4010 Nákup
06.05.2026;06.05.2026;4900000950;1;2000;0001;1000271;Čidlo indukční 75 mm;Elektro;101;Příjem zboží na objednávku;S;494,120;KS;119,80;59195,58;CZK;;Metalšrot Tlumačov;;SN5765;;;;DVORAKP;4010 Nákup
06.05.2026;06.05.2026;4900001000;1;2000;0001;1000281;Manžeta 90x49;Těsnění a guma;101;Příjem zboží na objednávku;S;752,680;KS;32,59;24529,84;CZK;;Elektro Cabel CZ;;SN5301;;;;HORAKT;4010 Nákup
06.05.2026;06.05.2026;4900001083;1;1000;0001;1000294;Odmašťovač RAL 6011;Nátěry a chemie;101;Příjem zboží na objednávku;S;1191,270;L;303,21;361204,98;CZK;;Colorlak a.s.;;SN3450;;;;CERNAT;4010 Nákup
06.05.2026;06.05.2026;4900001327;1;1000;0001;1000339;Profil Al 7x33;Hliník;101;Příjem zboží na objednávku;S;1650,490;KG;91,34;150755,76;CZK;;Bibus s.r.o.;;SN8570;;;;CERNAT;4010 Nákup
06.05.2026;06.05.2026;4900001689;1;1000;0001;1000101;Profil Al 82x12;Hliník;261;Výdej do výrobní zakázky;H;-155,250;KG;126,57;-19649,99;CZK;VZ400016;;;;;;;SVOBODM;5030 Výroba obrábění
06.05.2026;06.05.2026;4900001689;2;1000;0001;1000324;Profil U 62;Ocel;261;Výdej do výrobní zakázky;H;-54,250;KG;40,88;-2217,74;CZK;VZ400016;;;;;;;DVORAKP;5030 Výroba obrábění
06.05.2026;06.05.2026;4900001689;3;1000;0001;1000397;Motor 114 kW;Elektro;261;Výdej do výrobní zakázky;H;-134,750;KS;710,22;-95702,15;CZK;VZ400016;;;;;;;NOVAKJ;5030 Výroba obrábění
06.05.2026;06.05.2026;4900001689;4;1000;0001;1000357;Ředidlo S101;Nátěry a chemie;261;Výdej do výrobní zakázky;H;-194,000;L;181,43;-35197,42;CZK;VZ400016;;;;;;;NOVAKJ;5030 Výroba obrábění
06.05.2026;06.05.2026;4900001689;5;1000;0001;1000295;Těsnění ploché 61 mm;Těsnění a guma;261;Výdej do výrobní zakázky;H;-115,500;KS;18,17;-2098,64;CZK;VZ400016;;;;;;;KUCERAL;5030 Výroba obrábění
06.05.2026;06.05.2026;4900001880;1;2000;0001;1000201;Motor 5 kW;Elektro;261;Výdej do výrobní zakázky;H;-221,130;KS;658,47;-145607,47;CZK;VZ400112;;;;;;;VESELAM;5020 Výroba montáž
06.05.2026;06.05.2026;4900001880;2;2000;0001;1000227;Profil Al 118x69;Hliník;261;Výdej do výrobní zakázky;H;-210,600;KG;60,93;-12831,86;CZK;VZ400112;;;;;;;NOVAKJ;5020 Výroba montáž
06.05.2026;06.05.2026;4900001880;3;2000;0001;1000327;Stykač 56 A;Elektro;261;Výdej do výrobní zakázky;H;-192,510;KS;238,71;-45954,06;CZK;VZ400112;;;;;;;KUCERAL;5020 Výroba montáž
06.05.2026;06.05.2026;4900001880;4;2000;0001;1000339;Profil Al 7x33;Hliník;261;Výdej do výrobní zakázky;H;-110,430;KG;91,34;-10086,68;CZK;VZ400112;;;;;;;CERNAT;5020 Výroba montáž
06.05.2026;06.05.2026;4900002000;1;2000;0003;5000128;Konzole montážní E878;Hotový výrobek;131;Příjem z výroby;S;4,000;KS;2954,77;11819,08;CZK;VZ400188;;;SV8063;;;;PROCHAZ;5020 Výroba montáž
06.05.2026;06.05.2026;4900002075;1;1000;0003;5000146;Svařenec nosný E906;Hotový výrobek;131;Příjem z výroby;S;21,000;KS;3723,23;78187,83;CZK;VZ400240;;;SV3612;;;;KUCERAL;5020 Výroba montáž
06.05.2026;06.05.2026;4900002164;1;1000;0003;5000130;Čerpadlo odstředivé A643;Hotový výrobek;601;Výdej při dodání zákazníkovi;H;-7,000;KS;7168,49;-50179,43;CZK;;;Magna Exteriors Bohemia;SV3356;77014,24;50179,43;17259,83;HORAKT;6010 Expedice
06.05.2026;06.05.2026;4900002216;1;2000;0003;5000139;Ventilová jednotka D215;Hotový výrobek;601;Výdej při dodání zákazníkovi;H;-10,000;KS;3887,14;-38871,40;CZK;;;Hella Autotechnik Nova;SV1387;51487,09;38871,40;10744,36;HORAKT;6010 Expedice
06.05.2026;06.05.2026;4900002266;1;2000;0003;5000127;Kryt převodovky D532;Hotový výrobek;601;Výdej při dodání zákazníkovi;H;-3,000;KS;1451,50;-4354,50;CZK;;;Vítkovice Machinery;SV2349;7165,49;4354,50;1307,15;KUCERAL;6010 Expedice
06.05.2026;06.05.2026;4900002285;1;1000;0003;5000129;Ventilová jednotka F138;Hotový výrobek;601;Výdej při dodání zákazníkovi;H;-8,000;KS;5816,31;-46530,48;CZK;;;Hanon Systems Autopal;SV4857;62489,30;46530,48;13118,14;CERNAT;6010 Expedice
06.05.2026;06.05.2026;4900002310;1;2000;0003;5000113;Skříň rozvaděče B363;Hotový výrobek;601;Výdej při dodání zákazníkovi;H;-5,000;KS;1821,81;-9109,05;CZK;;;Tatra Trucks a.s.;SV4641;14080,26;9109,05;2757,17;HORAKT;6010 Expedice
06.05.2026;06.05.2026;4900002414;1;1000;0003;5000148;Konzole montážní A793;Hotový výrobek;601;Výdej při dodání zákazníkovi;H;-18,000;KS;7570,47;-136268,46;CZK;;;Vítkovice Machinery;SV1022;197241,04;136268,46;33902,26;HORAKT;6010 Expedice
06.05.2026;06.05.2026;4900002516;1;1000;0003;5000116;Svařenec nosný E926;Hotový výrobek;601;Výdej při dodání zákazníkovi;H;-11,000;KS;635,56;-6991,16;CZK;;;Linet spol. s r.o.;SV7205;9800,29;6991,16;2084,99;HORAKT;6010 Expedice
06.05.2026;06.05.2026;4900002517;1;1000;0003;5000116;Svařenec nosný E926;Hotový výrobek;601;Výdej při dodání zákazníkovi;H;-6,000;KS;635,56;-3813,36;CZK;;;Linet spol. s r.o.;SV3394;5711,12;3813,36;977,03;CERNAT;6010 Expedice
06.05.2026;06.05.2026;4900002524;1;1000;0003;5000143;Skříň rozvaděče B530;Hotový výrobek;601;Výdej při dodání zákazníkovi;H;-13,000;KS;3905,26;-50768,38;CZK;;;Koyo Bearings ČR;SV7987;75191,61;50768,38;13896,56;CERNAT;6010 Expedice
07.05.2026;07.05.2026;4900000093;1;2000;0001;1000117;Motor 72 kW;Elektro;101;Příjem zboží na objednávku;S;154,570;KS;660,38;102074,94;CZK;;Ferona a.s.;;SN4823;;;;PROCHAZ;4010 Nákup
07.05.2026;07.05.2026;4900000690;1;1000;0001;1000223;Šroub M2x48;Spojovací materiál;101;Příjem zboží na objednávku;S;293,150;KS;10,18;2984,27;CZK;;Wurth s.r.o.;;SN9249;;;;NOVAKJ;4010 Nákup
07.05.2026;07.05.2026;4900000696;1;1000;0001;1000224;Lak polyuretanový RAL 6011;Nátěry a chemie;101;Příjem zboží na objednávku;S;2054,730;L;165,51;340078,36;CZK;;Bibus s.r.o.;;SN6534;;;;SVOBODM;4010 Nákup
07.05.2026;07.05.2026;4900000771;1;2000;0001;1000237;Kolík 80x54;Spojovací materiál;101;Příjem zboží na objednávku;S;971,570;KS;4,33;4206,90;CZK;;Alumat s.r.o.;;SN8095;;;;KUCERAL;4010 Nákup
07.05.2026;07.05.2026;4900000939;1;1000;0001;1000268;Tyč kruhová 82 mm;Ocel;101;Příjem zboží na objednávku;S;1708,110;KG;24,53;41899,94;CZK;;Ferona a.s.;;SN7522;;;;NOVAKJ;4010 Nákup
07.05.2026;07.05.2026;4900001201;1;1000;0001;1000315;Ředidlo S67;Nátěry a chemie;101;Příjem zboží na objednávku;S;1590,230;L;248,62;395362,98;CZK;;ABB s.r.o.;;SN3527;;;;NOVAKJ;4010 Nákup
07.05.2026;07.05.2026;4900001272;1;1000;0001;1000328;Nýt 37x12;Spojovací materiál;101;Příjem zboží na objednávku;S;664,380;KS;6,41;4258,68;CZK;;Resinex CZ s.r.o.;;SN4749;;;;DVORAKP;4010 Nákup
07.05.2026;07.05.2026;4900001420;1;2000;0001;1000356;Podložka 42;Spojovací materiál;101;Příjem zboží na objednávku;S;1085,760;KS;4,27;4636,20;CZK;;Lapp Kabel s.r.o.;;SN8192;;;;HORAKT;4010 Nákup
07.05.2026;07.05.2026;4900001612;1;2000;0001;1000390;Frekvenční měnič 119 kW;Elektro;101;Příjem zboží na objednávku;S;909,530;KS;680,45;618889,69;CZK;;Bossard CZ s.r.o.;;SN5765;;;;DVORAKP;4010 Nákup
07.05.2026;07.05.2026;4900001749;1;2000;0001;1000289;Plech ocelový 110 mm;Ocel;261;Výdej do výrobní zakázky;H;-32,010;KG;23,40;-749,03;CZK;VZ400045;;;;;;;VESELAM;5020 Výroba montáž
07.05.2026;07.05.2026;4900001749;2;2000;0001;1000202;Kolík 46x32;Spojovací materiál;261;Výdej do výrobní zakázky;H;-87,230;KS;2,81;-245,12;CZK;VZ400045;;;;;;;HORAKT;5030 Výroba obrábění
07.05.2026;07.05.2026;4900001749;3;2000;0001;1000309;Tlumič gumový 24;Těsnění a guma;261;Výdej do výrobní zakázky;H;-121,550;KS;42,90;-5214,49;CZK;VZ400045;;;;;;;NOVAKJ;5030 Výroba obrábění
07.05.2026;07.05.2026;4900001749;4;2000;0001;1000223;Šroub M2x48;Spojovací materiál;261;Výdej do výrobní zakázky;H;-69,520;KS;10,18;-707,71;CZK;VZ400045;;;;;;;DVORAKP;5020 Výroba montáž
07.05.2026;07.05.2026;4900001749;5;2000;0001;1000330;O-kroužek 39 mm;Těsnění a guma;261;Výdej do výrobní zakázky;H;-7,810;KS;18,43;-143,94;CZK;VZ400045;;;;;;;SVOBODM;5030 Výroba obrábění
07.05.2026;07.05.2026;4900001749;6;2000;0001;1000381;Trubka Al 117 mm;Hliník;261;Výdej do výrobní zakázky;H;-70,620;KG;64,58;-4560,64;CZK;VZ400045;;;;;;;NOVAKJ;5030 Výroba obrábění
07.05.2026;07.05.2026;4900001749;7;2000;0001;1000319;Granulát PA6 44;Plasty;261;Výdej do výrobní zakázky;H;-35,090;KG;71,64;-2513,85;CZK;VZ400045;;;;;;;VESELAM;5030 Výroba obrábění
07.05.2026;07.05.2026;4900001749;8;2000;0001;1000344;Tlumič gumový 31;Těsnění a guma;261;Výdej do výrobní zakázky;H;-98,670;KS;11,20;-1105,10;CZK;VZ400045;;;;;;;DVORAKP;5030 Výroba obrábění
07.05.2026;07.05.2026;4900001749;9;2000;0001;1000209;Matice M37;Spojovací materiál;261;Výdej do výrobní zakázky;H;-119,790;KS;14,07;-1685,45;CZK;VZ400045;;;;;;;NOVAKJ;5030 Výroba obrábění
07.05.2026;07.05.2026;4900001760;1;1000;0001;1000183;O-kroužek 107 mm;Těsnění a guma;261;Výdej do výrobní zakázky;H;-164,340;KS;51,09;-8396,13;CZK;VZ400050;;;;;;;VESELAM;5030 Výroba obrábění
07.05.2026;07.05.2026;4900001760;2;1000;0001;1000375;Deska PE 101 mm;Plasty;261;Výdej do výrobní zakázky;H;-19,260;KG;63,57;-1224,36;CZK;VZ400050;;;;;;;DVORAKP;5020 Výroba montáž
07.05.2026;07.05.2026;4900001760;3;1000;0001;1000167;Nýt 105x50;Spojovací materiál;261;Výdej do výrobní zakázky;H;-111,960;KS;10,11;-1131,92;CZK;VZ400050;;;;;;;PROCHAZ;5020 Výroba montáž
07.05.2026;07.05.2026;4900001760;4;1000;0001;1000245;Ředidlo S51;Nátěry a chemie;261;Výdej do výrobní zakázky;H;-34,200;L;96,37;-3295,85;CZK;VZ400050;;;;;;;DVORAKP;5030 Výroba obrábění
07.05.2026;07.05.2026;4900001760;5;1000;0001;1000130;Deska PE 105 mm;Plasty;261;Výdej do výrobní zakázky;H;-61,200;KG;64,17;-3927,20;CZK;VZ400050;;;;;;;VESELAM;5020 Výroba montáž
07.05.2026;07.05.2026;4900001760;6;1000;0001;1000111;Podložka 21;Spojovací materiál;261;Výdej do výrobní zakázky;H;-98,640;KS;16,00;-1578,24;CZK;VZ400050;;;;;;;NOVAKJ;5020 Výroba montáž
07.05.2026;07.05.2026;4900001797;1;2000;0001;1000145;Stykač 108 A;Elektro;261;Výdej do výrobní zakázky;H;-408,800;KS;646,65;-264350,52;CZK;VZ400067;;;;;;;SVOBODM;5030 Výroba obrábění
07.05.2026;07.05.2026;4900001797;2;2000;0001;1000211;O-kroužek 90 mm;Těsnění a guma;261;Výdej do výrobní zakázky;H;-345,600;KS;5,48;-1893,89;CZK;VZ400067;;;;;;;SVOBODM;5030 Výroba obrábění
07.05.2026;07.05.2026;4900001797;3;2000;0001;1000349;Podložka 13;Spojovací materiál;261;Výdej do výrobní zakázky;H;-452,400;KS;13,44;-6080,26;CZK;VZ400067;;;;;;;CERNAT;5020 Výroba montáž
07.05.2026;07.05.2026;4900001797;4;2000;0001;1000325;Trubka Al 2 mm;Hliník;261;Výdej do výrobní zakázky;H;-188,800;KG;72,94;-13771,07;CZK;VZ400067;;;;;;;HORAKT;5030 Výroba obrábění
07.05.2026;07.05.2026;4900001797;5;2000;0001;1000170;Trubka ocelová 73x65;Ocel;261;Výdej do výrobní zakázky;H;-100,800;KG;23,63;-2381,90;CZK;VZ400067;;;;;;;CERNAT;5020 Výroba montáž
07.05.2026;07.05.2026;4900001797;6;2000;0001;1000187;Stykač 3 A;Elektro;261;Výdej do výrobní zakázky;H;-451,600;KS;249,99;-112895,48;CZK;VZ400067;;;;;;;HORAKT;5020 Výroba montáž
07.05.2026;07.05.2026;4900001797;7;2000;0001;1000330;O-kroužek 39 mm;Těsnění a guma;261;Výdej do výrobní zakázky;H;-297,200;KS;18,43;-5477,40;CZK;VZ400067;;;;;;;SVOBODM;5020 Výroba montáž
07.05.2026;07.05.2026;4900001903;1;1000;0003;5000111;Převodovka šneková F683;Hotový výrobek;131;Příjem z výroby;S;26,000;KS;6903,87;179500,62;CZK;VZ400125;;;SV7093;;;;KUCERAL;5020 Výroba montáž
07.05.2026;07.05.2026;4900001965;1;2000;0001;1000321;Podložka 22;Spojovací materiál;261;Výdej do výrobní zakázky;H;-42,960;KS;13,53;-581,25;CZK;VZ400167;;;;;;;SVOBODM;5020 Výroba montáž
07.05.2026;07.05.2026;4900001965;2;2000;0001;1000184;Profil U 96;Ocel;261;Výdej do výrobní zakázky;H;-23,600;KG;20,09;-474,12;CZK;VZ400167;;;;;;;CERNAT;5030 Výroba obrábění
07.05.2026;07.05.2026;4900001965;3;2000;0001;1000397;Motor 114 kW;Elektro;261;Výdej do výrobní zakázky;H;-14,520;KS;710,22;-10312,39;CZK;VZ400167;;;;;;;CERNAT;5020 Výroba montáž
07.05.2026;07.05.2026;4900001965;4;2000;0001;1000304;Plech Al 29 mm;Hliník;261;Výdej do výrobní zakázky;H;-10,280;KG;84,08;-864,34;CZK;VZ400167;;;;;;;CERNAT;5030 Výroba obrábění
07.05.2026;07.05.2026;4900002039;1;2000;0001;1000390;Frekvenční měnič 119 kW;Elektro;261;Výdej do výrobní zakázky;H;-117,750;KS;680,45;-80122,99;CZK;VZ400213;;;;;;;DVORAKP;5020 Výroba montáž
07.05.2026;07.05.2026;4900002039;2;2000;0001;1000391;Kolík 64x14;Spojovací materiál;261;Výdej do výrobní zakázky;H;-201,500;KS;15,07;-3036,61;CZK;VZ400213;;;;;;;VESELAM;5020 Výroba montáž
07.05.2026;07.05.2026;4900002039;3;2000;0001;1000378;Základní barva RAL 6011;Nátěry a chemie;261;Výdej do výrobní zakázky;H;-77,500;L;99,53;-7713,57;CZK;VZ400213;;;;;;;VESELAM;5020 Výroba montáž
07.05.2026;07.05.2026;4900002039;4;2000;0001;1000181;Matice M81;Spojovací materiál;261;Výdej do výrobní zakázky;H;-299,750;KS;15,28;-4580,18;CZK;VZ400213;;;;;;;PROCHAZ;5020 Výroba montáž
07.05.2026;07.05.2026;4900002116;1;2000;0001;1000390;Frekvenční měnič 119 kW;Elektro;261;Výdej do výrobní zakázky;H;-113,040;KS;680,45;-76918,07;CZK;VZ400278;;;;;;;HORAKT;5030 Výroba obrábění
07.05.2026;07.05.2026;4900002116;2;2000;0001;1000391;Kolík 64x14;Spojovací materiál;261;Výdej do výrobní zakázky;H;-193,440;KS;15,07;-2915,14;CZK;VZ400278;;;;;;;SVOBODM;5030 Výroba obrábění
07.05.2026;07.05.2026;4900002116;3;2000;0001;1000378;Základní barva RAL 6011;Nátěry a chemie;261;Výdej do výrobní zakázky;H;-74,400;L;99,53;-7405,03;CZK;VZ400278;;;;;;;KUCERAL;5030 Výroba obrábění
07.05.2026;07.05.2026;4900002116;4;2000;0001;1000181;Matice M81;Spojovací materiál;261;Výdej do výrobní zakázky;H;-287,760;KS;15,28;-4396,97;CZK;VZ400278;;;;;;;KUCERAL;5030 Výroba obrábění
07.05.2026;07.05.2026;4900002124;1;1000;0003;5000142;Rám podvozkový A874;Hotový výrobek;131;Příjem z výroby;S;32,000;KS;7208,74;230679,68;CZK;VZ400283;;;SV9056;;;;KUCERAL;5020 Výroba montáž
07.05.2026;07.05.2026;4900002192;1;2000;0003;5000121;Převodovka šneková D513;Hotový výrobek;601;Výdej při dodání zákazníkovi;H;-37,000;KS;9506,76;-351750,12;CZK;;;Mubea CZ s.r.o.;SV1939;569366,47;351750,12;103997,18;NOVAKJ;6010 Expedice
07.05.2026;07.05.2026;4900002256;1;2000;0003;5000117;Kryt převodovky F393;Hotový výrobek;601;Výdej při dodání zákazníkovi;H;-5,000;KS;6197,29;-30986,45;CZK;;;Mubea CZ s.r.o.;SV4124;44576,43;30986,45;8882,26;VESELAM;6010 Expedice
07.05.2026;07.05.2026;4900002371;1;1000;0003;5000104;Dopravník pásový E932;Hotový výrobek;601;Výdej při dodání zákazníkovi;H;-2,000;KS;2436,00;-4872,00;CZK;;;Vítkovice Machinery;SV2591;6488,10;4872,00;1440,52;PROCHAZ;6010 Expedice
07.05.2026;07.05.2026;4900002415;1;1000;0003;5000148;Konzole montážní A793;Hotový výrobek;601;Výdej při dodání zákazníkovi;H;-13,000;KS;7570,47;-98416,11;CZK;;;Bonatrans Group a.s.;SV9591;148392,56;98416,11;31181,55;NOVAKJ;6010 Expedice
07.05.2026;07.05.2026;4900002465;1;1000;0003;5000101;Převodovka šneková B301;Hotový výrobek;601;Výdej při dodání zákazníkovi;H;-7,000;KS;9813,50;-68694,50;CZK;;;Linet spol. s r.o.;SV2821;97711,83;68694,50;18965,46;KUCERAL;6010 Expedice
07.05.2026;07.05.2026;4900002501;1;2000;0003;5000125;Hydraulický agregát B836;Hotový výrobek;601;Výdej při dodání zákazníkovi;H;-16,000;KS;3170,53;-50728,48;CZK;;;Vítkovice Machinery;SV6482;80021,37;50728,48;15775,50;KUCERAL;6010 Expedice
08.05.2026;08.05.2026;4900000139;1;1000;0001;1000124;Motor 43 kW;Elektro;101;Příjem zboží na objednávku;S;507,080;KS;477,15;241953,22;CZK;;Plastika Nitra a.s.;;SN3475;;;;SVOBODM;4010 Nákup
08.05.2026;08.05.2026;4900000275;1;2000;0001;1000149;Trubka ocelová 66x16;Ocel;101;Příjem zboží na objednávku;S;2175,300;KG;29,75;64715,18;CZK;;Rubena a.s.;;SN6598;;;;SVOBODM;4010 Nákup
08.05.2026;08.05.2026;4900000332;1;2000;0001;1000158;Deska PP 31 mm;Plasty;101;Příjem zboží na objednávku;S;668,990;KG;75,68;50629,16;CZK;;Bibus s.r.o.;;SN3661;;;;DVORAKP;4010 Nákup
08.05.2026;08.05.2026;4900000356;1;2000;0001;1000163;Tyč kruhová 7 mm;Ocel;101;Příjem zboží na objednávku;S;1418,720;KG;46,13;65445,55;CZK;;Lapp Kabel s.r.o.;;SN1798;;;;HORAKT;4010 Nákup
08.05.2026;08.05.2026;4900000448;1;1000;0001;1000178;Profil Al 34x34;Hliník;101;Příjem zboží na objednávku;S;472,890;KG;74,24;35107,35;CZK;;ArcelorMittal Distribution;;SN2329;;;;KUCERAL;4010 Nákup
08.05.2026;08.05.2026;4900000486;1;1000;0001;1000185;Profil Al 28x35;Hliník;101;Příjem zboží na objednávku;S;1621,110;KG;71,24;115487,88;CZK;;Hilti ČR s.r.o.;;SN8107;;;;DVORAKP;4010 Nákup
08.05.2026;08.05.2026;4900000517;1;1000;0001;1000191;Trubka ocelová 94x42;Ocel;101;Příjem zboží na objednávku;S;903,380;KG;31,93;28844,92;CZK;;ESSA Czech;;SN2717;;;;PROCHAZ;4010 Nákup
08.05.2026;08.05.2026;4900000530;1;1000;0001;1000193;Deska PE 67 mm;Plasty;101;Příjem zboží na objednávku;S;1943,520;KG;87,82;170679,93;CZK;;Alumat s.r.o.;;SN1131;;;;DVORAKP;4010 Nákup
08.05.2026;08.05.2026;4900000551;1;1000;0001;1000197;Manžeta 47x52;Těsnění a guma;101;Příjem zboží na objednávku;S;523,130;KS;54,17;28337,95;CZK;;Wurth s.r.o.;;SN1647;;;;PROCHAZ;4010 Nákup
08.05.2026;08.05.2026;4900000680;1;2000;0001;1000221;Deska PE 117 mm;Plasty;101;Příjem zboží na objednávku;S;1437,640;KG;58,15;83598,77;CZK;;ThyssenKrupp Ferrostal;;SN4720;;;;SVOBODM;4010 Nákup
08.05.2026;08.05.2026;4900000793;1;2000;0001;1000240;Profil U 62;Ocel;101;Příjem zboží na objednávku;S;2185,950;KG;24,39;53315,32;CZK;;ESSA Czech;;SN5771;;;;VESELAM;4010 Nákup
08.05.2026;08.05.2026;4900000898;1;1000;0001;1000260;Těsnění ploché 87 mm;Těsnění a guma;101;Příjem zboží na objednávku;S;410,090;KS;22,51;9231,13;CZK;;Fabory CZ;;SN7737;;;;SVOBODM;4010 Nákup
08.05.2026;08.05.2026;4900001297;1;1000;0001;1000332;Plech Al 60 mm;Hliník;101;Příjem zboží na objednávku;S;436,560;KG;87,05;38002,55;CZK;;Wurth s.r.o.;;SN6129;;;;KUCERAL;4010 Nákup
08.05.2026;08.05.2026;4900001680;1;1000;0003;5000136;Svařenec nosný A321;Hotový výrobek;131;Příjem z výroby;S;9,000;KS;13945,05;125505,45;CZK;VZ400011;;;SV3676;;;;SVOBODM;5020 Výroba montáž
08.05.2026;08.05.2026;4900001695;1;2000;0001;1000231;Odmašťovač RAL 5010;Nátěry a chemie;261;Výdej do výrobní zakázky;H;-25,500;L;195,83;-4993,66;CZK;VZ400019;;;;;;;NOVAKJ;5030 Výroba obrábění
08.05.2026;08.05.2026;4900001695;2;2000;0001;1000217;Odmašťovač RAL 6011;Nátěry a chemie;261;Výdej do výrobní zakázky;H;-51,700;L;302,81;-15655,28;CZK;VZ400019;;;;;;;PROCHAZ;5020 Výroba montáž
08.05.2026;08.05.2026;4900001695;3;2000;0001;1000297;Trubka Al 64 mm;Hliník;261;Výdej do výrobní zakázky;H;-65,400;KG;101,55;-6641,37;CZK;VZ400019;;;;;;;KUCERAL;5020 Výroba montáž
08.05.2026;08.05.2026;4900001695;4;2000;0001;1000206;Trubka Al 68 mm;Hliník;261;Výdej do výrobní zakázky;H;-75,600;KG;69,44;-5249,66;CZK;VZ400019;;;;;;;VESELAM;5020 Výroba montáž
08.05.2026;08.05.2026;4900001695;5;2000;0001;1000272;Šroub M28x22;Spojovací materiál;261;Výdej do výrobní zakázky;H;-22,600;KS;8,82;-199,33;CZK;VZ400019;;;;;;;HORAKT;5020 Výroba montáž
08.05.2026;08.05.2026;4900001695;6;2000;0001;1000145;Stykač 108 A;Elektro;261;Výdej do výrobní zakázky;H;-75,500;KS;646,65;-48822,07;CZK;VZ400019;;;;;;;HORAKT;5030 Výroba obrábění
08.05.2026;08.05.2026;4900001799;1;1000;0001;1000397;Motor 114 kW;Elektro;261;Výdej do výrobní zakázky;H;-70,200;KS;710,22;-49857,44;CZK;VZ400068;;;;;;;SVOBODM;5030 Výroba obrábění
08.05.2026;08.05.2026;4900001799;2;1000;0001;1000374;Plech Al 115 mm;Hliník;261;Výdej do výrobní zakázky;H;-8,160;KG;66,46;-542,31;CZK;VZ400068;;;;;;;KUCERAL;5020 Výroba montáž
08.05.2026;08.05.2026;4900001799;3;1000;0001;1000178;Profil Al 34x34;Hliník;261;Výdej do výrobní zakázky;H;-36,240;KG;74,24;-2690,46;CZK;VZ400068;;;;;;;CERNAT;5020 Výroba montáž
08.05.2026;08.05.2026;4900001799;4;1000;0001;1000313;Kabel CYKY 66x55;Elektro;261;Výdej do výrobní zakázky;H;-24,180;KS;566,73;-13703,53;CZK;VZ400068;;;;;;;VESELAM;5030 Výroba obrábění
08.05.2026;08.05.2026;4900001799;5;1000;0001;1000150;Profil Al 3x49;Hliník;261;Výdej do výrobní zakázky;H;-21,780;KG;116,11;-2528,88;CZK;VZ400068;;;;;;;CERNAT;5020 Výroba montáž
08.05.2026;08.05.2026;4900001837;1;2000;0003;5000105;Hydraulický agregát F685;Hotový výrobek;131;Příjem z výroby;S;38,000;KS;5566,06;211510,28;CZK;VZ400086;;;SV1362;;;;KUCERAL;5020 Výroba montáž
08.05.2026;08.05.2026;4900001881;1;2000;0003;5000123;Skříň rozvaděče F976;Hotový výrobek;131;Příjem z výroby;S;27,000;KS;9763,80;263622,60;CZK;VZ400112;;;SV4450;;;;DVORAKP;5020 Výroba montáž
08.05.2026;08.05.2026;4900002097;1;1000;0001;1000162;Manžeta 19x29;Těsnění a guma;261;Výdej do výrobní zakázky;H;-266,370;KS;19,44;-5178,23;CZK;VZ400262;;;;;;;VESELAM;5030 Výroba obrábění
08.05.2026;08.05.2026;4900002097;2;1000;0001;1000305;Granulát ABS 54;Plasty;261;Výdej do výrobní zakázky;H;-297,570;KG;83,28;-24781,63;CZK;VZ400262;;;;;;;DVORAKP;5020 Výroba montáž
08.05.2026;08.05.2026;4900002097;3;1000;0001;1000205;Trubka ocelová 6x21;Ocel;261;Výdej do výrobní zakázky;H;-142,350;KG;20,71;-2948,07;CZK;VZ400262;;;;;;;HORAKT;5020 Výroba montáž
08.05.2026;08.05.2026;4900002097;4;1000;0001;1000246;Těsnění ploché 116 mm;Těsnění a guma;261;Výdej do výrobní zakázky;H;-242,970;KS;47,79;-11611,54;CZK;VZ400262;;;;;;;VESELAM;5030 Výroba obrábění
08.05.2026;08.05.2026;4900002097;5;1000;0001;1000280;Lak polyuretanový RAL 5010;Nátěry a chemie;261;Výdej do výrobní zakázky;H;-47,580;L;269,15;-12806,16;CZK;VZ400262;;;;;;;VESELAM;5020 Výroba montáž
08.05.2026;08.05.2026;4900002161;1;1000;0003;5000114;Dopravník pásový C843;Hotový výrobek;601;Výdej při dodání zákazníkovi;H;-5,000;KS;4628,55;-23142,75;CZK;;;Brose CZ spol. s r.o.;SV2271;34085,87;23142,75;6028,49;HORAKT;6010 Expedice
08.05.2026;08.05.2026;4900002268;1;2000;0003;5000122;Rám podvozkový E427;Hotový výrobek;601;Výdej při dodání zákazníkovi;H;-1,000;KS;5207,47;-5207,47;CZK;;;Continental Automotive;SV8303;7524,18;5207,47;1299,86;KUCERAL;6010 Expedice
08.05.2026;08.05.2026;4900002546;1;1000;0003;5000107;Kryt převodovky B587;Hotový výrobek;601;Výdej při dodání zákazníkovi;H;-10,000;KS;2113,83;-21138,30;CZK;;;Koyo Bearings ČR;SV4008;23049,16;21138,30;4462,15;KUCERAL;6010 Expedice
08.05.2026;08.05.2026;4900002552;1;1000;0003;5000146;Svařenec nosný E906;Hotový výrobek;601;Výdej při dodání zákazníkovi;H;-6,000;KS;3723,23;-22339,38;CZK;;;Zetor Tractors a.s.;SV6486;34432,00;22339,38;7050,03;VESELAM;6010 Expedice
08.05.2026;08.05.2026;4900002577;1;1000;0003;5000140;Čerpadlo odstředivé E290;Hotový výrobek;601;Výdej při dodání zákazníkovi;H;-1,000;KS;4253,35;-4253,35;CZK;;;Strojírny Prostějov a.s.;SV2613;6606,68;4253,35;1126,75;HORAKT;6010 Expedice
08.05.2026;08.05.2026;4900002578;1;1000;0003;5000140;Čerpadlo odstředivé E290;Hotový výrobek;601;Výdej při dodání zákazníkovi;H;-1,000;KS;4253,35;-4253,35;CZK;;;Continental Automotive;SV5745;6601,07;4253,35;1502,67;HORAKT;6010 Expedice
11.05.2026;11.05.2026;4900000118;1;2000;0001;1000121;Jekl 97x97x38;Ocel;101;Příjem zboží na objednávku;S;685,810;KG;34,73;23818,18;CZK;;Killich s.r.o.;;SN6029;;;;HORAKT;4010 Nákup
11.05.2026;11.05.2026;4900000272;1;1000;0001;1000148;Tlumič gumový 44;Těsnění a guma;101;Příjem zboží na objednávku;S;289,400;KS;18,80;5440,72;CZK;;Trelleborg Bohemia;;SN3140;;;;DVORAKP;4010 Nákup
11.05.2026;11.05.2026;4900000379;1;1000;0001;1000167;Nýt 105x50;Spojovací materiál;101;Příjem zboží na objednávku;S;723,620;KS;10,11;7315,80;CZK;;Bossard CZ s.r.o.;;SN6802;;;;SVOBODM;4010 Nákup
11.05.2026;11.05.2026;4900000397;1;1000;0001;1000169;O-kroužek 90 mm;Těsnění a guma;101;Příjem zboží na objednávku;S;739,210;KS;8,34;6165,01;CZK;;Elektro Cabel CZ;;SN1777;;;;VESELAM;4010 Nákup
11.05.2026;11.05.2026;4900000478;1;1000;0001;1000183;O-kroužek 107 mm;Těsnění a guma;101;Příjem zboží na objednávku;S;550,030;KS;51,09;28101,03;CZK;;Hennlich s.r.o.;;SN7046;;;;SVOBODM;4010 Nákup
11.05.2026;11.05.2026;4900000479;1;2000;0001;1000184;Profil U 96;Ocel;101;Příjem zboží na objednávku;S;241,320;KG;23,71;5721,70;CZK;;Trelleborg Bohemia;;SN1594;;;;NOVAKJ;4010 Nákup
11.05.2026;11.05.2026;4900000589;1;1000;0001;1000204;O-kroužek 110 mm;Těsnění a guma;101;Příjem zboží na objednávku;S;670,460;KS;66,61;44659,34;CZK;;ABB s.r.o.;;SN1335;;;;SVOBODM;4010 Nákup
11.05.2026;11.05.2026;4900000663;1;1000;0001;1000218;Manžeta 40x54;Těsnění a guma;101;Příjem zboží na objednávku;S;211,650;KS;53,05;11228,03;CZK;;Fabory CZ;;SN5867;;;;PROCHAZ;4010 Nákup
11.05.2026;11.05.2026;4900000685;1;1000;0001;1000222;Motor 80 kW;Elektro;101;Příjem zboží na objednávku;S;815,950;KS;172,02;140359,72;CZK;;Hennlich s.r.o.;;SN8167;;;;CERNAT;4010 Nákup
11.05.2026;11.05.2026;4900000736;1;1000;0001;1000232;O-kroužek 61 mm;Těsnění a guma;101;Příjem zboží na objednávku;S;801,870;KS;8,12;6511,18;CZK;;Schneider Electric CZ;;SN3461;;;;HORAKT;4010 Nákup
11.05.2026;11.05.2026;4900000812;1;1000;0001;1000244;Podložka 93;Spojovací materiál;101;Příjem zboží na objednávku;S;502,740;KS;14,76;7420,44;CZK;;Siemens s.r.o.;;SN6768;;;;NOVAKJ;4010 Nákup
11.05.2026;11.05.2026;4900000977;1;1000;0001;1000276;Profil Al 96x51;Hliník;101;Příjem zboží na objednávku;S;432,710;KG;80,22;34712,00;CZK;;Colorlak a.s.;;SN7357;;;;CERNAT;4010 Nákup
11.05.2026;11.05.2026;4900001445;1;2000;0001;1000361;Deska PP 28 mm;Plasty;101;Příjem zboží na objednávku;S;1022,980;KG;68,57;70145,74;CZK;;Schneider Electric CZ;;SN4088;;;;DVORAKP;4010 Nákup
11.05.2026;11.05.2026;4900001558;1;2000;0001;1000381;Trubka Al 117 mm;Hliník;101;Příjem zboží na objednávku;S;658,090;KG;64,58;42499,45;CZK;;ArcelorMittal Distribution;;SN3592;;;;NOVAKJ;4010 Nákup
11.05.2026;11.05.2026;4900001798;1;2000;0003;5000138;Konzole montážní C661;Hotový výrobek;131;Příjem z výroby;S;40,000;KS;11642,23;465689,20;CZK;VZ400067;;;SV8179;;;;NOVAKJ;5020 Výroba montáž
11.05.2026;11.05.2026;4900002040;1;2000;0003;5000137;Kryt převodovky B734;Hotový výrobek;131;Příjem z výroby;S;25,000;KS;4419,44;110486,00;CZK;VZ400213;;;SV1369;;;;DVORAKP;5020 Výroba montáž
11.05.2026;11.05.2026;4900002076;1;2000;0001;1000235;Deska PE 105 mm;Plasty;261;Výdej do výrobní zakázky;H;-145,800;KG;73,09;-10656,52;CZK;VZ400241;;;;;;;CERNAT;5020 Výroba montáž
11.05.2026;11.05.2026;4900002076;2;2000;0001;1000247;Profil U 55;Ocel;261;Výdej do výrobní zakázky;H;-181,170;KG;23,08;-4181,40;CZK;VZ400241;;;;;;;DVORAKP;5030 Výroba obrábění
11.05.2026;11.05.2026;4900002076;3;2000;0001;1000282;Plech ocelový 15 mm;Ocel;261;Výdej do výrobní zakázky;H;-92,610;KG;32,61;-3020,01;CZK;VZ400241;;;;;;;VESELAM;5020 Výroba montáž
11.05.2026;11.05.2026;4900002076;4;2000;0001;1000101;Profil Al 82x12;Hliník;261;Výdej do výrobní zakázky;H;-199,800;KG;126,57;-25288,69;CZK;VZ400241;;;;;;;PROCHAZ;5030 Výroba obrábění
11.05.2026;11.05.2026;4900002076;5;2000;0001;1000277;Granulát ABS 15;Plasty;261;Výdej do výrobní zakázky;H;-92,340;KG;36,41;-3362,10;CZK;VZ400241;;;;;;;CERNAT;5030 Výroba obrábění
11.05.2026;11.05.2026;4900002076;6;2000;0001;1000387;Trubka ocelová 55x68;Ocel;261;Výdej do výrobní zakázky;H;-109,350;KG;29,33;-3207,24;CZK;VZ400241;;;;;;;HORAKT;5020 Výroba montáž
11.05.2026;11.05.2026;4900002076;7;2000;0001;1000206;Trubka Al 68 mm;Hliník;261;Výdej do výrobní zakázky;H;-90,180;KG;69,44;-6262,10;CZK;VZ400241;;;;;;;NOVAKJ;5030 Výroba obrábění
11.05.2026;11.05.2026;4900002076;8;2000;0001;1000255;Trubka Al 111 mm;Hliník;261;Výdej do výrobní zakázky;H;-59,670;KG;114,47;-6830,42;CZK;VZ400241;;;;;;;SVOBODM;5030 Výroba obrábění
11.05.2026;11.05.2026;4900002076;9;2000;0001;1000231;Odmašťovač RAL 5010;Nátěry a chemie;261;Výdej do výrobní zakázky;H;-47,790;L;195,83;-9358,72;CZK;VZ400241;;;;;;;SVOBODM;5030 Výroba obrábění
11.05.2026;11.05.2026;4900002283;1;1000;0003;5000129;Ventilová jednotka F138;Hotový výrobek;601;Výdej při dodání zákazníkovi;H;-27,000;KS;5816,31;-157040,37;CZK;;;Juta a.s.;SV9337;209555,26;157040,37;39413,13;VESELAM;6010 Expedice
11.05.2026;11.05.2026;4900002313;1;2000;0003;5000127;Kryt převodovky D532;Hotový výrobek;601;Výdej při dodání zákazníkovi;H;-3,000;KS;1451,50;-4354,50;CZK;;;Linet spol. s r.o.;SV1464;7109,27;4354,50;1506,65;SVOBODM;6010 Expedice
11.05.2026;11.05.2026;4900002316;1;2000;0003;5000117;Kryt převodovky F393;Hotový výrobek;601;Výdej při dodání zákazníkovi;H;-22,000;KS;6197,29;-136340,38;CZK;;;Brose CZ spol. s r.o.;SV2849;196783,58;136340,38;41383,32;DVORAKP;6010 Expedice
11.05.2026;11.05.2026;4900002320;1;2000;0003;5000122;Rám podvozkový E427;Hotový výrobek;601;Výdej při dodání zákazníkovi;H;-8,000;KS;5207,47;-41659,76;CZK;;;Strojírny Prostějov a.s.;SV1070;60349,74;41659,76;11896,01;KUCERAL;6010 Expedice
11.05.2026;11.05.2026;4900002363;1;2000;0003;5000123;Skříň rozvaděče F976;Hotový výrobek;601;Výdej při dodání zákazníkovi;H;-32,000;KS;9763,80;-312441,60;CZK;;;Agrostroj Pelhřimov a.s.;SV1461;323192,60;312441,60;57720,01;KUCERAL;6010 Expedice
11.05.2026;11.05.2026;4900002369;1;2000;0003;5000123;Skříň rozvaděče F976;Hotový výrobek;601;Výdej při dodání zákazníkovi;H;-8,000;KS;9763,80;-78110,40;CZK;;;Witte Automotive;SV6436;83448,01;78110,40;15636,41;PROCHAZ;6010 Expedice
11.05.2026;11.05.2026;4900002376;1;2000;0003;5000113;Skříň rozvaděče B363;Hotový výrobek;601;Výdej při dodání zákazníkovi;H;-8,000;KS;1821,81;-14574,48;CZK;;;Bonatrans Group a.s.;SV7759;22631,61;14574,48;4492,56;CERNAT;6010 Expedice
11.05.2026;11.05.2026;4900002394;1;1000;0003;5000111;Převodovka šneková F683;Hotový výrobek;601;Výdej při dodání zákazníkovi;H;-8,000;KS;6903,87;-55230,96;CZK;;;Linet spol. s r.o.;SV1173;80791,66;55230,96;16065,77;NOVAKJ;6010 Expedice
11.05.2026;11.05.2026;4900002450;1;1000;0003;5000115;Hydraulický agregát D743;Hotový výrobek;601;Výdej při dodání zákazníkovi;H;-24,000;KS;2017,76;-48426,24;CZK;;;Koyo Bearings ČR;SV5208;68424,51;48426,24;11916,70;CERNAT;6010 Expedice
11.05.2026;11.05.2026;4900002553;1;1000;0003;5000146;Svařenec nosný E906;Hotový výrobek;601;Výdej při dodání zákazníkovi;H;-15,000;KS;3723,23;-55848,45;CZK;;;Juta a.s.;SV4399;87773,39;55848,45;18090,24;DVORAKP;6010 Expedice
12.05.2026;12.05.2026;4900000430;1;1000;0001;1000175;Odmašťovač RAL 7035;Nátěry a chemie;101;Příjem zboží na objednávku;S;950,810;L;263,16;250215,16;CZK;;Bibus s.r.o.;;SN2459;;;;KUCERAL;4010 Nákup
12.05.2026;12.05.2026;4900000627;1;1000;0001;1000211;O-kroužek 90 mm;Těsnění a guma;101;Příjem zboží na objednávku;S;166,580;KS;5,48;912,86;CZK;;Siemens s.r.o.;;SN6945;;;;NOVAKJ;4010 Nákup
12.05.2026;12.05.2026;4900000656;1;1000;0001;1000216;Podložka 26;Spojovací materiál;101;Příjem zboží na objednávku;S;368,170;KS;12,61;4642,62;CZK;;ABB s.r.o.;;SN3159;;;;VESELAM;4010 Nákup
12.05.2026;12.05.2026;4900000750;1;1000;0001;1000234;Plech Al 44 mm;Hliník;101;Příjem zboží na objednávku;S;959,080;KG;95,56;91649,68;CZK;;ABB s.r.o.;;SN3520;;;;NOVAKJ;4010 Nákup
12.05.2026;12.05.2026;4900000800;1;2000;0001;1000241;Plech Al 66 mm;Hliník;101;Příjem zboží na objednávku;S;1407,010;KG;98,14;138083,96;CZK;;Metalšrot Tlumačov;;SN7471;;;;PROCHAZ;4010 Nákup
12.05.2026;12.05.2026;4900000952;1;2000;0001;1000271;Čidlo indukční 75 mm;Elektro;101;Příjem zboží na objednávku;S;946,800;KS;119,80;113426,64;CZK;;ThyssenKrupp Ferrostal;;SN3546;;;;DVORAKP;4010 Nákup
12.05.2026;12.05.2026;4900001291;1;2000;0001;1000331;Tyč kruhová 92 mm;Ocel;101;Příjem zboží na objednávku;S;1012,700;KG;47,93;48538,71;CZK;;Resinex CZ s.r.o.;;SN2840;;;;DVORAKP;4010 Nákup
12.05.2026;12.05.2026;4900001341;1;2000;0001;1000341;Motor 96 kW;Elektro;101;Příjem zboží na objednávku;S;652,860;KS;613,57;400575,31;CZK;;Schneider Electric CZ;;SN2323;;;;VESELAM;4010 Nákup
12.05.2026;12.05.2026;4900001357;1;2000;0001;1000344;Tlumič gumový 31;Těsnění a guma;101;Příjem zboží na objednávku;S;852,790;KS;11,20;9551,25;CZK;;Elektro Cabel CZ;;SN1034;;;;SVOBODM;4010 Nákup
12.05.2026;12.05.2026;4900001415;1;2000;0001;1000356;Podložka 42;Spojovací materiál;101;Příjem zboží na objednávku;S;349,610;KS;4,27;1492,83;CZK;;Bossard CZ s.r.o.;;SN7431;;;;PROCHAZ;4010 Nákup
12.05.2026;12.05.2026;4900001556;1;2000;0001;1000380;Profil U 111;Ocel;101;Příjem zboží na objednávku;S;2179,260;KG;29,02;63242,13;CZK;;Resinex CZ s.r.o.;;SN2598;;;;VESELAM;4010 Nákup
12.05.2026;12.05.2026;4900001606;1;2000;0001;1000389;Deska PE 67 mm;Plasty;101;Příjem zboží na objednávku;S;345,480;KG;59,43;20531,88;CZK;;ThyssenKrupp Ferrostal;;SN2951;;;;PROCHAZ;4010 Nákup
12.05.2026;12.05.2026;4900001741;1;2000;0001;1000198;Trubka ocelová 56x45;Ocel;261;Výdej do výrobní zakázky;H;-179,800;KG;20,95;-3766,81;CZK;VZ400041;;;;;;;HORAKT;5020 Výroba montáž
12.05.2026;12.05.2026;4900001741;2;2000;0001;1000117;Motor 72 kW;Elektro;261;Výdej do výrobní zakázky;H;-191,580;KS;660,38;-126515,60;CZK;VZ400041;;;;;;;KUCERAL;5030 Výroba obrábění
12.05.2026;12.05.2026;4900001741;3;2000;0001;1000206;Trubka Al 68 mm;Hliník;261;Výdej do výrobní zakázky;H;-238,080;KG;69,44;-16532,28;CZK;VZ400041;;;;;;;HORAKT;5020 Výroba montáž
12.05.2026;12.05.2026;4900001741;4;2000;0001;1000166;Motor 76 kW;Elektro;261;Výdej do výrobní zakázky;H;-36,270;KS;333,01;-12078,27;CZK;VZ400041;;;;;;;CERNAT;5030 Výroba obrábění
12.05.2026;12.05.2026;4900001761;1;1000;0003;5000112;Rám podvozkový A238;Hotový výrobek;131;Příjem z výroby;S;18,000;KS;1349,43;24289,74;CZK;VZ400050;;;SV3804;;;;CERNAT;5020 Výroba montáž
12.05.2026;12.05.2026;4900001800;1;1000;0003;5000136;Svařenec nosný A321;Hotový výrobek;131;Příjem z výroby;S;6,000;KS;13945,05;83670,30;CZK;VZ400068;;;SV1921;;;;HORAKT;5020 Výroba montáž
12.05.2026;12.05.2026;4900002084;1;1000;0001;1000279;Šroub M112x31;Spojovací materiál;261;Výdej do výrobní zakázky;H;-166,200;KS;9,52;-1582,22;CZK;VZ400251;;;;;;;PROCHAZ;5020 Výroba montáž
12.05.2026;12.05.2026;4900002084;2;1000;0001;1000195;Kolík 20x27;Spojovací materiál;261;Výdej do výrobní zakázky;H;-11,000;KS;15,97;-175,67;CZK;VZ400251;;;;;;;DVORAKP;5030 Výroba obrábění
12.05.2026;12.05.2026;4900002084;3;1000;0001;1000336;Základní barva RAL 7035;Nátěry a chemie;261;Výdej do výrobní zakázky;H;-60,600;L;119,31;-7230,19;CZK;VZ400251;;;;;;;NOVAKJ;5030 Výroba obrábění
12.05.2026;12.05.2026;4900002084;4;1000;0001;1000321;Podložka 22;Spojovací materiál;261;Výdej do výrobní zakázky;H;-92,600;KS;13,53;-1252,88;CZK;VZ400251;;;;;;;SVOBODM;5030 Výroba obrábění
12.05.2026;12.05.2026;4900002098;1;1000;0003;5000141;Převodovka šneková F508;Hotový výrobek;131;Příjem z výroby;S;39,000;KS;1789,06;69773,34;CZK;VZ400262;;;SV8669;;;;VESELAM;5020 Výroba montáž
12.05.2026;12.05.2026;4900002133;1;2000;0001;1000390;Frekvenční měnič 119 kW;Elektro;261;Výdej do výrobní zakázky;H;-183,690;KS;680,45;-124991,86;CZK;VZ400292;;;;;;;PROCHAZ;5030 Výroba obrábění
12.05.2026;12.05.2026;4900002133;2;2000;0001;1000391;Kolík 64x14;Spojovací materiál;261;Výdej do výrobní zakázky;H;-314,340;KS;15,07;-4737,10;CZK;VZ400292;;;;;;;SVOBODM;5020 Výroba montáž
12.05.2026;12.05.2026;4900002133;3;2000;0001;1000378;Základní barva RAL 6011;Nátěry a chemie;261;Výdej do výrobní zakázky;H;-120,900;L;99,53;-12033,18;CZK;VZ400292;;;;;;;NOVAKJ;5020 Výroba montáž
12.05.2026;12.05.2026;4900002133;4;2000;0001;1000181;Matice M81;Spojovací materiál;261;Výdej do výrobní zakázky;H;-467,610;KS;15,28;-7145,08;CZK;VZ400292;;;;;;;PROCHAZ;5030 Výroba obrábění
12.05.2026;12.05.2026;4900002370;1;2000;0003;5000123;Skříň rozvaděče F976;Hotový výrobek;601;Výdej při dodání zákazníkovi;H;-9,000;KS;9763,80;-87874,20;CZK;;;Mubea CZ s.r.o.;SV6250;88634,01;87874,20;18877,18;CERNAT;6010 Expedice
12.05.2026;12.05.2026;4900002409;1;1000;0003;5000104;Dopravník pásový E932;Hotový výrobek;601;Výdej při dodání zákazníkovi;H;-14,000;KS;2436,00;-34104,00;CZK;;;Vítkovice Machinery;SV4814;46383,09;34104,00;10174,41;VESELAM;6010 Expedice
12.05.2026;12.05.2026;4900002420;1;2000;0003;5000122;Rám podvozkový E427;Hotový výrobek;601;Výdej při dodání zákazníkovi;H;-31,000;KS;5207,47;-161431,57;CZK;;;Hella Autotechnik Nova;SV4067;197723,83;161431,57;38905,76;NOVAKJ;6010 Expedice
12.05.2026;12.05.2026;4900002525;1;1000;0003;5000143;Skříň rozvaděče B530;Hotový výrobek;601;Výdej při dodání zákazníkovi;H;-13,000;KS;3905,26;-50768,38;CZK;;;Bonatrans Group a.s.;SV7045;76829,02;50768,38;13691,91;CERNAT;6010 Expedice
12.05.2026;12.05.2026;4900002590;1;1000;0003;5000130;Čerpadlo odstředivé A643;Hotový výrobek;601;Výdej při dodání zákazníkovi;H;-3,000;KS;7168,49;-21505,47;CZK;;;Koyo Bearings ČR;SV6621;35090,58;21505,47;7286,48;NOVAKJ;6010 Expedice
13.05.2026;13.05.2026;4900000052;1;1000;0001;1000109;Granulát PA6 108;Plasty;101;Příjem zboží na objednávku;S;817,200;KG;65,68;53673,70;CZK;;Bibus s.r.o.;;SN7999;;;;CERNAT;4010 Nákup
13.05.2026;13.05.2026;4900000075;1;1000;0001;1000113;Těsnění ploché 115 mm;Těsnění a guma;101;Příjem zboží na objednávku;S;969,560;KS;13,01;12613,98;CZK;;Plastika Nitra a.s.;;SN9864;;;;SVOBODM;4010 Nákup
13.05.2026;13.05.2026;4900000464;1;1000;0001;1000181;Matice M81;Spojovací materiál;101;Příjem zboží na objednávku;S;800,870;KS;15,28;12237,29;CZK;;PPG Deco Czech;;SN1055;;;;NOVAKJ;4010 Nákup
13.05.2026;13.05.2026;4900001061;1;1000;0001;1000292;Kabel CYKY 10x22;Elektro;101;Příjem zboží na objednávku;S;794,930;KS;573,52;455908,25;CZK;;Hennlich s.r.o.;;SN8553;;;;SVOBODM;4010 Nákup
13.05.2026;13.05.2026;4900001690;1;1000;0003;5000130;Čerpadlo odstředivé A643;Hotový výrobek;131;Příjem z výroby;S;25,000;KS;7168,49;179212,25;CZK;VZ400016;;;SV3732;;;;HORAKT;5020 Výroba montáž
13.05.2026;13.05.2026;4900001696;1;2000;0003;5000121;Převodovka šneková D513;Hotový výrobek;131;Příjem z výroby;S;10,000;KS;9506,76;95067,60;CZK;VZ400019;;;SV3297;;;;NOVAKJ;5020 Výroba montáž
13.05.2026;13.05.2026;4900001750;1;2000;0003;5000113;Skříň rozvaděče B363;Hotový výrobek;131;Příjem z výroby;S;11,000;KS;1821,81;20039,91;CZK;VZ400045;;;SV1941;;;;SVOBODM;5020 Výroba montáž
13.05.2026;13.05.2026;4900001906;1;2000;0001;1000272;Šroub M28x22;Spojovací materiál;261;Výdej do výrobní zakázky;H;-54,860;KS;8,82;-483,87;CZK;VZ400127;;;;;;;HORAKT;5020 Výroba montáž
13.05.2026;13.05.2026;4900001906;2;2000;0001;1000186;Deska PP 63 mm;Plasty;261;Výdej do výrobní zakázky;H;-58,500;KG;66,21;-3873,28;CZK;VZ400127;;;;;;;CERNAT;5030 Výroba obrábění
13.05.2026;13.05.2026;4900001906;3;2000;0001;1000192;Plech Al 70 mm;Hliník;261;Výdej do výrobní zakázky;H;-117,520;KG;121,62;-14292,78;CZK;VZ400127;;;;;;;CERNAT;5030 Výroba obrábění
13.05.2026;13.05.2026;4900001906;4;2000;0001;1000288;Těsnění ploché 57 mm;Těsnění a guma;261;Výdej do výrobní zakázky;H;-279,500;KS;50,59;-14139,91;CZK;VZ400127;;;;;;;VESELAM;5020 Výroba montáž
13.05.2026;13.05.2026;4900001966;1;2000;0003;5000108;Konzole montážní C372;Hotový výrobek;131;Příjem z výroby;S;4,000;KS;3574,42;14297,68;CZK;VZ400167;;;SV9648;;;;DVORAKP;5020 Výroba montáž
13.05.2026;13.05.2026;4900002117;1;2000;0003;5000137;Kryt převodovky B734;Hotový výrobek;131;Příjem z výroby;S;24,000;KS;4419,44;106066,56;CZK;VZ400278;;;SV9264;;;;HORAKT;5020 Výroba montáž
13.05.2026;13.05.2026;4900002153;1;1000;0003;5000143;Skříň rozvaděče B530;Hotový výrobek;601;Výdej při dodání zákazníkovi;H;-23,000;KS;3905,26;-89820,98;CZK;;;Bosch Diesel s.r.o.;SV5716;128186,24;89820,98;22299,28;DVORAKP;6010 Expedice
13.05.2026;13.05.2026;4900002176;1;1000;0003;5000136;Svařenec nosný A321;Hotový výrobek;601;Výdej při dodání zákazníkovi;H;-4,000;KS;13945,05;-55780,20;CZK;;;Agrostroj Pelhřimov a.s.;SV6171;77520,67;55780,20;14885,85;SVOBODM;6010 Expedice
13.05.2026;13.05.2026;4900002188;1;1000;0003;5000104;Dopravník pásový E932;Hotový výrobek;601;Výdej při dodání zákazníkovi;H;-2,000;KS;2436,00;-4872,00;CZK;;;Tatra Trucks a.s.;SV1290;6865,29;4872,00;1207,19;VESELAM;6010 Expedice
13.05.2026;13.05.2026;4900002401;1;2000;0003;5000122;Rám podvozkový E427;Hotový výrobek;601;Výdej při dodání zákazníkovi;H;-13,000;KS;5207,47;-67697,11;CZK;;;Vítkovice Machinery;SV1773;96814,79;67697,11;19301,38;CERNAT;6010 Expedice
13.05.2026;13.05.2026;4900002403;1;2000;0003;5000122;Rám podvozkový E427;Hotový výrobek;601;Výdej při dodání zákazníkovi;H;-16,000;KS;5207,47;-83319,52;CZK;;;Mubea CZ s.r.o.;SV9672;113042,18;83319,52;23978,09;CERNAT;6010 Expedice
13.05.2026;13.05.2026;4900002421;1;1000;0003;5000103;Skříň rozvaděče D186;Hotový výrobek;601;Výdej při dodání zákazníkovi;H;-24,000;KS;8539,73;-204953,52;CZK;;;Vítkovice Machinery;SV6596;293574,93;204953,52;66003,64;DVORAKP;6010 Expedice
13.05.2026;13.05.2026;4900002480;1;2000;0003;5000128;Konzole montážní E878;Hotový výrobek;601;Výdej při dodání zákazníkovi;H;-4,000;KS;2954,77;-11819,08;CZK;;;Continental Automotive;SV9856;19365,29;11819,08;4411,39;VESELAM;6010 Expedice
14.05.2026;14.05.2026;4900000318;1;2000;0001;1000156;Trubka ocelová 22x42;Ocel;101;Příjem zboží na objednávku;S;1219,590;KG;45,15;55064,49;CZK;;Wurth s.r.o.;;SN1356;;;;VESELAM;4010 Nákup
14.05.2026;14.05.2026;4900001015;1;1000;0001;1000283;Profil Al 57x50;Hliník;101;Příjem zboží na objednávku;S;1260,150;KG;117,06;147513,16;CZK;;Hennlich s.r.o.;;SN7345;;;;HORAKT;4010 Nákup
14.05.2026;14.05.2026;4900001181;1;1000;0001;1000311;Profil Al 93x76;Hliník;101;Příjem zboží na objednávku;S;1809,620;KG;92,87;168059,41;CZK;;Resinex CZ s.r.o.;;SN6763;;;;PROCHAZ;4010 Nákup
14.05.2026;14.05.2026;4900001393;1;2000;0001;1000351;O-kroužek 30 mm;Těsnění a guma;101;Příjem zboží na objednávku;S;578,170;KS;59,66;34493,62;CZK;;Alumat s.r.o.;;SN7016;;;;PROCHAZ;4010 Nákup
14.05.2026;14.05.2026;4900001431;1;1000;0001;1000359;Profil U 62;Ocel;101;Příjem zboží na objednávku;S;2186,480;KG;51,59;112800,50;CZK;;Ferona a.s.;;SN2376;;;;CERNAT;4010 Nákup
14.05.2026;14.05.2026;4900001907;1;2000;0003;5000127;Kryt převodovky D532;Hotový výrobek;131;Příjem z výroby;S;26,000;KS;1451,50;37739,00;CZK;VZ400127;;;SV8174;;;;CERNAT;5020 Výroba montáž
14.05.2026;14.05.2026;4900002162;1;1000;0003;5000130;Čerpadlo odstředivé A643;Hotový výrobek;601;Výdej při dodání zákazníkovi;H;-19,000;KS;7168,49;-136201,31;CZK;;;Mubea CZ s.r.o.;SV7483;224418,10;136201,31;51342,62;VESELAM;6010 Expedice
14.05.2026;14.05.2026;4900002392;1;1000;0003;5000111;Převodovka šneková F683;Hotový výrobek;601;Výdej při dodání zákazníkovi;H;-15,000;KS;6903,87;-103558,05;CZK;;;Hanon Systems Autopal;SV8757;151316,12;103558,05;28385,65;CERNAT;6010 Expedice
14.05.2026;14.05.2026;4900002549;1;1000;0003;5000129;Ventilová jednotka F138;Hotový výrobek;601;Výdej při dodání zákazníkovi;H;-4,000;KS;5816,31;-23265,24;CZK;;;Linet spol. s r.o.;SV2085;32598,50;23265,24;6210,89;NOVAKJ;6010 Expedice
15.05.2026;15.05.2026;4900000268;1;2000;0001;1000147;Lak polyuretanový RAL 9005;Nátěry a chemie;101;Příjem zboží na objednávku;S;708,550;L;140,57;99600,87;CZK;;Rubena a.s.;;SN5430;;;;PROCHAZ;4010 Nákup
15.05.2026;15.05.2026;4900000282;1;2000;0001;1000150;Profil Al 3x49;Hliník;101;Příjem zboží na objednávku;S;952,800;KG;116,11;110629,61;CZK;;Siemens s.r.o.;;SN2759;;;;SVOBODM;4010 Nákup
15.05.2026;15.05.2026;4900001016;1;1000;0001;1000283;Profil Al 57x50;Hliník;101;Příjem zboží na objednávku;S;1829,400;KG;117,06;214149,56;CZK;;ESSA Czech;;SN7698;;;;HORAKT;4010 Nákup
15.05.2026;15.05.2026;4900001260;1;1000;0001;1000326;Deska PE 12 mm;Plasty;101;Příjem zboží na objednávku;S;1559,780;KG;79,39;123830,93;CZK;;Trelleborg Bohemia;;SN3670;;;;CERNAT;4010 Nákup
15.05.2026;15.05.2026;4900001665;1;2000;0001;1000145;Stykač 108 A;Elektro;261;Výdej do výrobní zakázky;H;-129,540;KS;646,65;-83767,04;CZK;VZ400004;;;;;;;SVOBODM;5030 Výroba obrábění
15.05.2026;15.05.2026;4900001665;2;2000;0001;1000275;Jekl 98x98x65;Ocel;261;Výdej do výrobní zakázky;H;-49,980;KG;34,85;-1741,80;CZK;VZ400004;;;;;;;NOVAKJ;5030 Výroba obrábění
15.05.2026;15.05.2026;4900001665;3;2000;0001;1000345;Tyč kruhová 110 mm;Ocel;261;Výdej do výrobní zakázky;H;-41,140;KG;36,23;-1490,50;CZK;VZ400004;;;;;;;NOVAKJ;5020 Výroba montáž
15.05.2026;15.05.2026;4900001665;4;2000;0001;1000328;Nýt 37x12;Spojovací materiál;261;Výdej do výrobní zakázky;H;-319,260;KS;6,41;-2046,46;CZK;VZ400004;;;;;;;DVORAKP;5020 Výroba montáž
15.05.2026;15.05.2026;4900001665;5;2000;0001;1000340;Deska PP 90 mm;Plasty;261;Výdej do výrobní zakázky;H;-168,640;KG;80,19;-13523,24;CZK;VZ400004;;;;;;;PROCHAZ;5030 Výroba obrábění
15.05.2026;15.05.2026;4900001665;6;2000;0001;1000136;Trubka Al 19 mm;Hliník;261;Výdej do výrobní zakázky;H;-139,740;KG;71,14;-9941,10;CZK;VZ400004;;;;;;;DVORAKP;5030 Výroba obrábění
15.05.2026;15.05.2026;4900001665;7;2000;0001;1000382;Deska PE 55 mm;Plasty;261;Výdej do výrobní zakázky;H;-22,780;KG;70,90;-1615,10;CZK;VZ400004;;;;;;;KUCERAL;5030 Výroba obrábění
15.05.2026;15.05.2026;4900001789;1;1000;0001;1000313;Kabel CYKY 66x55;Elektro;261;Výdej do výrobní zakázky;H;-246,870;KS;566,73;-139908,64;CZK;VZ400063;;;;;;;HORAKT;5020 Výroba montáž
15.05.2026;15.05.2026;4900001789;2;1000;0001;1000179;Granulát ABS 25;Plasty;261;Výdej do výrobní zakázky;H;-258,180;KG;54,80;-14148,26;CZK;VZ400063;;;;;;;NOVAKJ;5030 Výroba obrábění
15.05.2026;15.05.2026;4900001789;3;1000;0001;1000215;Motor 73 kW;Elektro;261;Výdej do výrobní zakázky;H;-290,160;KS;175,44;-50905,67;CZK;VZ400063;;;;;;;HORAKT;5030 Výroba obrábění
15.05.2026;15.05.2026;4900001789;4;1000;0001;1000387;Trubka ocelová 55x68;Ocel;261;Výdej do výrobní zakázky;H;-284,700;KG;29,33;-8350,25;CZK;VZ400063;;;;;;;NOVAKJ;5020 Výroba montáž
15.05.2026;15.05.2026;4900001789;5;1000;0001;1000371;Lak polyuretanový RAL 5010;Nátěry a chemie;261;Výdej do výrobní zakázky;H;-100,230;L;210,04;-21052,31;CZK;VZ400063;;;;;;;HORAKT;5020 Výroba montáž
15.05.2026;15.05.2026;4900001789;6;1000;0001;1000374;Plech Al 115 mm;Hliník;261;Výdej do výrobní zakázky;H;-59,670;KG;66,46;-3965,67;CZK;VZ400063;;;;;;;HORAKT;5030 Výroba obrábění
15.05.2026;15.05.2026;4900001789;7;1000;0001;1000258;Kolík 6x58;Spojovací materiál;261;Výdej do výrobní zakázky;H;-388,440;KS;4,08;-1584,84;CZK;VZ400063;;;;;;;KUCERAL;5020 Výroba montáž
15.05.2026;15.05.2026;4900001789;8;1000;0001;1000165;Deska PE 38 mm;Plasty;261;Výdej do výrobní zakázky;H;-266,370;KG;43,33;-11541,81;CZK;VZ400063;;;;;;;VESELAM;5030 Výroba obrábění
15.05.2026;15.05.2026;4900001789;9;1000;0001;1000335;Šroub M70x57;Spojovací materiál;261;Výdej do výrobní zakázky;H;-420,030;KS;4,55;-1911,14;CZK;VZ400063;;;;;;;DVORAKP;5020 Výroba montáž
15.05.2026;15.05.2026;4900001830;1;1000;0001;1000367;Trubka Al 13 mm;Hliník;261;Výdej do výrobní zakázky;H;-49,010;KG;97,83;-4794,65;CZK;VZ400083;;;;;;;PROCHAZ;5030 Výroba obrábění
15.05.2026;15.05.2026;4900001830;2;1000;0001;1000184;Profil U 96;Ocel;261;Výdej do výrobní zakázky;H;-65,390;KG;20,09;-1313,69;CZK;VZ400083;;;;;;;NOVAKJ;5030 Výroba obrábění
15.05.2026;15.05.2026;4900001830;3;1000;0001;1000389;Deska PE 67 mm;Plasty;261;Výdej do výrobní zakázky;H;-8,710;KG;59,43;-517,64;CZK;VZ400083;;;;;;;SVOBODM;5020 Výroba montáž
15.05.2026;15.05.2026;4900001830;4;1000;0001;1000285;Čidlo indukční 55 mm;Elektro;261;Výdej do výrobní zakázky;H;-22,360;KS;424,53;-9492,49;CZK;VZ400083;;;;;;;CERNAT;5020 Výroba montáž
15.05.2026;15.05.2026;4900001830;5;1000;0001;1000202;Kolík 46x32;Spojovací materiál;261;Výdej do výrobní zakázky;H;-145,730;KS;2,81;-409,50;CZK;VZ400083;;;;;;;DVORAKP;5030 Výroba obrábění
15.05.2026;15.05.2026;4900001920;1;2000;0001;1000248;Trubka Al 51 mm;Hliník;261;Výdej do výrobní zakázky;H;-233,640;KG;67,47;-15763,69;CZK;VZ400139;;;;;;;HORAKT;5030 Výroba obrábění
15.05.2026;15.05.2026;4900001920;2;2000;0001;1000307;Matice M93;Spojovací materiál;261;Výdej do výrobní zakázky;H;-273,240;KS;6,22;-1699,55;CZK;VZ400139;;;;;;;CERNAT;5030 Výroba obrábění
15.05.2026;15.05.2026;4900001920;3;2000;0001;1000286;Kolík 71x53;Spojovací materiál;261;Výdej do výrobní zakázky;H;-352,110;KS;3,28;-1154,92;CZK;VZ400139;;;;;;;VESELAM;5020 Výroba montáž
15.05.2026;15.05.2026;4900001920;4;2000;0001;1000379;O-kroužek 24 mm;Těsnění a guma;261;Výdej do výrobní zakázky;H;-161,040;KS;10,55;-1698,97;CZK;VZ400139;;;;;;;DVORAKP;5020 Výroba montáž
15.05.2026;15.05.2026;4900001920;5;2000;0001;1000107;Profil U 83;Ocel;261;Výdej do výrobní zakázky;H;-230,670;KG;26,39;-6087,38;CZK;VZ400139;;;;;;;DVORAKP;5030 Výroba obrábění
15.05.2026;15.05.2026;4900001920;6;2000;0001;1000184;Profil U 96;Ocel;261;Výdej do výrobní zakázky;H;-211,860;KG;20,09;-4256,27;CZK;VZ400139;;;;;;;HORAKT;5020 Výroba montáž
15.05.2026;15.05.2026;4900002085;1;1000;0003;5000116;Svařenec nosný E926;Hotový výrobek;131;Příjem z výroby;S;20,000;KS;635,56;12711,20;CZK;VZ400251;;;SV6597;;;;SVOBODM;5020 Výroba montáž
15.05.2026;15.05.2026;4900002131;1;2000;0001;1000235;Deska PE 105 mm;Plasty;261;Výdej do výrobní zakázky;H;-54,000;KG;73,09;-3946,86;CZK;VZ400291;;;;;;;SVOBODM;5030 Výroba obrábění
15.05.2026;15.05.2026;4900002131;2;2000;0001;1000247;Profil U 55;Ocel;261;Výdej do výrobní zakázky;H;-67,100;KG;23,08;-1548,67;CZK;VZ400291;;;;;;;PROCHAZ;5020 Výroba montáž
15.05.2026;15.05.2026;4900002131;3;2000;0001;1000282;Plech ocelový 15 mm;Ocel;261;Výdej do výrobní zakázky;H;-34,300;KG;32,61;-1118,52;CZK;VZ400291;;;;;;;SVOBODM;5030 Výroba obrábění
15.05.2026;15.05.2026;4900002131;4;2000;0001;1000101;Profil Al 82x12;Hliník;261;Výdej do výrobní zakázky;H;-74,000;KG;126,57;-9366,18;CZK;VZ400291;;;;;;;CERNAT;5030 Výroba obrábění
15.05.2026;15.05.2026;4900002131;5;2000;0001;1000277;Granulát ABS 15;Plasty;261;Výdej do výrobní zakázky;H;-34,200;KG;36,41;-1245,22;CZK;VZ400291;;;;;;;CERNAT;5030 Výroba obrábění
15.05.2026;15.05.2026;4900002131;6;2000;0001;1000387;Trubka ocelová 55x68;Ocel;261;Výdej do výrobní zakázky;H;-40,500;KG;29,33;-1187,87;CZK;VZ400291;;;;;;;CERNAT;5020 Výroba montáž
15.05.2026;15.05.2026;4900002131;7;2000;0001;1000206;Trubka Al 68 mm;Hliník;261;Výdej do výrobní zakázky;H;-33,400;KG;69,44;-2319,30;CZK;VZ400291;;;;;;;VESELAM;5020 Výroba montáž
15.05.2026;15.05.2026;4900002131;8;2000;0001;1000255;Trubka Al 111 mm;Hliník;261;Výdej do výrobní zakázky;H;-22,100;KG;114,47;-2529,79;CZK;VZ400291;;;;;;;VESELAM;5020 Výroba montáž
15.05.2026;15.05.2026;4900002131;9;2000;0001;1000231;Odmašťovač RAL 5010;Nátěry a chemie;261;Výdej do výrobní zakázky;H;-17,700;L;195,83;-3466,19;CZK;VZ400291;;;;;;;VESELAM;5030 Výroba obrábění
15.05.2026;15.05.2026;4900002589;1;1000;0003;5000130;Čerpadlo odstředivé A643;Hotový výrobek;601;Výdej při dodání zákazníkovi;H;-2,000;KS;7168,49;-14336,98;CZK;;;Brose CZ spol. s r.o.;SV6501;23147,68;14336,98;5169,93;DVORAKP;6010 Expedice
18.05.2026;18.05.2026;4900000381;1;1000;0001;1000167;Nýt 105x50;Spojovací materiál;101;Příjem zboží na objednávku;S;1026,540;KS;10,11;10378,32;CZK;;Schneider Electric CZ;;SN4067;;;;CERNAT;4010 Nákup
18.05.2026;18.05.2026;4900000455;1;1000;0001;1000179;Granulát ABS 25;Plasty;101;Příjem zboží na objednávku;S;1346,320;KG;54,80;73778,34;CZK;;Haberkorn s.r.o.;;SN9426;;;;HORAKT;4010 Nákup
18.05.2026;18.05.2026;4900000480;1;2000;0001;1000184;Profil U 96;Ocel;101;Příjem zboží na objednávku;S;1485,440;KG;23,71;35219,78;CZK;;Wurth s.r.o.;;SN8708;;;;CERNAT;4010 Nákup
18.05.2026;18.05.2026;4900000522;1;1000;0001;1000192;Plech Al 70 mm;Hliník;101;Příjem zboží na objednávku;S;1126,180;KG;121,62;136966,01;CZK;;PPG Deco Czech;;SN5843;;;;KUCERAL;4010 Nákup
18.05.2026;18.05.2026;4900000772;1;2000;0001;1000237;Kolík 80x54;Spojovací materiál;101;Příjem zboží na objednávku;S;604,510;KS;4,33;2617,53;CZK;;PPG Deco Czech;;SN9846;;;;KUCERAL;4010 Nákup
18.05.2026;18.05.2026;4900001206;1;1000;0001;1000316;Tlumič gumový 7;Těsnění a guma;101;Příjem zboží na objednávku;S;538,710;KS;67,08;36136,67;CZK;;Lapp Kabel s.r.o.;;SN7036;;;;SVOBODM;4010 Nákup
18.05.2026;18.05.2026;4900001709;1;1000;0001;1000385;Odmašťovač RAL 6011;Nátěry a chemie;261;Výdej do výrobní zakázky;H;-77,760;L;320,08;-24889,42;CZK;VZ400026;;;;;;;HORAKT;5030 Výroba obrábění
18.05.2026;18.05.2026;4900001709;2;1000;0001;1000363;Kolík 119x35;Spojovací materiál;261;Výdej do výrobní zakázky;H;-201,360;KS;5,72;-1151,78;CZK;VZ400026;;;;;;;VESELAM;5020 Výroba montáž
18.05.2026;18.05.2026;4900001709;3;1000;0001;1000261;Profil U 10;Ocel;261;Výdej do výrobní zakázky;H;-133,200;KG;33,90;-4515,48;CZK;VZ400026;;;;;;;NOVAKJ;5030 Výroba obrábění
18.05.2026;18.05.2026;4900001709;4;1000;0001;1000381;Trubka Al 117 mm;Hliník;261;Výdej do výrobní zakázky;H;-176,640;KG;64,58;-11407,41;CZK;VZ400026;;;;;;;HORAKT;5030 Výroba obrábění
18.05.2026;18.05.2026;4900001709;5;1000;0001;1000104;Nýt 57x11;Spojovací materiál;261;Výdej do výrobní zakázky;H;-197,520;KS;5,48;-1082,41;CZK;VZ400026;;;;;;;KUCERAL;5020 Výroba montáž
18.05.2026;18.05.2026;4900001709;6;1000;0001;1000330;O-kroužek 39 mm;Těsnění a guma;261;Výdej do výrobní zakázky;H;-188,160;KS;18,43;-3467,79;CZK;VZ400026;;;;;;;HORAKT;5020 Výroba montáž
18.05.2026;18.05.2026;4900001709;7;1000;0001;1000253;Těsnění ploché 56 mm;Těsnění a guma;261;Výdej do výrobní zakázky;H;-149,040;KS;7,50;-1117,80;CZK;VZ400026;;;;;;;VESELAM;5030 Výroba obrábění
18.05.2026;18.05.2026;4900001790;1;1000;0003;5000148;Konzole montážní A793;Hotový výrobek;131;Příjem z výroby;S;39,000;KS;7570,47;295248,33;CZK;VZ400063;;;SV2026;;;;DVORAKP;5020 Výroba montáž
18.05.2026;18.05.2026;4900001834;1;1000;0001;1000173;Čidlo indukční 108 mm;Elektro;261;Výdej do výrobní zakázky;H;-31,680;KS;435,84;-13807,41;CZK;VZ400085;;;;;;;VESELAM;5020 Výroba montáž
18.05.2026;18.05.2026;4900001834;2;1000;0001;1000395;Profil Al 33x47;Hliník;261;Výdej do výrobní zakázky;H;-111,960;KG;128,86;-14427,17;CZK;VZ400085;;;;;;;VESELAM;5030 Výroba obrábění
18.05.2026;18.05.2026;4900001834;3;1000;0001;1000191;Trubka ocelová 94x42;Ocel;261;Výdej do výrobní zakázky;H;-54,360;KG;27,06;-1470,98;CZK;VZ400085;;;;;;;PROCHAZ;5030 Výroba obrábění
18.05.2026;18.05.2026;4900001834;4;1000;0001;1000298;Granulát PA6 97;Plasty;261;Výdej do výrobní zakázky;H;-38,160;KG;78,04;-2978,01;CZK;VZ400085;;;;;;;CERNAT;5020 Výroba montáž
18.05.2026;18.05.2026;4900001834;5;1000;0001;1000197;Manžeta 47x52;Těsnění a guma;261;Výdej do výrobní zakázky;H;-189,720;KS;54,17;-10277,13;CZK;VZ400085;;;;;;;DVORAKP;5020 Výroba montáž
18.05.2026;18.05.2026;4900001834;6;1000;0001;1000327;Stykač 56 A;Elektro;261;Výdej do výrobní zakázky;H;-53,820;KS;238,71;-12847,37;CZK;VZ400085;;;;;;;PROCHAZ;5020 Výroba montáž
18.05.2026;18.05.2026;4900001834;7;1000;0001;1000312;Granulát PA6 89;Plasty;261;Výdej do výrobní zakázky;H;-12,960;KG;55,27;-716,30;CZK;VZ400085;;;;;;;HORAKT;5020 Výroba montáž
18.05.2026;18.05.2026;4900002066;1;1000;0001;1000375;Deska PE 101 mm;Plasty;261;Výdej do výrobní zakázky;H;-22,790;KG;63,57;-1448,76;CZK;VZ400236;;;;;;;PROCHAZ;5020 Výroba montáž
18.05.2026;18.05.2026;4900002066;2;1000;0001;1000333;Deska PE 40 mm;Plasty;261;Výdej do výrobní zakázky;H;-112,660;KG;43,58;-4909,72;CZK;VZ400236;;;;;;;SVOBODM;5020 Výroba montáž
18.05.2026;18.05.2026;4900002066;3;1000;0001;1000259;Základní barva RAL 3020;Nátěry a chemie;261;Výdej do výrobní zakázky;H;-46,870;L;236,85;-11101,16;CZK;VZ400236;;;;;;;NOVAKJ;5030 Výroba obrábění
18.05.2026;18.05.2026;4900002066;4;1000;0001;1000193;Deska PE 67 mm;Plasty;261;Výdej do výrobní zakázky;H;-84,710;KG;87,82;-7439,23;CZK;VZ400236;;;;;;;NOVAKJ;5030 Výroba obrábění
18.05.2026;18.05.2026;4900002066;5;1000;0001;1000234;Plech Al 44 mm;Hliník;261;Výdej do výrobní zakázky;H;-141,040;KG;95,56;-13477,78;CZK;VZ400236;;;;;;;CERNAT;5030 Výroba obrábění
18.05.2026;18.05.2026;4900002066;6;1000;0001;1000223;Šroub M2x48;Spojovací materiál;261;Výdej do výrobní zakázky;H;-284,230;KS;10,18;-2893,46;CZK;VZ400236;;;;;;;CERNAT;5020 Výroba montáž
18.05.2026;18.05.2026;4900002066;7;1000;0001;1000383;Motor 69 kW;Elektro;261;Výdej do výrobní zakázky;H;-95,460;KS;150,72;-14387,73;CZK;VZ400236;;;;;;;SVOBODM;5020 Výroba montáž
18.05.2026;18.05.2026;4900002066;8;1000;0001;1000396;Granulát PA6 20;Plasty;261;Výdej do výrobní zakázky;H;-232,630;KG;82,13;-19105,90;CZK;VZ400236;;;;;;;HORAKT;5030 Výroba obrábění
18.05.2026;18.05.2026;4900002077;1;2000;0003;5000125;Hydraulický agregát B836;Hotový výrobek;131;Příjem z výroby;S;27,000;KS;3170,53;85604,31;CZK;VZ400241;;;SV3160;;;;CERNAT;5020 Výroba montáž
18.05.2026;18.05.2026;4900002134;1;2000;0003;5000137;Kryt převodovky B734;Hotový výrobek;131;Příjem z výroby;S;39,000;KS;4419,44;172358,16;CZK;VZ400292;;;SV5121;;;;NOVAKJ;5020 Výroba montáž
18.05.2026;18.05.2026;4900002145;1;1000;0001;1000385;Odmašťovač RAL 6011;Nátěry a chemie;261;Výdej do výrobní zakázky;H;-29,160;L;320,08;-9333,53;CZK;VZ400297;;;;;;;KUCERAL;5020 Výroba montáž
18.05.2026;18.05.2026;4900002145;2;1000;0001;1000363;Kolík 119x35;Spojovací materiál;261;Výdej do výrobní zakázky;H;-75,510;KS;5,72;-431,92;CZK;VZ400297;;;;;;;CERNAT;5030 Výroba obrábění
18.05.2026;18.05.2026;4900002145;3;1000;0001;1000261;Profil U 10;Ocel;261;Výdej do výrobní zakázky;H;-49,950;KG;33,90;-1693,31;CZK;VZ400297;;;;;;;SVOBODM;5020 Výroba montáž
18.05.2026;18.05.2026;4900002145;4;1000;0001;1000381;Trubka Al 117 mm;Hliník;261;Výdej do výrobní zakázky;H;-66,240;KG;64,58;-4277,78;CZK;VZ400297;;;;;;;HORAKT;5030 Výroba obrábění
18.05.2026;18.05.2026;4900002145;5;1000;0001;1000104;Nýt 57x11;Spojovací materiál;261;Výdej do výrobní zakázky;H;-74,070;KS;5,48;-405,90;CZK;VZ400297;;;;;;;HORAKT;5030 Výroba obrábění
18.05.2026;18.05.2026;4900002145;6;1000;0001;1000330;O-kroužek 39 mm;Těsnění a guma;261;Výdej do výrobní zakázky;H;-70,560;KS;18,43;-1300,42;CZK;VZ400297;;;;;;;CERNAT;5020 Výroba montáž
18.05.2026;18.05.2026;4900002145;7;1000;0001;1000253;Těsnění ploché 56 mm;Těsnění a guma;261;Výdej do výrobní zakázky;H;-55,890;KS;7,50;-419,18;CZK;VZ400297;;;;;;;CERNAT;5030 Výroba obrábění
18.05.2026;18.05.2026;4900002422;1;1000;0003;5000103;Skříň rozvaděče D186;Hotový výrobek;601;Výdej při dodání zákazníkovi;H;-12,000;KS;8539,73;-102476,76;CZK;;;Mubea CZ s.r.o.;SV1541;148251,15;102476,76;26100,37;KUCERAL;6010 Expedice
18.05.2026;18.05.2026;4900002502;1;2000;0003;5000125;Hydraulický agregát B836;Hotový výrobek;601;Výdej při dodání zákazníkovi;H;-8,000;KS;3170,53;-25364,24;CZK;;;Linet spol. s r.o.;SV2125;38439,27;25364,24;7132,69;NOVAKJ;6010 Expedice
18.05.2026;18.05.2026;4900002587;1;2000;0003;5000125;Hydraulický agregát B836;Hotový výrobek;601;Výdej při dodání zákazníkovi;H;-5,000;KS;3170,53;-15852,65;CZK;;;Strojírny Prostějov a.s.;SV7636;25663,74;15852,65;5888,11;HORAKT;6010 Expedice
19.05.2026;19.05.2026;4900000111;1;2000;0001;1000120;Těsnění ploché 42 mm;Těsnění a guma;101;Příjem zboží na objednávku;S;1191,780;KS;37,41;44584,49;CZK;;Schneider Electric CZ;;SN3280;;;;CERNAT;4010 Nákup
19.05.2026;19.05.2026;4900000422;1;1000;0001;1000174;Nýt 118x78;Spojovací materiál;101;Příjem zboží na objednávku;S;125,790;KS;11,72;1474,26;CZK;;Bossard CZ s.r.o.;;SN6623;;;;PROCHAZ;4010 Nákup
19.05.2026;19.05.2026;4900000516;1;1000;0001;1000191;Trubka ocelová 94x42;Ocel;101;Příjem zboží na objednávku;S;313,680;KG;31,93;10015,80;CZK;;Bossard CZ s.r.o.;;SN5047;;;;KUCERAL;4010 Nákup
19.05.2026;19.05.2026;4900000564;1;2000;0001;1000199;Plech Al 25 mm;Hliník;101;Příjem zboží na objednávku;S;1858,240;KG;87,30;162224,35;CZK;;Elektro Cabel CZ;;SN9717;;;;SVOBODM;4010 Nákup
19.05.2026;19.05.2026;4900000787;1;1000;0001;1000239;Těsnění ploché 68 mm;Těsnění a guma;101;Příjem zboží na objednávku;S;1061,060;KS;32,26;34229,80;CZK;;Ferona a.s.;;SN2129;;;;VESELAM;4010 Nákup
19.05.2026;19.05.2026;4900001187;1;1000;0001;1000313;Kabel CYKY 66x55;Elektro;101;Příjem zboží na objednávku;S;155,600;KS;566,73;88183,19;CZK;;Siemens s.r.o.;;SN1792;;;;HORAKT;4010 Nákup
19.05.2026;19.05.2026;4900001424;1;2000;0001;1000357;Ředidlo S101;Nátěry a chemie;101;Příjem zboží na objednávku;S;198,300;L;181,43;35977,57;CZK;;ABB s.r.o.;;SN8855;;;;SVOBODM;4010 Nákup
19.05.2026;19.05.2026;4900001602;1;2000;0001;1000389;Deska PE 67 mm;Plasty;101;Příjem zboží na objednávku;S;929,240;KG;59,43;55224,73;CZK;;Hilti ČR s.r.o.;;SN3331;;;;PROCHAZ;4010 Nákup
19.05.2026;19.05.2026;4900001611;1;2000;0001;1000390;Frekvenční měnič 119 kW;Elektro;101;Příjem zboží na objednávku;S;104,230;KS;680,45;70923,30;CZK;;ABB s.r.o.;;SN2824;;;;VESELAM;4010 Nákup
19.05.2026;19.05.2026;4900001620;1;1000;0001;1000392;Ředidlo S21;Nátěry a chemie;101;Příjem zboží na objednávku;S;1069,370;L;160,83;171986,78;CZK;;Trelleborg Bohemia;;SN3350;;;;SVOBODM;4010 Nákup
19.05.2026;19.05.2026;4900001666;1;2000;0003;5000139;Ventilová jednotka D215;Hotový výrobek;131;Příjem z výroby;S;34,000;KS;3887,14;132162,76;CZK;VZ400004;;;SV2036;;;;VESELAM;5020 Výroba montáž
19.05.2026;19.05.2026;4900001687;1;1000;0001;1000291;Deska PP 108 mm;Plasty;261;Výdej do výrobní zakázky;H;-150,800;KG;68,24;-10290,59;CZK;VZ400015;;;;;;;VESELAM;5030 Výroba obrábění
19.05.2026;19.05.2026;4900001687;2;1000;0001;1000366;Tyč kruhová 95 mm;Ocel;261;Výdej do výrobní zakázky;H;-123,250;KG;42,70;-5262,78;CZK;VZ400015;;;;;;;KUCERAL;5030 Výroba obrábění
19.05.2026;19.05.2026;4900001687;3;1000;0001;1000256;Deska PE 94 mm;Plasty;261;Výdej do výrobní zakázky;H;-135,140;KG;65,89;-8904,37;CZK;VZ400015;;;;;;;CERNAT;5020 Výroba montáž
19.05.2026;19.05.2026;4900001687;4;1000;0001;1000266;Ředidlo S85;Nátěry a chemie;261;Výdej do výrobní zakázky;H;-52,490;L;292,77;-15367,50;CZK;VZ400015;;;;;;;PROCHAZ;5030 Výroba obrábění
19.05.2026;19.05.2026;4900001742;1;2000;0003;5000119;Ventilová jednotka B766;Hotový výrobek;131;Příjem z výroby;S;31,000;KS;5908,29;183156,99;CZK;VZ400041;;;SV2672;;;;PROCHAZ;5020 Výroba montáž
19.05.2026;19.05.2026;4900001835;1;1000;0003;5000146;Svařenec nosný E906;Hotový výrobek;131;Příjem z výroby;S;18,000;KS;3723,23;67018,14;CZK;VZ400085;;;SV9725;;;;HORAKT;5020 Výroba montáž
19.05.2026;19.05.2026;4900001939;1;2000;0001;1000248;Trubka Al 51 mm;Hliník;261;Výdej do výrobní zakázky;H;-49,560;KG;67,47;-3343,81;CZK;VZ400150;;;;;;;VESELAM;5020 Výroba montáž
19.05.2026;19.05.2026;4900001939;2;2000;0001;1000307;Matice M93;Spojovací materiál;261;Výdej do výrobní zakázky;H;-57,960;KS;6,22;-360,51;CZK;VZ400150;;;;;;;VESELAM;5020 Výroba montáž
19.05.2026;19.05.2026;4900001939;3;2000;0001;1000286;Kolík 71x53;Spojovací materiál;261;Výdej do výrobní zakázky;H;-74,690;KS;3,28;-244,98;CZK;VZ400150;;;;;;;NOVAKJ;5020 Výroba montáž
19.05.2026;19.05.2026;4900001939;4;2000;0001;1000379;O-kroužek 24 mm;Těsnění a guma;261;Výdej do výrobní zakázky;H;-34,160;KS;10,55;-360,39;CZK;VZ400150;;;;;;;CERNAT;5030 Výroba obrábění
19.05.2026;19.05.2026;4900001939;5;2000;0001;1000107;Profil U 83;Ocel;261;Výdej do výrobní zakázky;H;-48,930;KG;26,39;-1291,26;CZK;VZ400150;;;;;;;CERNAT;5030 Výroba obrábění
19.05.2026;19.05.2026;4900001939;6;2000;0001;1000184;Profil U 96;Ocel;261;Výdej do výrobní zakázky;H;-44,940;KG;20,09;-902,84;CZK;VZ400150;;;;;;;CERNAT;5030 Výroba obrábění
19.05.2026;19.05.2026;4900002023;1;2000;0001;1000269;Trubka Al 78 mm;Hliník;261;Výdej do výrobní zakázky;H;-30,740;KG;81,40;-2502,24;CZK;VZ400205;;;;;;;PROCHAZ;5030 Výroba obrábění
19.05.2026;19.05.2026;4900002023;2;2000;0001;1000390;Frekvenční měnič 119 kW;Elektro;261;Výdej do výrobní zakázky;H;-50,460;KS;680,45;-34335,51;CZK;VZ400205;;;;;;;KUCERAL;5020 Výroba montáž
19.05.2026;19.05.2026;4900002023;3;2000;0001;1000358;Tlumič gumový 49;Těsnění a guma;261;Výdej do výrobní zakázky;H;-136,010;KS;45,51;-6189,82;CZK;VZ400205;;;;;;;PROCHAZ;5020 Výroba montáž
19.05.2026;19.05.2026;4900002023;4;2000;0001;1000117;Motor 72 kW;Elektro;261;Výdej do výrobní zakázky;H;-26,970;KS;660,38;-17810,45;CZK;VZ400205;;;;;;;SVOBODM;5020 Výroba montáž
19.05.2026;19.05.2026;4900002023;5;2000;0001;1000179;Granulát ABS 25;Plasty;261;Výdej do výrobní zakázky;H;-204,740;KG;54,80;-11219,75;CZK;VZ400205;;;;;;;DVORAKP;5030 Výroba obrábění
19.05.2026;19.05.2026;4900002177;1;1000;0003;5000136;Svařenec nosný A321;Hotový výrobek;601;Výdej při dodání zákazníkovi;H;-2,000;KS;13945,05;-27890,10;CZK;;;Mubea CZ s.r.o.;SV4785;36676,90;27890,10;7642,93;SVOBODM;6010 Expedice
19.05.2026;19.05.2026;4900002185;1;1000;0003;5000130;Čerpadlo odstředivé A643;Hotový výrobek;601;Výdej při dodání zákazníkovi;H;-25,000;KS;7168,49;-179212,25;CZK;;;Continental Automotive;SV5822;275137,36;179212,25;54397,55;DVORAKP;6010 Expedice
19.05.2026;19.05.2026;4900002189;1;2000;0003;5000121;Převodovka šneková D513;Hotový výrobek;601;Výdej při dodání zákazníkovi;H;-4,000;KS;9506,76;-38027,04;CZK;;;Mubea CZ s.r.o.;SV6685;59370,14;38027,04;11428,23;VESELAM;6010 Expedice
19.05.2026;19.05.2026;4900002253;1;1000;0003;5000112;Rám podvozkový A238;Hotový výrobek;601;Výdej při dodání zákazníkovi;H;-12,000;KS;1349,43;-16193,16;CZK;;;Koyo Bearings ČR;SV9777;24236,43;16193,16;4513,41;VESELAM;6010 Expedice
19.05.2026;19.05.2026;4900002291;1;1000;0003;5000136;Svařenec nosný A321;Hotový výrobek;601;Výdej při dodání zákazníkovi;H;-3,000;KS;13945,05;-41835,15;CZK;;;Hella Autotechnik Nova;SV6575;48021,90;41835,15;9346,50;NOVAKJ;6010 Expedice
19.05.2026;19.05.2026;4900002309;1;2000;0003;5000113;Skříň rozvaděče B363;Hotový výrobek;601;Výdej při dodání zákazníkovi;H;-2,000;KS;1821,81;-3643,62;CZK;;;Tatra Trucks a.s.;SV8126;5841,79;3643,62;1100,86;HORAKT;6010 Expedice
19.05.2026;19.05.2026;4900002327;1;2000;0003;5000105;Hydraulický agregát F685;Hotový výrobek;601;Výdej při dodání zákazníkovi;H;-17,000;KS;5566,06;-94623,02;CZK;;;Koyo Bearings ČR;SV9138;127536,14;94623,02;26814,58;SVOBODM;6010 Expedice
19.05.2026;19.05.2026;4900002328;1;2000;0003;5000105;Hydraulický agregát F685;Hotový výrobek;601;Výdej při dodání zákazníkovi;H;-6,000;KS;5566,06;-33396,36;CZK;;;Koyo Bearings ČR;SV1790;44003,84;33396,36;7999,56;SVOBODM;6010 Expedice
19.05.2026;19.05.2026;4900002374;1;2000;0003;5000113;Skříň rozvaděče B363;Hotový výrobek;601;Výdej při dodání zákazníkovi;H;-11,000;KS;1821,81;-20039,91;CZK;;;Škoda Auto a.s.;SV8856;32236,87;20039,91;6184,06;HORAKT;6010 Expedice
19.05.2026;19.05.2026;4900002423;1;1000;0003;5000103;Skříň rozvaděče D186;Hotový výrobek;601;Výdej při dodání zákazníkovi;H;-7,000;KS;8539,73;-59778,11;CZK;;;Magna Exteriors Bohemia;SV4731;86301,09;59778,11;17251,42;CERNAT;6010 Expedice
19.05.2026;19.05.2026;4900002533;1;1000;0003;5000112;Rám podvozkový A238;Hotový výrobek;601;Výdej při dodání zákazníkovi;H;-16,000;KS;1349,43;-21590,88;CZK;;;Juta a.s.;SV9276;31879,80;21590,88;7121,68;VESELAM;6010 Expedice
19.05.2026;19.05.2026;4900002551;1;1000;0003;5000129;Ventilová jednotka F138;Hotový výrobek;601;Výdej při dodání zákazníkovi;H;-5,000;KS;5816,31;-29081,55;CZK;;;Vítkovice Machinery;SV1448;40743,42;29081,55;7079,56;SVOBODM;6010 Expedice
20.05.2026;20.05.2026;4900000135;1;2000;0001;1000123;Granulát ABS 76;Plasty;101;Příjem zboží na objednávku;S;825,280;KG;48,36;39910,54;CZK;;ThyssenKrupp Ferrostal;;SN4662;;;;NOVAKJ;4010 Nákup
20.05.2026;20.05.2026;4900000145;1;2000;0001;1000125;Nýt 106x48;Spojovací materiál;101;Příjem zboží na objednávku;S;245,430;KS;12,18;2989,34;CZK;;ArcelorMittal Distribution;;SN6589;;;;NOVAKJ;4010 Nákup
20.05.2026;20.05.2026;4900000291;1;2000;0001;1000151;Granulát PA6 7;Plasty;101;Příjem zboží na objednávku;S;1141,730;KG;48,47;55339,65;CZK;;Rubena a.s.;;SN8824;;;;HORAKT;4010 Nákup
20.05.2026;20.05.2026;4900000546;1;2000;0001;1000196;Odmašťovač RAL 3020;Nátěry a chemie;101;Příjem zboží na objednávku;S;1553,880;L;250,63;389448,94;CZK;;Colorlak a.s.;;SN9879;;;;NOVAKJ;4010 Nákup
20.05.2026;20.05.2026;4900000842;1;1000;0001;1000249;Granulát PA6 112;Plasty;101;Příjem zboží na objednávku;S;1730,070;KG;71,02;122869,57;CZK;;Lapp Kabel s.r.o.;;SN5863;;;;HORAKT;4010 Nákup
20.05.2026;20.05.2026;4900000846;1;1000;0001;1000250;Kabel CYKY 34x42;Elektro;101;Příjem zboží na objednávku;S;1075,780;KS;795,46;855739,96;CZK;;Plastika Nitra a.s.;;SN3752;;;;VESELAM;4010 Nákup
20.05.2026;20.05.2026;4900000937;1;1000;0001;1000268;Tyč kruhová 82 mm;Ocel;101;Příjem zboží na objednávku;S;233,930;KG;24,53;5738,30;CZK;;Wurth s.r.o.;;SN4781;;;;PROCHAZ;4010 Nákup
20.05.2026;20.05.2026;4900001089;1;2000;0001;1000296;Plech ocelový 110 mm;Ocel;101;Příjem zboží na objednávku;S;1001,210;KG;52,46;52523,48;CZK;;Bibus s.r.o.;;SN1309;;;;CERNAT;4010 Nákup
20.05.2026;20.05.2026;4900001303;1;2000;0001;1000334;Stykač 101 A;Elektro;101;Příjem zboží na objednávku;S;1179,990;KS;740,62;873924,19;CZK;;ThyssenKrupp Ferrostal;;SN6231;;;;SVOBODM;4010 Nákup
20.05.2026;20.05.2026;4900001346;1;2000;0001;1000342;Kolík 101x36;Spojovací materiál;101;Příjem zboží na objednávku;S;694,760;KS;0,90;625,28;CZK;;ESSA Czech;;SN3835;;;;HORAKT;4010 Nákup
20.05.2026;20.05.2026;4900001645;1;2000;0001;1000398;Šroub M41x56;Spojovací materiál;101;Příjem zboží na objednávku;S;232,710;KS;14,54;3383,60;CZK;;ThyssenKrupp Ferrostal;;SN8200;;;;VESELAM;4010 Nákup
20.05.2026;20.05.2026;4900001675;1;2000;0001;1000271;Čidlo indukční 75 mm;Elektro;261;Výdej do výrobní zakázky;H;-317,450;KS;119,80;-38030,51;CZK;VZ400009;;;;;;;HORAKT;5020 Výroba montáž
20.05.2026;20.05.2026;4900001675;2;2000;0001;1000382;Deska PE 55 mm;Plasty;261;Výdej do výrobní zakázky;H;-213,850;KG;70,90;-15161,97;CZK;VZ400009;;;;;;;SVOBODM;5020 Výroba montáž
20.05.2026;20.05.2026;4900001675;3;2000;0001;1000166;Motor 76 kW;Elektro;261;Výdej do výrobní zakázky;H;-388,850;KS;333,01;-129490,94;CZK;VZ400009;;;;;;;NOVAKJ;5030 Výroba obrábění
20.05.2026;20.05.2026;4900001675;4;2000;0001;1000345;Tyč kruhová 110 mm;Ocel;261;Výdej do výrobní zakázky;H;-17,850;KG;36,23;-646,71;CZK;VZ400009;;;;;;;HORAKT;5020 Výroba montáž
20.05.2026;20.05.2026;4900001675;5;2000;0001;1000351;O-kroužek 30 mm;Těsnění a guma;261;Výdej do výrobní zakázky;H;-71,050;KS;59,66;-4238,84;CZK;VZ400009;;;;;;;CERNAT;5020 Výroba montáž
20.05.2026;20.05.2026;4900001675;6;2000;0001;1000177;Plech ocelový 91 mm;Ocel;261;Výdej do výrobní zakázky;H;-28,000;KG;41,14;-1151,92;CZK;VZ400009;;;;;;;SVOBODM;5020 Výroba montáž
20.05.2026;20.05.2026;4900001747;1;1000;0001;1000300;Šroub M24x45;Spojovací materiál;261;Výdej do výrobní zakázky;H;-377,200;KS;2,77;-1044,84;CZK;VZ400044;;;;;;;VESELAM;5020 Výroba montáž
20.05.2026;20.05.2026;4900001747;2;1000;0001;1000142;Plech ocelový 112 mm;Ocel;261;Výdej do výrobní zakázky;H;-64,400;KG;31,94;-2056,94;CZK;VZ400044;;;;;;;NOVAKJ;5030 Výroba obrábění
20.05.2026;20.05.2026;4900001747;3;1000;0001;1000172;Deska PE 85 mm;Plasty;261;Výdej do výrobní zakázky;H;-165,200;KG;44,67;-7379,48;CZK;VZ400044;;;;;;;VESELAM;5030 Výroba obrábění
20.05.2026;20.05.2026;4900001747;4;1000;0001;1000353;Trubka Al 94 mm;Hliník;261;Výdej do výrobní zakázky;H;-88,800;KG;92,49;-8213,11;CZK;VZ400044;;;;;;;KUCERAL;5020 Výroba montáž
20.05.2026;20.05.2026;4900001747;5;1000;0001;1000154;Ředidlo S38;Nátěry a chemie;261;Výdej do výrobní zakázky;H;-270,400;L;298,27;-80652,21;CZK;VZ400044;;;;;;;SVOBODM;5020 Výroba montáž
20.05.2026;20.05.2026;4900001747;6;1000;0001;1000264;Motor 26 kW;Elektro;261;Výdej do výrobní zakázky;H;-446,400;KS;733,69;-327519,22;CZK;VZ400044;;;;;;;NOVAKJ;5020 Výroba montáž
20.05.2026;20.05.2026;4900001747;7;1000;0001;1000214;Deska PP 15 mm;Plasty;261;Výdej do výrobní zakázky;H;-64,400;KG;65,47;-4216,27;CZK;VZ400044;;;;;;;VESELAM;5020 Výroba montáž
20.05.2026;20.05.2026;4900001747;8;1000;0001;1000135;Jekl 3x3x76;Ocel;261;Výdej do výrobní zakázky;H;-268,000;KG;33,76;-9047,68;CZK;VZ400044;;;;;;;HORAKT;5020 Výroba montáž
20.05.2026;20.05.2026;4900001896;1;1000;0001;1000300;Šroub M24x45;Spojovací materiál;261;Výdej do výrobní zakázky;H;-103,730;KS;2,77;-287,33;CZK;VZ400121;;;;;;;PROCHAZ;5020 Výroba montáž
20.05.2026;20.05.2026;4900001896;2;1000;0001;1000142;Plech ocelový 112 mm;Ocel;261;Výdej do výrobní zakázky;H;-17,710;KG;31,94;-565,66;CZK;VZ400121;;;;;;;DVORAKP;5030 Výroba obrábění
20.05.2026;20.05.2026;4900001896;3;1000;0001;1000172;Deska PE 85 mm;Plasty;261;Výdej do výrobní zakázky;H;-45,430;KG;44,67;-2029,36;CZK;VZ400121;;;;;;;HORAKT;5030 Výroba obrábění
20.05.2026;20.05.2026;4900001896;4;1000;0001;1000353;Trubka Al 94 mm;Hliník;261;Výdej do výrobní zakázky;H;-24,420;KG;92,49;-2258,61;CZK;VZ400121;;;;;;;VESELAM;5020 Výroba montáž
20.05.2026;20.05.2026;4900001896;5;1000;0001;1000154;Ředidlo S38;Nátěry a chemie;261;Výdej do výrobní zakázky;H;-74,360;L;298,27;-22179,36;CZK;VZ400121;;;;;;;CERNAT;5030 Výroba obrábění
20.05.2026;20.05.2026;4900001896;6;1000;0001;1000264;Motor 26 kW;Elektro;261;Výdej do výrobní zakázky;H;-122,760;KS;733,69;-90067,78;CZK;VZ400121;;;;;;;CERNAT;5020 Výroba montáž
20.05.2026;20.05.2026;4900001896;7;1000;0001;1000214;Deska PP 15 mm;Plasty;261;Výdej do výrobní zakázky;H;-17,710;KG;65,47;-1159,47;CZK;VZ400121;;;;;;;KUCERAL;5020 Výroba montáž
20.05.2026;20.05.2026;4900001896;8;1000;0001;1000135;Jekl 3x3x76;Ocel;261;Výdej do výrobní zakázky;H;-73,700;KG;33,76;-2488,11;CZK;VZ400121;;;;;;;VESELAM;5020 Výroba montáž
20.05.2026;20.05.2026;4900001937;1;1000;0001;1000162;Manžeta 19x29;Těsnění a guma;261;Výdej do výrobní zakázky;H;-40,980;KS;19,44;-796,65;CZK;VZ400149;;;;;;;KUCERAL;5030 Výroba obrábění
20.05.2026;20.05.2026;4900001937;2;1000;0001;1000305;Granulát ABS 54;Plasty;261;Výdej do výrobní zakázky;H;-45,780;KG;83,28;-3812,56;CZK;VZ400149;;;;;;;NOVAKJ;5030 Výroba obrábění
20.05.2026;20.05.2026;4900001937;3;1000;0001;1000205;Trubka ocelová 6x21;Ocel;261;Výdej do výrobní zakázky;H;-21,900;KG;20,71;-453,55;CZK;VZ400149;;;;;;;HORAKT;5030 Výroba obrábění
20.05.2026;20.05.2026;4900001937;4;1000;0001;1000246;Těsnění ploché 116 mm;Těsnění a guma;261;Výdej do výrobní zakázky;H;-37,380;KS;47,79;-1786,39;CZK;VZ400149;;;;;;;DVORAKP;5030 Výroba obrábění
20.05.2026;20.05.2026;4900001937;5;1000;0001;1000280;Lak polyuretanový RAL 5010;Nátěry a chemie;261;Výdej do výrobní zakázky;H;-7,320;L;269,15;-1970,18;CZK;VZ400149;;;;;;;VESELAM;5030 Výroba obrábění
20.05.2026;20.05.2026;4900001997;1;1000;0001;1000238;Lak polyuretanový RAL 9005;Nátěry a chemie;261;Výdej do výrobní zakázky;H;-81,510;L;171,20;-13954,51;CZK;VZ400187;;;;;;;NOVAKJ;5020 Výroba montáž
20.05.2026;20.05.2026;4900001997;2;1000;0001;1000348;Motor 108 kW;Elektro;261;Výdej do výrobní zakázky;H;-150,280;KS;739,67;-111157,61;CZK;VZ400187;;;;;;;KUCERAL;5020 Výroba montáž
20.05.2026;20.05.2026;4900001997;3;1000;0001;1000333;Deska PE 40 mm;Plasty;261;Výdej do výrobní zakázky;H;-87,230;KG;43,58;-3801,48;CZK;VZ400187;;;;;;;NOVAKJ;5020 Výroba montáž
20.05.2026;20.05.2026;4900001997;4;1000;0001;1000117;Motor 72 kW;Elektro;261;Výdej do výrobní zakázky;H;-138,970;KS;660,38;-91773,01;CZK;VZ400187;;;;;;;DVORAKP;5020 Výroba montáž
20.05.2026;20.05.2026;4900001997;5;1000;0001;1000162;Manžeta 19x29;Těsnění a guma;261;Výdej do výrobní zakázky;H;-49,140;KS;19,44;-955,28;CZK;VZ400187;;;;;;;VESELAM;5020 Výroba montáž
20.05.2026;20.05.2026;4900002067;1;1000;0003;5000107;Kryt převodovky B587;Hotový výrobek;131;Příjem z výroby;S;43,000;KS;2113,83;90894,69;CZK;VZ400236;;;SV9483;;;;HORAKT;5020 Výroba montáž
20.05.2026;20.05.2026;4900002132;1;2000;0003;5000125;Hydraulický agregát B836;Hotový výrobek;131;Příjem z výroby;S;10,000;KS;3170,53;31705,30;CZK;VZ400291;;;SV7939;;;;NOVAKJ;5020 Výroba montáž
20.05.2026;20.05.2026;4900002269;1;2000;0003;5000122;Rám podvozkový E427;Hotový výrobek;601;Výdej při dodání zákazníkovi;H;-5,000;KS;5207,47;-26037,35;CZK;;;Juta a.s.;SV7447;35638,17;26037,35;7574,88;DVORAKP;6010 Expedice
20.05.2026;20.05.2026;4900002402;1;2000;0003;5000122;Rám podvozkový E427;Hotový výrobek;601;Výdej při dodání zákazníkovi;H;-8,000;KS;5207,47;-41659,76;CZK;;;Agrostroj Pelhřimov a.s.;SV7785;58157,80;41659,76;12770,80;DVORAKP;6010 Expedice
20.05.2026;20.05.2026;4900002588;1;2000;0003;5000125;Hydraulický agregát B836;Hotový výrobek;601;Výdej při dodání zákazníkovi;H;-5,000;KS;3170,53;-15852,65;CZK;;;Hella Autotechnik Nova;SV9558;21965,32;15852,65;3873,75;KUCERAL;6010 Expedice
21.05.2026;21.05.2026;4900000378;1;1000;0001;1000167;Nýt 105x50;Spojovací materiál;101;Příjem zboží na objednávku;S;693,480;KS;10,11;7011,08;CZK;;Rubena a.s.;;SN9783;;;;VESELAM;4010 Nákup
21.05.2026;21.05.2026;4900000401;1;2000;0001;1000170;Trubka ocelová 73x65;Ocel;101;Příjem zboží na objednávku;S;960,120;KG;27,88;26768,15;CZK;;Rubena a.s.;;SN9397;;;;NOVAKJ;4010 Nákup
21.05.2026;21.05.2026;4900000483;1;1000;0001;1000185;Profil Al 28x35;Hliník;101;Příjem zboží na objednávku;S;1410,970;KG;71,24;100517,50;CZK;;Rubena a.s.;;SN9060;;;;SVOBODM;4010 Nákup
21.05.2026;21.05.2026;4900001043;1;1000;0001;1000288;Těsnění ploché 57 mm;Těsnění a guma;101;Příjem zboží na objednávku;S;852,690;KS;50,59;43137,59;CZK;;ABB s.r.o.;;SN7236;;;;CERNAT;4010 Nákup
21.05.2026;21.05.2026;4900001413;1;2000;0001;1000356;Podložka 42;Spojovací materiál;101;Příjem zboží na objednávku;S;1086,110;KS;4,27;4637,69;CZK;;Alumat s.r.o.;;SN1108;;;;PROCHAZ;4010 Nákup
21.05.2026;21.05.2026;4900001831;1;1000;0003;5000110;Čerpadlo odstředivé E673;Hotový výrobek;131;Příjem z výroby;S;13,000;KS;1588,38;20648,94;CZK;VZ400083;;;SV2567;;;;HORAKT;5020 Výroba montáž
21.05.2026;21.05.2026;4900001876;1;1000;0001;1000172;Deska PE 85 mm;Plasty;261;Výdej do výrobní zakázky;H;-44,400;KG;44,67;-1983,35;CZK;VZ400110;;;;;;;SVOBODM;5030 Výroba obrábění
21.05.2026;21.05.2026;4900001876;2;1000;0001;1000109;Granulát PA6 108;Plasty;261;Výdej do výrobní zakázky;H;-101,040;KG;65,68;-6636,31;CZK;VZ400110;;;;;;;PROCHAZ;5030 Výroba obrábění
21.05.2026;21.05.2026;4900001876;3;1000;0001;1000240;Profil U 62;Ocel;261;Výdej do výrobní zakázky;H;-157,680;KG;20,67;-3259,25;CZK;VZ400110;;;;;;;HORAKT;5030 Výroba obrábění
21.05.2026;21.05.2026;4900001876;4;1000;0001;1000219;Jekl 28x28x58;Ocel;261;Výdej do výrobní zakázky;H;-20,880;KG;22,30;-465,62;CZK;VZ400110;;;;;;;HORAKT;5030 Výroba obrábění
21.05.2026;21.05.2026;4900001876;5;1000;0001;1000275;Jekl 98x98x65;Ocel;261;Výdej do výrobní zakázky;H;-161,760;KG;34,85;-5637,34;CZK;VZ400110;;;;;;;HORAKT;5020 Výroba montáž
21.05.2026;21.05.2026;4900001876;6;1000;0001;1000317;Plech ocelový 81 mm;Ocel;261;Výdej do výrobní zakázky;H;-74,400;KG;28,83;-2144,95;CZK;VZ400110;;;;;;;KUCERAL;5030 Výroba obrábění
21.05.2026;21.05.2026;4900001876;7;1000;0001;1000183;O-kroužek 107 mm;Těsnění a guma;261;Výdej do výrobní zakázky;H;-216,960;KS;51,09;-11084,49;CZK;VZ400110;;;;;;;VESELAM;5020 Výroba montáž
21.05.2026;21.05.2026;4900001876;8;1000;0001;1000389;Deska PE 67 mm;Plasty;261;Výdej do výrobní zakázky;H;-93,840;KG;59,43;-5576,91;CZK;VZ400110;;;;;;;PROCHAZ;5030 Výroba obrábění
21.05.2026;21.05.2026;4900001876;9;1000;0001;1000396;Granulát PA6 20;Plasty;261;Výdej do výrobní zakázky;H;-43,920;KG;82,13;-3607,15;CZK;VZ400110;;;;;;;HORAKT;5020 Výroba montáž
21.05.2026;21.05.2026;4900001921;1;2000;0003;5000100;Čerpadlo odstředivé A594;Hotový výrobek;131;Příjem z výroby;S;33,000;KS;1079,41;35620,53;CZK;VZ400139;;;SV1515;;;;PROCHAZ;5020 Výroba montáž
21.05.2026;21.05.2026;4900002106;1;2000;0001;1000164;Profil Al 16x61;Hliník;261;Výdej do výrobní zakázky;H;-13,160;KG;109,59;-1442,20;CZK;VZ400269;;;;;;;CERNAT;5030 Výroba obrábění
21.05.2026;21.05.2026;4900002106;2;2000;0001;1000296;Plech ocelový 110 mm;Ocel;261;Výdej do výrobní zakázky;H;-24,500;KG;44,46;-1089,27;CZK;VZ400269;;;;;;;PROCHAZ;5020 Výroba montáž
21.05.2026;21.05.2026;4900002106;3;2000;0001;1000245;Ředidlo S51;Nátěry a chemie;261;Výdej do výrobní zakázky;H;-78,540;L;96,37;-7568,90;CZK;VZ400269;;;;;;;VESELAM;5030 Výroba obrábění
21.05.2026;21.05.2026;4900002106;4;2000;0001;1000346;Trubka Al 104 mm;Hliník;261;Výdej do výrobní zakázky;H;-74,340;KG;119,78;-8904,45;CZK;VZ400269;;;;;;;SVOBODM;5020 Výroba montáž
21.05.2026;21.05.2026;4900002106;5;2000;0001;1000393;Manžeta 107x39;Těsnění a guma;261;Výdej do výrobní zakázky;H;-150,220;KS;30,59;-4595,23;CZK;VZ400269;;;;;;;CERNAT;5020 Výroba montáž
21.05.2026;21.05.2026;4900002106;6;2000;0001;1000140;Lak polyuretanový RAL 3020;Nátěry a chemie;261;Výdej do výrobní zakázky;H;-56,000;L;129,92;-7275,52;CZK;VZ400269;;;;;;;DVORAKP;5030 Výroba obrábění
21.05.2026;21.05.2026;4900002146;1;1000;0003;5000104;Dopravník pásový E932;Hotový výrobek;131;Příjem z výroby;S;9,000;KS;2436,00;21924,00;CZK;VZ400297;;;SV1180;;;;PROCHAZ;5020 Výroba montáž
22.05.2026;22.05.2026;4900000160;1;2000;0001;1000128;Tyč kruhová 75 mm;Ocel;101;Příjem zboží na objednávku;S;1307,080;KG;29,29;38284,37;CZK;;Killich s.r.o.;;SN5907;;;;DVORAKP;4010 Nákup
22.05.2026;22.05.2026;4900001244;1;1000;0001;1000323;O-kroužek 81 mm;Těsnění a guma;101;Příjem zboží na objednávku;S;555,880;KS;15,08;8382,67;CZK;;Elektro Cabel CZ;;SN2742;;;;KUCERAL;4010 Nákup
22.05.2026;22.05.2026;4900001313;1;2000;0001;1000336;Základní barva RAL 7035;Nátěry a chemie;101;Příjem zboží na objednávku;S;2075,410;L;119,31;247617,17;CZK;;Trelleborg Bohemia;;SN8834;;;;PROCHAZ;4010 Nákup
22.05.2026;22.05.2026;4900001317;1;1000;0001;1000337;Manžeta 46x18;Těsnění a guma;101;Příjem zboží na objednávku;S;226,910;KS;67,39;15291,46;CZK;;Plastika Nitra a.s.;;SN1798;;;;VESELAM;4010 Nákup
22.05.2026;22.05.2026;4900001459;1;2000;0001;1000363;Kolík 119x35;Spojovací materiál;101;Příjem zboží na objednávku;S;614,100;KS;5,72;3512,65;CZK;;Wurth s.r.o.;;SN7331;;;;VESELAM;4010 Nákup
22.05.2026;22.05.2026;4900001505;1;2000;0001;1000371;Lak polyuretanový RAL 5010;Nátěry a chemie;101;Příjem zboží na objednávku;S;1255,700;L;210,04;263747,23;CZK;;Plastika Nitra a.s.;;SN8214;;;;CERNAT;4010 Nákup
22.05.2026;22.05.2026;4900001514;1;1000;0001;1000374;Plech Al 115 mm;Hliník;101;Příjem zboží na objednávku;S;1027,460;KG;66,46;68284,99;CZK;;Fabory CZ;;SN6749;;;;SVOBODM;4010 Nákup
22.05.2026;22.05.2026;4900001623;1;1000;0001;1000393;Manžeta 107x39;Těsnění a guma;101;Příjem zboží na objednávku;S;991,630;KS;30,59;30333,96;CZK;;Bibus s.r.o.;;SN8632;;;;KUCERAL;4010 Nákup
22.05.2026;22.05.2026;4900001688;1;1000;0003;5000149;Ventilová jednotka B989;Hotový výrobek;131;Příjem z výroby;S;29,000;KS;1674,23;48552,67;CZK;VZ400015;;;SV6022;;;;DVORAKP;5020 Výroba montáž
22.05.2026;22.05.2026;4900001710;1;1000;0003;5000104;Dopravník pásový E932;Hotový výrobek;131;Příjem z výroby;S;24,000;KS;2436,00;58464,00;CZK;VZ400026;;;SV4335;;;;KUCERAL;5020 Výroba montáž
22.05.2026;22.05.2026;4900001724;1;2000;0001;1000272;Šroub M28x22;Spojovací materiál;261;Výdej do výrobní zakázky;H;-14,770;KS;8,82;-130,27;CZK;VZ400033;;;;;;;PROCHAZ;5020 Výroba montáž
22.05.2026;22.05.2026;4900001724;2;2000;0001;1000186;Deska PP 63 mm;Plasty;261;Výdej do výrobní zakázky;H;-15,750;KG;66,21;-1042,81;CZK;VZ400033;;;;;;;VESELAM;5020 Výroba montáž
22.05.2026;22.05.2026;4900001724;3;2000;0001;1000192;Plech Al 70 mm;Hliník;261;Výdej do výrobní zakázky;H;-31,640;KG;121,62;-3848,06;CZK;VZ400033;;;;;;;CERNAT;5030 Výroba obrábění
22.05.2026;22.05.2026;4900001724;4;2000;0001;1000288;Těsnění ploché 57 mm;Těsnění a guma;261;Výdej do výrobní zakázky;H;-75,250;KS;50,59;-3806,90;CZK;VZ400033;;;;;;;HORAKT;5020 Výroba montáž
22.05.2026;22.05.2026;4900001922;1;2000;0001;1000122;Trubka Al 54 mm;Hliník;261;Výdej do výrobní zakázky;H;-150,620;KG;99,64;-15007,78;CZK;VZ400140;;;;;;;VESELAM;5030 Výroba obrábění
22.05.2026;22.05.2026;4900001922;2;2000;0001;1000198;Trubka ocelová 56x45;Ocel;261;Výdej do výrobní zakázky;H;-219,300;KG;20,95;-4594,34;CZK;VZ400140;;;;;;;SVOBODM;5020 Výroba montáž
22.05.2026;22.05.2026;4900001922;3;2000;0001;1000207;Granulát PA6 54;Plasty;261;Výdej do výrobní zakázky;H;-208,420;KG;68,70;-14318,45;CZK;VZ400140;;;;;;;HORAKT;5030 Výroba obrábění
22.05.2026;22.05.2026;4900001922;4;2000;0001;1000233;Trubka ocelová 70x56;Ocel;261;Výdej do výrobní zakázky;H;-203,660;KG;20,71;-4217,80;CZK;VZ400140;;;;;;;VESELAM;5020 Výroba montáž
22.05.2026;22.05.2026;4900001922;5;2000;0001;1000247;Profil U 55;Ocel;261;Výdej do výrobní zakázky;H;-107,440;KG;23,08;-2479,72;CZK;VZ400140;;;;;;;KUCERAL;5030 Výroba obrábění
22.05.2026;22.05.2026;4900001940;1;2000;0003;5000100;Čerpadlo odstředivé A594;Hotový výrobek;131;Příjem z výroby;S;7,000;KS;1079,41;7555,87;CZK;VZ400150;;;SV5756;;;;KUCERAL;5020 Výroba montáž
22.05.2026;22.05.2026;4900001976;1;1000;0001;1000313;Kabel CYKY 66x55;Elektro;261;Výdej do výrobní zakázky;H;-37,980;KS;566,73;-21524,41;CZK;VZ400173;;;;;;;SVOBODM;5030 Výroba obrábění
22.05.2026;22.05.2026;4900001976;2;1000;0001;1000179;Granulát ABS 25;Plasty;261;Výdej do výrobní zakázky;H;-39,720;KG;54,80;-2176,66;CZK;VZ400173;;;;;;;DVORAKP;5030 Výroba obrábění
22.05.2026;22.05.2026;4900001976;3;1000;0001;1000215;Motor 73 kW;Elektro;261;Výdej do výrobní zakázky;H;-44,640;KS;175,44;-7831,64;CZK;VZ400173;;;;;;;VESELAM;5020 Výroba montáž
22.05.2026;22.05.2026;4900001976;4;1000;0001;1000387;Trubka ocelová 55x68;Ocel;261;Výdej do výrobní zakázky;H;-43,800;KG;29,33;-1284,65;CZK;VZ400173;;;;;;;PROCHAZ;5020 Výroba montáž
22.05.2026;22.05.2026;4900001976;5;1000;0001;1000371;Lak polyuretanový RAL 5010;Nátěry a chemie;261;Výdej do výrobní zakázky;H;-15,420;L;210,04;-3238,82;CZK;VZ400173;;;;;;;KUCERAL;5020 Výroba montáž
22.05.2026;22.05.2026;4900001976;6;1000;0001;1000374;Plech Al 115 mm;Hliník;261;Výdej do výrobní zakázky;H;-9,180;KG;66,46;-610,10;CZK;VZ400173;;;;;;;CERNAT;5020 Výroba montáž
22.05.2026;22.05.2026;4900001976;7;1000;0001;1000258;Kolík 6x58;Spojovací materiál;261;Výdej do výrobní zakázky;H;-59,760;KS;4,08;-243,82;CZK;VZ400173;;;;;;;KUCERAL;5020 Výroba montáž
22.05.2026;22.05.2026;4900001976;8;1000;0001;1000165;Deska PE 38 mm;Plasty;261;Výdej do výrobní zakázky;H;-40,980;KG;43,33;-1775,66;CZK;VZ400173;;;;;;;PROCHAZ;5030 Výroba obrábění
22.05.2026;22.05.2026;4900001976;9;1000;0001;1000335;Šroub M70x57;Spojovací materiál;261;Výdej do výrobní zakázky;H;-64,620;KS;4,55;-294,02;CZK;VZ400173;;;;;;;HORAKT;5020 Výroba montáž
22.05.2026;22.05.2026;4900001998;1;1000;0003;5000133;Skříň rozvaděče D196;Hotový výrobek;131;Příjem z výroby;S;13,000;KS;20147,73;261920,49;CZK;VZ400187;;;SV7559;;;;CERNAT;5020 Výroba montáž
22.05.2026;22.05.2026;4900002078;1;2000;0001;1000115;Profil Al 44x37;Hliník;261;Výdej do výrobní zakázky;H;-278,460;KG;75,99;-21160,18;CZK;VZ400242;;;;;;;PROCHAZ;5020 Výroba montáž
22.05.2026;22.05.2026;4900002078;2;2000;0001;1000129;Profil Al 107x59;Hliník;261;Výdej do výrobní zakázky;H;-107,250;KG;63,91;-6854,35;CZK;VZ400242;;;;;;;CERNAT;5020 Výroba montáž
22.05.2026;22.05.2026;4900002078;3;2000;0001;1000319;Granulát PA6 44;Plasty;261;Výdej do výrobní zakázky;H;-107,250;KG;71,64;-7683,39;CZK;VZ400242;;;;;;;NOVAKJ;5020 Výroba montáž
22.05.2026;22.05.2026;4900002078;4;2000;0001;1000100;Trubka ocelová 100x79;Ocel;261;Výdej do výrobní zakázky;H;-93,600;KG;34,31;-3211,42;CZK;VZ400242;;;;;;;HORAKT;5020 Výroba montáž
22.05.2026;22.05.2026;4900002078;5;2000;0001;1000139;Nýt 46x36;Spojovací materiál;261;Výdej do výrobní zakázky;H;-305,760;KS;4,20;-1284,19;CZK;VZ400242;;;;;;;CERNAT;5020 Výroba montáž
22.05.2026;22.05.2026;4900002078;6;2000;0001;1000198;Trubka ocelová 56x45;Ocel;261;Výdej do výrobní zakázky;H;-51,870;KG;20,95;-1086,68;CZK;VZ400242;;;;;;;SVOBODM;5020 Výroba montáž
22.05.2026;22.05.2026;4900002078;7;2000;0001;1000339;Profil Al 7x33;Hliník;261;Výdej do výrobní zakázky;H;-219,180;KG;91,34;-20019,90;CZK;VZ400242;;;;;;;KUCERAL;5020 Výroba montáž
22.05.2026;22.05.2026;4900002086;1;1000;0001;1000103;Čidlo indukční 32 mm;Elektro;261;Výdej do výrobní zakázky;H;-286,200;KS;26,60;-7612,92;CZK;VZ400252;;;;;;;KUCERAL;5030 Výroba obrábění
22.05.2026;22.05.2026;4900002086;2;1000;0001;1000345;Tyč kruhová 110 mm;Ocel;261;Výdej do výrobní zakázky;H;-43,920;KG;36,23;-1591,22;CZK;VZ400252;;;;;;;DVORAKP;5020 Výroba montáž
22.05.2026;22.05.2026;4900002086;3;1000;0001;1000141;Těsnění ploché 77 mm;Těsnění a guma;261;Výdej do výrobní zakázky;H;-142,560;KS;20,01;-2852,63;CZK;VZ400252;;;;;;;VESELAM;5020 Výroba montáž
22.05.2026;22.05.2026;4900002086;4;1000;0001;1000159;Čidlo indukční 23 mm;Elektro;261;Výdej do výrobní zakázky;H;-118,440;KS;206,10;-24410,48;CZK;VZ400252;;;;;;;HORAKT;5030 Výroba obrábění
22.05.2026;22.05.2026;4900002086;5;1000;0001;1000135;Jekl 3x3x76;Ocel;261;Výdej do výrobní zakázky;H;-52,200;KG;33,76;-1762,27;CZK;VZ400252;;;;;;;PROCHAZ;5020 Výroba montáž
22.05.2026;22.05.2026;4900002086;6;1000;0001;1000226;Profil U 4;Ocel;261;Výdej do výrobní zakázky;H;-51,480;KG;27,36;-1408,49;CZK;VZ400252;;;;;;;SVOBODM;5030 Výroba obrábění
22.05.2026;22.05.2026;4900002086;7;1000;0001;1000111;Podložka 21;Spojovací materiál;261;Výdej do výrobní zakázky;H;-156,600;KS;16,00;-2505,60;CZK;VZ400252;;;;;;;VESELAM;5020 Výroba montáž
22.05.2026;22.05.2026;4900002086;8;1000;0001;1000207;Granulát PA6 54;Plasty;261;Výdej do výrobní zakázky;H;-75,600;KG;68,70;-5193,72;CZK;VZ400252;;;;;;;HORAKT;5030 Výroba obrábění
22.05.2026;22.05.2026;4900002163;1;1000;0003;5000130;Čerpadlo odstředivé A643;Hotový výrobek;601;Výdej při dodání zákazníkovi;H;-7,000;KS;7168,49;-50179,43;CZK;;;Juta a.s.;SV3292;77696,54;50179,43;17592,15;CERNAT;6010 Expedice
22.05.2026;22.05.2026;4900002175;1;1000;0003;5000136;Svařenec nosný A321;Hotový výrobek;601;Výdej při dodání zákazníkovi;H;-3,000;KS;13945,05;-41835,15;CZK;;;Hanon Systems Autopal;SV6475;55292,09;41835,15;9787,83;NOVAKJ;6010 Expedice
22.05.2026;22.05.2026;4900002204;1;1000;0003;5000104;Dopravník pásový E932;Hotový výrobek;601;Výdej při dodání zákazníkovi;H;-14,000;KS;2436,00;-34104,00;CZK;;;Continental Automotive;SV8062;44902,49;34104,00;9894,41;VESELAM;6010 Expedice
22.05.2026;22.05.2026;4900002289;1;2000;0003;5000138;Konzole montážní C661;Hotový výrobek;601;Výdej při dodání zákazníkovi;H;-26,000;KS;11642,23;-302697,98;CZK;;;Juta a.s.;SV7692;410336,05;302697,98;79716,46;VESELAM;6010 Expedice
22.05.2026;22.05.2026;4900002343;1;1000;0003;5000104;Dopravník pásový E932;Hotový výrobek;601;Výdej při dodání zákazníkovi;H;-4,000;KS;2436,00;-9744,00;CZK;;;Linet spol. s r.o.;SV1556;12877,23;9744,00;2337,01;CERNAT;6010 Expedice
22.05.2026;22.05.2026;4900002350;1;2000;0003;5000113;Skříň rozvaděče B363;Hotový výrobek;601;Výdej při dodání zákazníkovi;H;-6,000;KS;1821,81;-10930,86;CZK;;;Tatra Trucks a.s.;SV1575;17194,31;10930,86;3618,77;SVOBODM;6010 Expedice
22.05.2026;22.05.2026;4900002452;1;1000;0003;5000115;Hydraulický agregát D743;Hotový výrobek;601;Výdej při dodání zákazníkovi;H;-11,000;KS;2017,76;-22195,36;CZK;;;Koyo Bearings ČR;SV8546;31680,98;22195,36;5611,66;PROCHAZ;6010 Expedice
22.05.2026;22.05.2026;4900002596;1;2000;0003;5000137;Kryt převodovky B734;Hotový výrobek;601;Výdej při dodání zákazníkovi;H;-8,000;KS;4419,44;-35355,52;CZK;;;Continental Automotive;SV5456;51614,15;35355,52;10933,73;HORAKT;6010 Expedice
25.05.2026;25.05.2026;4900000194;1;2000;0001;1000135;Jekl 3x3x76;Ocel;101;Příjem zboží na objednávku;S;708,320;KG;39,84;28219,47;CZK;;PPG Deco Czech;;SN3024;;;;SVOBODM;4010 Nákup
25.05.2026;25.05.2026;4900000494;1;1000;0001;1000187;Stykač 3 A;Elektro;101;Příjem zboží na objednávku;S;878,010;KS;249,99;219493,72;CZK;;Elektro Cabel CZ;;SN2027;;;;SVOBODM;4010 Nákup
25.05.2026;25.05.2026;4900000858;1;2000;0001;1000252;Ředidlo S24;Nátěry a chemie;101;Příjem zboží na objednávku;S;422,850;L;270,93;114562,75;CZK;;Elektro Cabel CZ;;SN1046;;;;KUCERAL;4010 Nákup
25.05.2026;25.05.2026;4900001109;1;1000;0001;1000299;Čidlo indukční 99 mm;Elektro;101;Příjem zboží na objednávku;S;688,750;KS;576,77;397250,34;CZK;;Alumat s.r.o.;;SN9252;;;;PROCHAZ;4010 Nákup
25.05.2026;25.05.2026;4900001388;1;2000;0001;1000349;Podložka 13;Spojovací materiál;101;Příjem zboží na objednávku;S;636,700;KS;13,44;8557,25;CZK;;Rubena a.s.;;SN9280;;;;KUCERAL;4010 Nákup
25.05.2026;25.05.2026;4900001474;1;1000;0001;1000365;O-kroužek 119 mm;Těsnění a guma;101;Příjem zboží na objednávku;S;943,140;KS;65,35;61634,20;CZK;;Killich s.r.o.;;SN6133;;;;CERNAT;4010 Nákup
25.05.2026;25.05.2026;4900001748;1;1000;0003;5000145;Hydraulický agregát D249;Hotový výrobek;131;Příjem z výroby;S;40,000;KS;13840,02;553600,80;CZK;VZ400044;;;SV1964;;;;DVORAKP;5020 Výroba montáž
25.05.2026;25.05.2026;4900001938;1;1000;0003;5000141;Převodovka šneková F508;Hotový výrobek;131;Příjem z výroby;S;6,000;KS;1789,06;10734,36;CZK;VZ400149;;;SV2630;;;;SVOBODM;5020 Výroba montáž
25.05.2026;25.05.2026;4900002159;1;2000;0003;5000139;Ventilová jednotka D215;Hotový výrobek;601;Výdej při dodání zákazníkovi;H;-10,000;KS;3887,14;-38871,40;CZK;;;Magna Exteriors Bohemia;SV8949;57451,62;38871,40;11225,53;CERNAT;6010 Expedice
25.05.2026;25.05.2026;4900002545;1;1000;0003;5000107;Kryt převodovky B587;Hotový výrobek;601;Výdej při dodání zákazníkovi;H;-43,000;KS;2113,83;-90894,69;CZK;;;Brose CZ spol. s r.o.;SV6503;98765,17;90894,69;19653,08;KUCERAL;6010 Expedice
26.05.2026;26.05.2026;4900000263;1;2000;0001;1000146;Kolík 36x56;Spojovací materiál;101;Příjem zboží na objednávku;S;582,860;KS;5,86;3415,56;CZK;;Haberkorn s.r.o.;;SN1333;;;;NOVAKJ;4010 Nákup
26.05.2026;26.05.2026;4900000281;1;2000;0001;1000149;Trubka ocelová 66x16;Ocel;101;Příjem zboží na objednávku;S;877,750;KG;29,75;26113,06;CZK;;Siemens s.r.o.;;SN5728;;;;PROCHAZ;4010 Nákup
26.05.2026;26.05.2026;4900000410;1;1000;0001;1000172;Deska PE 85 mm;Plasty;101;Příjem zboží na objednávku;S;1811,680;KG;44,67;80927,75;CZK;;PPG Deco Czech;;SN5277;;;;CERNAT;4010 Nákup
26.05.2026;26.05.2026;4900000759;1;1000;0001;1000235;Deska PE 105 mm;Plasty;101;Příjem zboží na objednávku;S;1377,050;KG;73,09;100648,58;CZK;;ESSA Czech;;SN7116;;;;SVOBODM;4010 Nákup
26.05.2026;26.05.2026;4900000916;1;1000;0001;1000263;Granulát PA6 3;Plasty;101;Příjem zboží na objednávku;S;533,280;KG;55,99;29858,35;CZK;;Ferona a.s.;;SN9926;;;;KUCERAL;4010 Nákup
26.05.2026;26.05.2026;4900000989;1;2000;0001;1000278;Frekvenční měnič 11 kW;Elektro;101;Příjem zboží na objednávku;S;1067,430;KS;659,54;704012,78;CZK;;Hilti ČR s.r.o.;;SN4936;;;;CERNAT;4010 Nákup
26.05.2026;26.05.2026;4900001023;1;1000;0001;1000284;Granulát PA6 17;Plasty;101;Příjem zboží na objednávku;S;1185,320;KG;68,56;81265,54;CZK;;Bibus s.r.o.;;SN5773;;;;HORAKT;4010 Nákup
26.05.2026;26.05.2026;4900001098;1;1000;0001;1000297;Trubka Al 64 mm;Hliník;101;Příjem zboží na objednávku;S;610,630;KG;101,55;62009,48;CZK;;ABB s.r.o.;;SN3967;;;;KUCERAL;4010 Nákup
26.05.2026;26.05.2026;4900001132;1;2000;0001;1000303;Tyč kruhová 68 mm;Ocel;101;Příjem zboží na objednávku;S;1914,480;KG;41,96;80331,58;CZK;;Haberkorn s.r.o.;;SN2362;;;;HORAKT;4010 Nákup
26.05.2026;26.05.2026;4900001247;1;1000;0001;1000324;Profil U 62;Ocel;101;Příjem zboží na objednávku;S;1939,150;KG;48,24;93544,60;CZK;;Resinex CZ s.r.o.;;SN7483;;;;VESELAM;4010 Nákup
26.05.2026;26.05.2026;4900001293;1;2000;0001;1000331;Tyč kruhová 92 mm;Ocel;101;Příjem zboží na objednávku;S;1306,600;KG;47,93;62625,34;CZK;;Killich s.r.o.;;SN9204;;;;PROCHAZ;4010 Nákup
26.05.2026;26.05.2026;4900001299;1;1000;0001;1000333;Deska PE 40 mm;Plasty;101;Příjem zboží na objednávku;S;402,490;KG;43,58;17540,51;CZK;;Wurth s.r.o.;;SN2027;;;;SVOBODM;4010 Nákup
26.05.2026;26.05.2026;4900001332;1;1000;0001;1000340;Deska PP 90 mm;Plasty;101;Příjem zboží na objednávku;S;1560,450;KG;80,19;125132,49;CZK;;Resinex CZ s.r.o.;;SN2009;;;;NOVAKJ;4010 Nákup
26.05.2026;26.05.2026;4900001383;1;2000;0001;1000348;Motor 108 kW;Elektro;101;Příjem zboží na objednávku;S;1040,230;KS;739,67;769426,92;CZK;;Fabory CZ;;SN2170;;;;SVOBODM;4010 Nákup
26.05.2026;26.05.2026;4900001519;1;2000;0001;1000375;Deska PE 101 mm;Plasty;101;Příjem zboží na objednávku;S;915,360;KG;63,57;58189,44;CZK;;Bossard CZ s.r.o.;;SN1659;;;;CERNAT;4010 Nákup
26.05.2026;26.05.2026;4900001621;1;1000;0001;1000393;Manžeta 107x39;Těsnění a guma;101;Příjem zboží na objednávku;S;501,200;KS;30,59;15331,71;CZK;;Trelleborg Bohemia;;SN6990;;;;KUCERAL;4010 Nákup
26.05.2026;26.05.2026;4900001649;1;2000;0001;1000398;Šroub M41x56;Spojovací materiál;101;Příjem zboží na objednávku;S;373,890;KS;14,54;5436,36;CZK;;Hilti ČR s.r.o.;;SN1447;;;;PROCHAZ;4010 Nákup
26.05.2026;26.05.2026;4900001977;1;1000;0003;5000148;Konzole montážní A793;Hotový výrobek;131;Příjem z výroby;S;6,000;KS;7570,47;45422,82;CZK;VZ400173;;;SV7723;;;;SVOBODM;5020 Výroba montáž
26.05.2026;26.05.2026;4900002024;1;2000;0003;5000128;Konzole montážní E878;Hotový výrobek;131;Příjem z výroby;S;29,000;KS;2954,77;85688,33;CZK;VZ400205;;;SV9555;;;;SVOBODM;5020 Výroba montáž
26.05.2026;26.05.2026;4900002329;1;2000;0003;5000105;Hydraulický agregát F685;Hotový výrobek;601;Výdej při dodání zákazníkovi;H;-15,000;KS;5566,06;-83490,90;CZK;;;Škoda Auto a.s.;SV5919;110059,59;83490,90;24730,58;NOVAKJ;6010 Expedice
26.05.2026;26.05.2026;4900002334;1;1000;0003;5000104;Dopravník pásový E932;Hotový výrobek;601;Výdej při dodání zákazníkovi;H;-15,000;KS;2436,00;-36540,00;CZK;;;Hella Autotechnik Nova;SV3863;43216,00;36540,00;9589,89;HORAKT;6010 Expedice
26.05.2026;26.05.2026;4900002336;1;1000;0003;5000141;Převodovka šneková F508;Hotový výrobek;601;Výdej při dodání zákazníkovi;H;-14,000;KS;1789,06;-25046,84;CZK;;;Zetor Tractors a.s.;SV3864;28354,71;25046,84;5684,27;DVORAKP;6010 Expedice
26.05.2026;26.05.2026;4900002451;1;2000;0003;5000108;Konzole montážní C372;Hotový výrobek;601;Výdej při dodání zákazníkovi;H;-4,000;KS;3574,42;-14297,68;CZK;;;Tatra Trucks a.s.;SV3349;19896,46;14297,68;4124,96;NOVAKJ;6010 Expedice
26.05.2026;26.05.2026;4900002508;1;2000;0003;5000128;Konzole montážní E878;Hotový výrobek;601;Výdej při dodání zákazníkovi;H;-5,000;KS;2954,77;-14773,85;CZK;;;Linet spol. s r.o.;SV1837;23865,93;14773,85;5423,46;CERNAT;6010 Expedice
26.05.2026;26.05.2026;4900002554;1;2000;0003;5000125;Hydraulický agregát B836;Hotový výrobek;601;Výdej při dodání zákazníkovi;H;-27,000;KS;3170,53;-85604,31;CZK;;;Hella Autotechnik Nova;SV3817;119894,65;85604,31;27193,84;KUCERAL;6010 Expedice
26.05.2026;26.05.2026;4900002621;1;1000;0003;5000104;Dopravník pásový E932;Hotový výrobek;601;Výdej při dodání zákazníkovi;H;-9,000;KS;2436,00;-21924,00;CZK;;;Hella Autotechnik Nova;SV6814;25726,65;21924,00;4436,27;SVOBODM;6010 Expedice
27.05.2026;27.05.2026;4900000200;1;2000;0001;1000136;Trubka Al 19 mm;Hliník;101;Příjem zboží na objednávku;S;1494,490;KG;71,14;106318,02;CZK;;Alumat s.r.o.;;SN2503;;;;HORAKT;4010 Nákup
27.05.2026;27.05.2026;4900000201;1;2000;0001;1000136;Trubka Al 19 mm;Hliník;101;Příjem zboží na objednávku;S;1624,970;KG;71,14;115600,37;CZK;;Trelleborg Bohemia;;SN8250;;;;HORAKT;4010 Nákup
27.05.2026;27.05.2026;4900000277;1;2000;0001;1000149;Trubka ocelová 66x16;Ocel;101;Příjem zboží na objednávku;S;1386,560;KG;29,75;41250,16;CZK;;Alumat s.r.o.;;SN7648;;;;VESELAM;4010 Nákup
27.05.2026;27.05.2026;4900000394;1;1000;0001;1000169;O-kroužek 90 mm;Těsnění a guma;101;Příjem zboží na objednávku;S;1066,120;KS;8,34;8891,44;CZK;;Metalšrot Tlumačov;;SN1116;;;;DVORAKP;4010 Nákup
27.05.2026;27.05.2026;4900000429;1;1000;0001;1000175;Odmašťovač RAL 7035;Nátěry a chemie;101;Příjem zboží na objednávku;S;1430,730;L;263,16;376510,91;CZK;;Rubena a.s.;;SN6245;;;;KUCERAL;4010 Nákup
27.05.2026;27.05.2026;4900001207;1;1000;0001;1000316;Tlumič gumový 7;Těsnění a guma;101;Příjem zboží na objednávku;S;890,400;KS;67,08;59728,03;CZK;;Trelleborg Bohemia;;SN6614;;;;CERNAT;4010 Nákup
27.05.2026;27.05.2026;4900001512;1;1000;0001;1000373;Tyč kruhová 44 mm;Ocel;101;Příjem zboží na objednávku;S;1064,670;KG;37,39;39808,01;CZK;;Schneider Electric CZ;;SN4610;;;;DVORAKP;4010 Nákup
27.05.2026;27.05.2026;4900001676;1;2000;0003;5000117;Kryt převodovky F393;Hotový výrobek;131;Příjem z výroby;S;35,000;KS;6197,29;216905,15;CZK;VZ400009;;;SV6637;;;;KUCERAL;5020 Výroba montáž
27.05.2026;27.05.2026;4900001897;1;1000;0003;5000145;Hydraulický agregát D249;Hotový výrobek;131;Příjem z výroby;S;11,000;KS;13840,02;152240,22;CZK;VZ400121;;;SV4817;;;;PROCHAZ;5020 Výroba montáž
27.05.2026;27.05.2026;4900002170;1;2000;0003;5000117;Kryt převodovky F393;Hotový výrobek;601;Výdej při dodání zákazníkovi;H;-15,000;KS;6197,29;-92959,35;CZK;;;Mubea CZ s.r.o.;SV4897;125720,92;92959,35;25028,66;PROCHAZ;6010 Expedice
27.05.2026;27.05.2026;4900002453;1;1000;0003;5000115;Hydraulický agregát D743;Hotový výrobek;601;Výdej při dodání zákazníkovi;H;-7,000;KS;2017,76;-14124,32;CZK;;;Hella Autotechnik Nova;SV9541;18070,04;14124,32;3482,60;KUCERAL;6010 Expedice
27.05.2026;27.05.2026;4900002507;1;2000;0003;5000128;Konzole montážní E878;Hotový výrobek;601;Výdej při dodání zákazníkovi;H;-9,000;KS;2954,77;-26592,93;CZK;;;Bosch Diesel s.r.o.;SV8946;41117,84;26592,93;7106,59;DVORAKP;6010 Expedice
27.05.2026;27.05.2026;4900002534;1;1000;0003;5000112;Rám podvozkový A238;Hotový výrobek;601;Výdej při dodání zákazníkovi;H;-24,000;KS;1349,43;-32386,32;CZK;;;Bosch Diesel s.r.o.;SV7421;49181,20;32386,32;10499,54;VESELAM;6010 Expedice
27.05.2026;27.05.2026;4900002564;1;1000;0003;5000116;Svařenec nosný E926;Hotový výrobek;601;Výdej při dodání zákazníkovi;H;-8,000;KS;635,56;-5084,48;CZK;;;Agrostroj Pelhřimov a.s.;SV4342;7561,41;5084,48;1294,04;CERNAT;6010 Expedice
27.05.2026;27.05.2026;4900002576;1;1000;0003;5000141;Převodovka šneková F508;Hotový výrobek;601;Výdej při dodání zákazníkovi;H;-39,000;KS;1789,06;-69773,34;CZK;;;Bonatrans Group a.s.;SV4017;76756,42;69773,34;14875,05;VESELAM;6010 Expedice
27.05.2026;27.05.2026;4900002585;1;2000;0003;5000106;Svařenec nosný A522;Hotový výrobek;601;Výdej při dodání zákazníkovi;H;-4,000;KS;2684,98;-10739,92;CZK;;;Škoda Auto a.s.;SV8688;14207,38;10739,92;2816,92;CERNAT;6010 Expedice
27.05.2026;27.05.2026;4900002612;1;2000;0003;5000137;Kryt převodovky B734;Hotový výrobek;601;Výdej při dodání zákazníkovi;H;-39,000;KS;4419,44;-172358,16;CZK;;;Linet spol. s r.o.;SV4333;261149,68;172358,16;53660,15;CERNAT;6010 Expedice
28.05.2026;28.05.2026;4900000026;1;2000;0001;1000104;Nýt 57x11;Spojovací materiál;101;Příjem zboží na objednávku;S;503,060;KS;5,48;2756,77;CZK;;Plastika Nitra a.s.;;SN8941;;;;NOVAKJ;4010 Nákup
28.05.2026;28.05.2026;4900000136;1;1000;0001;1000124;Motor 43 kW;Elektro;101;Příjem zboží na objednávku;S;679,870;KS;477,15;324399,97;CZK;;ABB s.r.o.;;SN1656;;;;SVOBODM;4010 Nákup
28.05.2026;28.05.2026;4900000729;1;1000;0001;1000230;Kolík 14x73;Spojovací materiál;101;Příjem zboží na objednávku;S;665,000;KS;9,78;6503,70;CZK;;Hennlich s.r.o.;;SN7865;;;;SVOBODM;4010 Nákup
28.05.2026;28.05.2026;4900001281;1;2000;0001;1000329;Lak polyuretanový RAL 3020;Nátěry a chemie;101;Příjem zboží na objednávku;S;1345,100;L;156,30;210239,13;CZK;;Fabory CZ;;SN1486;;;;KUCERAL;4010 Nákup
28.05.2026;28.05.2026;4900001395;1;2000;0001;1000351;O-kroužek 30 mm;Těsnění a guma;101;Příjem zboží na objednávku;S;768,350;KS;59,66;45839,76;CZK;;ThyssenKrupp Ferrostal;;SN5001;;;;KUCERAL;4010 Nákup
28.05.2026;28.05.2026;4900001618;1;1000;0001;1000392;Ředidlo S21;Nátěry a chemie;101;Příjem zboží na objednávku;S;2034,780;L;160,83;327253,67;CZK;;Colorlak a.s.;;SN9100;;;;VESELAM;4010 Nákup
28.05.2026;28.05.2026;4900001877;1;1000;0003;5000115;Hydraulický agregát D743;Hotový výrobek;131;Příjem z výroby;S;24,000;KS;2017,76;48426,24;CZK;VZ400110;;;SV3590;;;;VESELAM;5020 Výroba montáž
28.05.2026;28.05.2026;4900002107;1;2000;0003;5000106;Svařenec nosný A522;Hotový výrobek;131;Příjem z výroby;S;14,000;KS;2684,98;37589,72;CZK;VZ400269;;;SV9359;;;;SVOBODM;5020 Výroba montáž
28.05.2026;28.05.2026;4900002243;1;2000;0003;5000113;Skříň rozvaděče B363;Hotový výrobek;601;Výdej při dodání zákazníkovi;H;-11,000;KS;1821,81;-20039,91;CZK;;;Strojírny Prostějov a.s.;SV2768;31301,81;20039,91;6008,31;PROCHAZ;6010 Expedice
28.05.2026;28.05.2026;4900002393;1;1000;0003;5000111;Převodovka šneková F683;Hotový výrobek;601;Výdej při dodání zákazníkovi;H;-3,000;KS;6903,87;-20711,61;CZK;;;Linet spol. s r.o.;SV5853;31310,40;20711,61;5489,15;KUCERAL;6010 Expedice
28.05.2026;28.05.2026;4900002594;1;2000;0003;5000137;Kryt převodovky B734;Hotový výrobek;601;Výdej při dodání zákazníkovi;H;-12,000;KS;4419,44;-53033,28;CZK;;;Witte Automotive;SV3951;76984,84;53033,28;15720,50;DVORAKP;6010 Expedice
29.05.2026;29.05.2026;4900000261;1;2000;0001;1000146;Kolík 36x56;Spojovací materiál;101;Příjem zboží na objednávku;S;308,690;KS;5,86;1808,92;CZK;;Ferona a.s.;;SN8179;;;;PROCHAZ;4010 Nákup
29.05.2026;29.05.2026;4900000284;1;2000;0001;1000150;Profil Al 3x49;Hliník;101;Příjem zboží na objednávku;S;1349,030;KG;116,11;156635,87;CZK;;ArcelorMittal Distribution;;SN6187;;;;PROCHAZ;4010 Nákup
29.05.2026;29.05.2026;4900000292;1;2000;0001;1000151;Granulát PA6 7;Plasty;101;Příjem zboží na objednávku;S;1477,590;KG;48,47;71618,79;CZK;;Resinex CZ s.r.o.;;SN8265;;;;SVOBODM;4010 Nákup
29.05.2026;29.05.2026;4900000364;1;1000;0001;1000164;Profil Al 16x61;Hliník;101;Příjem zboží na objednávku;S;372,020;KG;109,59;40769,67;CZK;;Rubena a.s.;;SN3721;;;;DVORAKP;4010 Nákup
29.05.2026;29.05.2026;4900000523;1;1000;0001;1000193;Deska PE 67 mm;Plasty;101;Příjem zboží na objednávku;S;952,680;KG;87,82;83664,36;CZK;;Hilti ČR s.r.o.;;SN5578;;;;NOVAKJ;4010 Nákup
29.05.2026;29.05.2026;4900000606;1;1000;0001;1000207;Granulát PA6 54;Plasty;101;Příjem zboží na objednávku;S;1583,990;KG;68,70;108820,11;CZK;;Bossard CZ s.r.o.;;SN6370;;;;HORAKT;4010 Nákup
29.05.2026;29.05.2026;4900000667;1;1000;0001;1000218;Manžeta 40x54;Těsnění a guma;101;Příjem zboží na objednávku;S;804,970;KS;53,05;42703,66;CZK;;ESSA Czech;;SN6697;;;;KUCERAL;4010 Nákup
29.05.2026;29.05.2026;4900000678;1;2000;0001;1000221;Deska PE 117 mm;Plasty;101;Příjem zboží na objednávku;S;1244,080;KG;58,15;72343,25;CZK;;Schneider Electric CZ;;SN1544;;;;HORAKT;4010 Nákup
29.05.2026;29.05.2026;4900000762;1;2000;0001;1000236;Stykač 75 A;Elektro;101;Příjem zboží na objednávku;S;633,300;KS;482,61;305636,91;CZK;;Haberkorn s.r.o.;;SN5839;;;;HORAKT;4010 Nákup
29.05.2026;29.05.2026;4900000953;1;2000;0001;1000271;Čidlo indukční 75 mm;Elektro;101;Příjem zboží na objednávku;S;273,570;KS;119,80;32773,69;CZK;;Elektro Cabel CZ;;SN6110;;;;KUCERAL;4010 Nákup
29.05.2026;29.05.2026;4900000980;1;1000;0001;1000277;Granulát ABS 15;Plasty;101;Příjem zboží na objednávku;S;713,060;KG;36,41;25962,51;CZK;;Wurth s.r.o.;;SN9863;;;;HORAKT;4010 Nákup
29.05.2026;29.05.2026;4900001725;1;2000;0003;5000127;Kryt převodovky D532;Hotový výrobek;131;Příjem z výroby;S;7,000;KS;1451,50;10160,50;CZK;VZ400033;;;SV1326;;;;KUCERAL;5020 Výroba montáž
29.05.2026;29.05.2026;4900001923;1;2000;0003;5000124;Dopravník pásový A794;Hotový výrobek;131;Příjem z výroby;S;34,000;KS;1487,77;50584,18;CZK;VZ400140;;;SV1020;;;;NOVAKJ;5020 Výroba montáž
29.05.2026;29.05.2026;4900002079;1;2000;0003;5000134;Dopravník pásový E794;Hotový výrobek;131;Příjem z výroby;S;39,000;KS;1976,93;77100,27;CZK;VZ400242;;;SV9668;;;;SVOBODM;5020 Výroba montáž
29.05.2026;29.05.2026;4900002087;1;1000;0003;5000144;Dopravník pásový C168;Hotový výrobek;131;Příjem z výroby;S;36,000;KS;1636,34;58908,24;CZK;VZ400252;;;SV4314;;;;CERNAT;5020 Výroba montáž
29.05.2026;29.05.2026;4900002157;1;2000;0003;5000139;Ventilová jednotka D215;Hotový výrobek;601;Výdej při dodání zákazníkovi;H;-18,000;KS;3887,14;-69968,52;CZK;;;Tatra Trucks a.s.;SV7749;106332,30;69968,52;18556,88;HORAKT;6010 Expedice
29.05.2026;29.05.2026;4900002158;1;2000;0003;5000139;Ventilová jednotka D215;Hotový výrobek;601;Výdej při dodání zákazníkovi;H;-6,000;KS;3887,14;-23322,84;CZK;;;Vítkovice Machinery;SV6798;34520,82;23322,84;6494,22;HORAKT;6010 Expedice
29.05.2026;29.05.2026;4900002171;1;2000;0003;5000117;Kryt převodovky F393;Hotový výrobek;601;Výdej při dodání zákazníkovi;H;-20,000;KS;6197,29;-123945,80;CZK;;;Juta a.s.;SV7814;177803,10;123945,80;39135,57;HORAKT;6010 Expedice
29.05.2026;29.05.2026;4900002183;1;1000;0003;5000149;Ventilová jednotka B989;Hotový výrobek;601;Výdej při dodání zákazníkovi;H;-13,000;KS;1674,23;-21764,99;CZK;;;Continental Automotive;SV1529;31495,35;21764,99;5954,61;SVOBODM;6010 Expedice
29.05.2026;29.05.2026;4900002184;1;1000;0003;5000149;Ventilová jednotka B989;Hotový výrobek;601;Výdej při dodání zákazníkovi;H;-16,000;KS;1674,23;-26787,68;CZK;;;Magna Exteriors Bohemia;SV2529;37938,36;26787,68;8419,72;SVOBODM;6010 Expedice
29.05.2026;29.05.2026;4900002190;1;2000;0003;5000121;Převodovka šneková D513;Hotový výrobek;601;Výdej při dodání zákazníkovi;H;-4,000;KS;9506,76;-38027,04;CZK;;;Hanon Systems Autopal;SV6736;58141,84;38027,04;12882,46;NOVAKJ;6010 Expedice
29.05.2026;29.05.2026;4900002191;1;2000;0003;5000121;Převodovka šneková D513;Hotový výrobek;601;Výdej při dodání zákazníkovi;H;-2,000;KS;9506,76;-19013,52;CZK;;;Hella Autotechnik Nova;SV2658;25348,89;19013,52;4666,94;KUCERAL;6010 Expedice
29.05.2026;29.05.2026;4900002203;1;1000;0003;5000104;Dopravník pásový E932;Hotový výrobek;601;Výdej při dodání zákazníkovi;H;-10,000;KS;2436,00;-24360,00;CZK;;;Tatra Trucks a.s.;SV9399;34498,07;24360,00;6120,75;CERNAT;6010 Expedice
29.05.2026;29.05.2026;4900002221;1;2000;0003;5000127;Kryt převodovky D532;Hotový výrobek;601;Výdej při dodání zákazníkovi;H;-7,000;KS;1451,50;-10160,50;CZK;;;Magna Exteriors Bohemia;SV6549;16363,51;10160,50;2950,02;NOVAKJ;6010 Expedice
29.05.2026;29.05.2026;4900002234;1;2000;0003;5000119;Ventilová jednotka B766;Hotový výrobek;601;Výdej při dodání zákazníkovi;H;-31,000;KS;5908,29;-183156,99;CZK;;;Witte Automotive;SV6667;260922,47;183156,99;46897,21;VESELAM;6010 Expedice
29.05.2026;29.05.2026;4900002240;1;1000;0003;5000145;Hydraulický agregát D249;Hotový výrobek;601;Výdej při dodání zákazníkovi;H;-16,000;KS;13840,02;-221440,32;CZK;;;Strojírny Prostějov a.s.;SV4398;326972,33;221440,32;69871,28;PROCHAZ;6010 Expedice
29.05.2026;29.05.2026;4900002241;1;1000;0003;5000145;Hydraulický agregát D249;Hotový výrobek;601;Výdej při dodání zákazníkovi;H;-9,000;KS;13840,02;-124560,18;CZK;;;Koyo Bearings ČR;SV5805;177342,54;124560,18;31274,35;DVORAKP;6010 Expedice
29.05.2026;29.05.2026;4900002242;1;1000;0003;5000145;Hydraulický agregát D249;Hotový výrobek;601;Výdej při dodání zákazníkovi;H;-15,000;KS;13840,02;-207600,30;CZK;;;Strojírny Prostějov a.s.;SV3578;297709,63;207600,30;63368,16;KUCERAL;6010 Expedice
29.05.2026;29.05.2026;4900002254;1;1000;0003;5000112;Rám podvozkový A238;Hotový výrobek;601;Výdej při dodání zákazníkovi;H;-6,000;KS;1349,43;-8096,58;CZK;;;Bonatrans Group a.s.;SV3740;12275,83;8096,58;2461,93;VESELAM;6010 Expedice
29.05.2026;29.05.2026;4900002281;1;1000;0003;5000148;Konzole montážní A793;Hotový výrobek;601;Výdej při dodání zákazníkovi;H;-39,000;KS;7570,47;-295248,33;CZK;;;Bonatrans Group a.s.;SV4874;433938,21;295248,33;90244,48;VESELAM;6010 Expedice
29.05.2026;29.05.2026;4900002290;1;2000;0003;5000138;Konzole montážní C661;Hotový výrobek;601;Výdej při dodání zákazníkovi;H;-14,000;KS;11642,23;-162991,22;CZK;;;Witte Automotive;SV5382;221022,77;162991,22;45286,10;CERNAT;6010 Expedice
29.05.2026;29.05.2026;4900002292;1;1000;0003;5000136;Svařenec nosný A321;Hotový výrobek;601;Výdej při dodání zákazníkovi;H;-3,000;KS;13945,05;-41835,15;CZK;;;Hanon Systems Autopal;SV2548;57611,49;41835,15;10594,67;VESELAM;6010 Expedice
29.05.2026;29.05.2026;4900002321;1;1000;0003;5000110;Čerpadlo odstředivé E673;Hotový výrobek;601;Výdej při dodání zákazníkovi;H;-6,000;KS;1588,38;-9530,28;CZK;;;Juta a.s.;SV3268;14937,06;9530,28;2774,23;KUCERAL;6010 Expedice
29.05.2026;29.05.2026;4900002322;1;1000;0003;5000110;Čerpadlo odstředivé E673;Hotový výrobek;601;Výdej při dodání zákazníkovi;H;-7,000;KS;1588,38;-11118,66;CZK;;;Continental Automotive;SV8442;18054,24;11118,66;3641,60;DVORAKP;6010 Expedice
29.05.2026;29.05.2026;4900002325;1;1000;0003;5000146;Svařenec nosný E906;Hotový výrobek;601;Výdej při dodání zákazníkovi;H;-11,000;KS;3723,23;-40955,53;CZK;;;Mubea CZ s.r.o.;SV2171;65887,99;40955,53;13648,11;CERNAT;6010 Expedice
29.05.2026;29.05.2026;4900002326;1;1000;0003;5000146;Svařenec nosný E906;Hotový výrobek;601;Výdej při dodání zákazníkovi;H;-7,000;KS;3723,23;-26062,61;CZK;;;Hella Autotechnik Nova;SV4113;35266,67;26062,61;6771,35;CERNAT;6010 Expedice
29.05.2026;29.05.2026;4900002364;1;1000;0003;5000115;Hydraulický agregát D743;Hotový výrobek;601;Výdej při dodání zákazníkovi;H;-24,000;KS;2017,76;-48426,24;CZK;;;Škoda Auto a.s.;SV8233;70938,43;48426,24;15529,29;VESELAM;6010 Expedice
29.05.2026;29.05.2026;4900002368;1;2000;0003;5000123;Skříň rozvaděče F976;Hotový výrobek;601;Výdej při dodání zákazníkovi;H;-10,000;KS;9763,80;-97638,00;CZK;;;Koyo Bearings ČR;SV9449;102629,87;97638,00;20545,41;SVOBODM;6010 Expedice
29.05.2026;29.05.2026;4900002388;1;1000;0003;5000145;Hydraulický agregát D249;Hotový výrobek;601;Výdej při dodání zákazníkovi;H;-11,000;KS;13840,02;-152240,22;CZK;;;Bonatrans Group a.s.;SV8540;209116,96;152240,22;41935,97;DVORAKP;6010 Expedice
29.05.2026;29.05.2026;4900002397;1;2000;0003;5000127;Kryt převodovky D532;Hotový výrobek;601;Výdej při dodání zákazníkovi;H;-9,000;KS;1451,50;-13063,50;CZK;;;Tatra Trucks a.s.;SV1067;20627,84;13063,50;3592,06;HORAKT;6010 Expedice
29.05.2026;29.05.2026;4900002398;1;2000;0003;5000127;Kryt převodovky D532;Hotový výrobek;601;Výdej při dodání zákazníkovi;H;-17,000;KS;1451,50;-24675,50;CZK;;;Linet spol. s r.o.;SV3115;38343,91;24675,50;8779,27;PROCHAZ;6010 Expedice
29.05.2026;29.05.2026;4900002408;1;1000;0003;5000104;Dopravník pásový E932;Hotový výrobek;601;Výdej při dodání zákazníkovi;H;-27,000;KS;2436,00;-65772,00;CZK;;;Hella Autotechnik Nova;SV2787;76112,94;65772,00;16251,52;SVOBODM;6010 Expedice
29.05.2026;29.05.2026;4900002410;1;2000;0003;5000100;Čerpadlo odstředivé A594;Hotový výrobek;601;Výdej při dodání zákazníkovi;H;-10,000;KS;1079,41;-10794,10;CZK;;;Vítkovice Machinery;SV6030;16707,85;10794,10;3817,47;KUCERAL;6010 Expedice
29.05.2026;29.05.2026;4900002411;1;2000;0003;5000100;Čerpadlo odstředivé A594;Hotový výrobek;601;Výdej při dodání zákazníkovi;H;-13,000;KS;1079,41;-14032,33;CZK;;;Linet spol. s r.o.;SV4818;21659,73;14032,33;4439,37;VESELAM;6010 Expedice
29.05.2026;29.05.2026;4900002412;1;2000;0003;5000100;Čerpadlo odstředivé A594;Hotový výrobek;601;Výdej při dodání zákazníkovi;H;-10,000;KS;1079,41;-10794,10;CZK;;;Hanon Systems Autopal;SV3556;16939,34;10794,10;2899,43;VESELAM;6010 Expedice
29.05.2026;29.05.2026;4900002413;1;2000;0003;5000124;Dopravník pásový A794;Hotový výrobek;601;Výdej při dodání zákazníkovi;H;-34,000;KS;1487,77;-50584,18;CZK;;;Koyo Bearings ČR;SV4697;69951,95;50584,18;13042,08;HORAKT;6010 Expedice
29.05.2026;29.05.2026;4900002427;1;1000;0003;5000141;Převodovka šneková F508;Hotový výrobek;601;Výdej při dodání zákazníkovi;H;-6,000;KS;1789,06;-10734,36;CZK;;;Tatra Trucks a.s.;SV1405;11451,04;10734,36;2318,85;KUCERAL;6010 Expedice
29.05.2026;29.05.2026;4900002428;1;2000;0003;5000100;Čerpadlo odstředivé A594;Hotový výrobek;601;Výdej při dodání zákazníkovi;H;-4,000;KS;1079,41;-4317,64;CZK;;;Magna Exteriors Bohemia;SV3398;6854,20;4317,64;1166,17;NOVAKJ;6010 Expedice
29.05.2026;29.05.2026;4900002429;1;2000;0003;5000100;Čerpadlo odstředivé A594;Hotový výrobek;601;Výdej při dodání zákazníkovi;H;-1,000;KS;1079,41;-1079,41;CZK;;;Hella Autotechnik Nova;SV7788;1482,00;1079,41;326,32;PROCHAZ;6010 Expedice
29.05.2026;29.05.2026;4900002430;1;2000;0003;5000100;Čerpadlo odstředivé A594;Hotový výrobek;601;Výdej při dodání zákazníkovi;H;-2,000;KS;1079,41;-2158,82;CZK;;;Škoda Auto a.s.;SV7927;3228,04;2158,82;678,75;CERNAT;6010 Expedice
29.05.2026;29.05.2026;4900002454;1;1000;0003;5000115;Hydraulický agregát D743;Hotový výrobek;601;Výdej při dodání zákazníkovi;H;-7,000;KS;2017,76;-14124,32;CZK;;;Strojírny Prostějov a.s.;SV1679;20739,44;14124,32;3595,33;PROCHAZ;6010 Expedice
29.05.2026;29.05.2026;4900002460;1;1000;0003;5000148;Konzole montážní A793;Hotový výrobek;601;Výdej při dodání zákazníkovi;H;-3,000;KS;7570,47;-22711,41;CZK;;;Bonatrans Group a.s.;SV5464;34949,19;22711,41;7865,92;VESELAM;6010 Expedice
29.05.2026;29.05.2026;4900002461;1;1000;0003;5000148;Konzole montážní A793;Hotový výrobek;601;Výdej při dodání zákazníkovi;H;-3,000;KS;7570,47;-22711,41;CZK;;;Tatra Trucks a.s.;SV2614;32629,90;22711,41;6452,15;DVORAKP;6010 Expedice
29.05.2026;29.05.2026;4900002479;1;1000;0003;5000133;Skříň rozvaděče D196;Hotový výrobek;601;Výdej při dodání zákazníkovi;H;-13,000;KS;20147,73;-261920,49;CZK;;;Škoda Auto a.s.;SV7737;413068,37;261920,49;89431,95;VESELAM;6010 Expedice
29.05.2026;29.05.2026;4900002506;1;2000;0003;5000128;Konzole montážní E878;Hotový výrobek;601;Výdej při dodání zákazníkovi;H;-15,000;KS;2954,77;-44321,55;CZK;;;Agrostroj Pelhřimov a.s.;SV2826;70669,82;44321,55;14611,97;NOVAKJ;6010 Expedice
29.05.2026;29.05.2026;4900002515;1;1000;0003;5000116;Svařenec nosný E926;Hotový výrobek;601;Výdej při dodání zákazníkovi;H;-12,000;KS;635,56;-7626,72;CZK;;;Strojírny Prostějov a.s.;SV3783;11268,40;7626,72;2456,89;VESELAM;6010 Expedice
29.05.2026;29.05.2026;4900002522;1;2000;0003;5000137;Kryt převodovky B734;Hotový výrobek;601;Výdej při dodání zákazníkovi;H;-25,000;KS;4419,44;-110486,00;CZK;;;Continental Automotive;SV8232;166261,05;110486,00;37927,08;VESELAM;6010 Expedice
29.05.2026;29.05.2026;4900002555;1;2000;0003;5000134;Dopravník pásový E794;Hotový výrobek;601;Výdej při dodání zákazníkovi;H;-24,000;KS;1976,93;-47446,32;CZK;;;Brose CZ spol. s r.o.;SV7987;68887,94;47446,32;13550,32;NOVAKJ;6010 Expedice
29.05.2026;29.05.2026;4900002556;1;2000;0003;5000134;Dopravník pásový E794;Hotový výrobek;601;Výdej při dodání zákazníkovi;H;-15,000;KS;1976,93;-29653,95;CZK;;;Witte Automotive;SV2280;41497,79;29653,95;8702,72;KUCERAL;6010 Expedice
29.05.2026;29.05.2026;4900002562;1;1000;0003;5000116;Svařenec nosný E926;Hotový výrobek;601;Výdej při dodání zákazníkovi;H;-6,000;KS;635,56;-3813,36;CZK;;;Mubea CZ s.r.o.;SV8443;5525,30;3813,36;1257,87;DVORAKP;6010 Expedice
29.05.2026;29.05.2026;4900002563;1;1000;0003;5000116;Svařenec nosný E926;Hotový výrobek;601;Výdej při dodání zákazníkovi;H;-6,000;KS;635,56;-3813,36;CZK;;;Zetor Tractors a.s.;SV4561;5628,77;3813,36;1180,75;PROCHAZ;6010 Expedice
29.05.2026;29.05.2026;4900002565;1;1000;0003;5000144;Dopravník pásový C168;Hotový výrobek;601;Výdej při dodání zákazníkovi;H;-23,000;KS;1636,34;-37635,82;CZK;;;Hella Autotechnik Nova;SV1757;43905,71;37635,82;8397,99;PROCHAZ;6010 Expedice
29.05.2026;29.05.2026;4900002566;1;1000;0003;5000144;Dopravník pásový C168;Hotový výrobek;601;Výdej při dodání zákazníkovi;H;-13,000;KS;1636,34;-21272,42;CZK;;;Hanon Systems Autopal;SV9828;28307,40;21272,42;5803,94;DVORAKP;6010 Expedice
29.05.2026;29.05.2026;4900002584;1;2000;0003;5000106;Svařenec nosný A522;Hotový výrobek;601;Výdej při dodání zákazníkovi;H;-4,000;KS;2684,98;-10739,92;CZK;;;Hanon Systems Autopal;SV3741;14300,06;10739,92;2894,26;KUCERAL;6010 Expedice
29.05.2026;29.05.2026;4900002586;1;2000;0003;5000106;Svařenec nosný A522;Hotový výrobek;601;Výdej při dodání zákazníkovi;H;-6,000;KS;2684,98;-16109,88;CZK;;;Strojírny Prostějov a.s.;SV5505;21161,62;16109,88;4080,19;HORAKT;6010 Expedice
29.05.2026;29.05.2026;4900002595;1;2000;0003;5000137;Kryt převodovky B734;Hotový výrobek;601;Výdej při dodání zákazníkovi;H;-4,000;KS;4419,44;-17677,76;CZK;;;Hanon Systems Autopal;SV6705;25452,72;17677,76;4926,14;PROCHAZ;6010 Expedice
29.05.2026;29.05.2026;4900002600;1;1000;0003;5000142;Rám podvozkový A874;Hotový výrobek;601;Výdej při dodání zákazníkovi;H;-15,000;KS;7208,74;-108131,10;CZK;;;Bonatrans Group a.s.;SV9454;160565,17;108131,10;33379,34;NOVAKJ;6010 Expedice
29.05.2026;29.05.2026;4900002601;1;1000;0003;5000142;Rám podvozkový A874;Hotový výrobek;601;Výdej při dodání zákazníkovi;H;-17,000;KS;7208,74;-122548,58;CZK;;;Mubea CZ s.r.o.;SV5318;178538,25;122548,58;31823,46;NOVAKJ;6010 Expedice
29.05.2026;29.05.2026;4900002609;1;2000;0003;5000125;Hydraulický agregát B836;Hotový výrobek;601;Výdej při dodání zákazníkovi;H;-6,000;KS;3170,53;-19023,18;CZK;;;Tatra Trucks a.s.;SV9327;29970,77;19023,18;5669,27;KUCERAL;6010 Expedice
29.05.2026;29.05.2026;4900002610;1;2000;0003;5000125;Hydraulický agregát B836;Hotový výrobek;601;Výdej při dodání zákazníkovi;H;-2,000;KS;3170,53;-6341,06;CZK;;;Vítkovice Machinery;SV2280;10012,32;6341,06;2142,57;CERNAT;6010 Expedice
29.05.2026;29.05.2026;4900002611;1;2000;0003;5000125;Hydraulický agregát B836;Hotový výrobek;601;Výdej při dodání zákazníkovi;H;-2,000;KS;3170,53;-6341,06;CZK;;;Brose CZ spol. s r.o.;SV6271;10039,25;6341,06;2147,31;CERNAT;6010 Expedice